model,dataset,date,inflation_type,true_target,pred_target,true_idx,pred_idx
linear_regression,val_2019_2022,2019-01-01,non_food,0.6400000000000006,7.373772444750134,100.64,107.37377244475013
linear_regression,val_2019_2022,2019-01-01,services,1.1299999999999955,7.731030900391847,101.13,107.73103090039184
linear_regression,val_2019_2022,2019-01-01,food,1.269999999999996,7.822294912442475,101.27,107.82229491244247
linear_regression,val_2019_2022,2019-01-01,total,1.0100000000000051,7.589399298053669,101.01,107.58939929805366
linear_regression,val_2019_2022,2019-02-01,food,0.7900000000000063,-1.9998647511576708,100.79,98.00013524884233
linear_regression,val_2019_2022,2019-02-01,non_food,0.2600000000000051,-2.3877443006503,100.26,97.6122556993497
linear_regression,val_2019_2022,2019-02-01,services,0.20000000000000284,-1.8406512962156665,100.2,98.15934870378433
linear_regression,val_2019_2022,2019-02-01,total,0.4399999999999977,-2.1430152839369736,100.44,97.85698471606302
linear_regression,val_2019_2022,2019-03-01,total,0.3199999999999932,-2.6237576218508094,100.32,97.37624237814919
linear_regression,val_2019_2022,2019-03-01,services,0.12999999999999545,-2.3080955171365005,100.13,97.69190448286349
linear_regression,val_2019_2022,2019-03-01,non_food,0.25,-2.8289259976266967,100.25,97.1710740023733
linear_regression,val_2019_2022,2019-03-01,food,0.5300000000000011,-2.5272003719719898,100.53,97.47279962802801
linear_regression,val_2019_2022,2019-04-01,non_food,0.18999999999999773,-2.4410460362327058,100.19,97.5589539637673
linear_regression,val_2019_2022,2019-04-01,food,0.4300000000000068,-2.2550140303916164,100.43,97.74498596960838
linear_regression,val_2019_2022,2019-04-01,services,0.20999999999999375,-1.9460096189920142,100.21,98.05399038100799
linear_regression,val_2019_2022,2019-04-01,total,0.29000000000000625,-2.2869295637046516,100.29,97.71307043629535
linear_regression,val_2019_2022,2019-05-01,non_food,0.20999999999999375,-2.850772907791564,100.21,97.14922709220843
linear_regression,val_2019_2022,2019-05-01,services,0.39000000000000057,-2.3560756216542567,100.39,97.64392437834574
linear_regression,val_2019_2022,2019-05-01,food,0.4099999999999966,-2.643434076503734,100.41,97.35656592349626
linear_regression,val_2019_2022,2019-05-01,total,0.3400000000000034,-2.687164729831091,100.34,97.3128352701689
linear_regression,val_2019_2022,2019-06-01,non_food,0.1700000000000017,-2.588704323809151,100.17,97.41129567619085
linear_regression,val_2019_2022,2019-06-01,total,0.04000000000000625,-2.439204323559103,100.04,97.5607956764409
linear_regression,val_2019_2022,2019-06-01,services,0.5999999999999943,-2.119409921732214,100.6,97.88059007826779
linear_regression,val_2019_2022,2019-06-01,food,-0.480000000000004,-2.4001914003167935,99.52,97.5998085996832
linear_regression,val_2019_2022,2019-07-01,non_food,0.1700000000000017,-2.501699817622492,100.17,97.4983001823775
linear_regression,val_2019_2022,2019-07-01,food,-0.29999999999999716,-2.3296331115965296,99.7,97.67036688840346
linear_regression,val_2019_2022,2019-07-01,services,0.9300000000000068,-2.046018940187971,100.93,97.95398105981202
linear_regression,val_2019_2022,2019-07-01,total,0.20000000000000284,-2.3630259469438855,100.2,97.63697405305612
linear_regression,val_2019_2022,2019-08-01,services,0.18000000000000682,-2.9072347737878506,100.18,97.09276522621215
linear_regression,val_2019_2022,2019-08-01,non_food,0.1700000000000017,-3.4877241827342305,100.17,96.51227581726577
linear_regression,val_2019_2022,2019-08-01,total,-0.23999999999999488,-3.3053930415931347,99.76,96.69460695840687
linear_regression,val_2019_2022,2019-08-01,food,-0.9099999999999966,-3.289352877086336,99.09,96.71064712291367
linear_regression,val_2019_2022,2019-09-01,services,-0.23000000000000398,-1.7042077924900996,99.77,98.2957922075099
linear_regression,val_2019_2022,2019-09-01,non_food,0.18999999999999773,-2.2144685116991925,100.19,97.7855314883008
linear_regression,val_2019_2022,2019-09-01,total,-0.1599999999999966,-2.0784378239841708,99.84,97.92156217601583
linear_regression,val_2019_2022,2019-09-01,food,-0.4399999999999977,-2.0850755044191667,99.56,97.91492449558083
linear_regression,val_2019_2022,2019-10-01,non_food,0.3100000000000023,-2.721289338879102,100.31,97.2787106611209
linear_regression,val_2019_2022,2019-10-01,total,0.12999999999999545,-2.5981947689830474,100.13,97.40180523101695
linear_regression,val_2019_2022,2019-10-01,food,0.18000000000000682,-2.563375631831308,100.18,97.4366243681687
linear_regression,val_2019_2022,2019-10-01,services,-0.18000000000000682,-2.299342924659145,99.82,97.70065707534086
linear_regression,val_2019_2022,2019-11-01,total,0.28000000000000114,-2.676172272012897,100.28,97.32382772798711
linear_regression,val_2019_2022,2019-11-01,services,0.10999999999999943,-2.442718166478918,100.11,97.55728183352109
linear_regression,val_2019_2022,2019-11-01,food,0.45000000000000284,-2.5923017378827353,100.45,97.40769826211726
linear_regression,val_2019_2022,2019-11-01,non_food,0.23000000000000398,-2.8045377127153666,100.23,97.19546228728463
linear_regression,val_2019_2022,2019-12-01,total,0.35999999999999943,-2.6400944325153475,100.36,97.35990556748465
linear_regression,val_2019_2022,2019-12-01,services,0.23999999999999488,-2.415922132355857,100.24,97.58407786764414
linear_regression,val_2019_2022,2019-12-01,non_food,0.14000000000000057,-2.795680252156039,100.14,97.20431974784395
linear_regression,val_2019_2022,2019-12-01,food,0.6500000000000057,-2.525271134362365,100.65,97.47472886563763
linear_regression,val_2019_2022,2020-01-01,non_food,0.23000000000000398,7.0413333420868,100.23,107.0413333420868
linear_regression,val_2019_2022,2020-01-01,services,0.23999999999999488,7.456481279135055,100.24,107.45648127913506
linear_regression,val_2019_2022,2020-01-01,total,0.4000000000000057,7.215308922222435,100.4,107.21530892222243
linear_regression,val_2019_2022,2020-01-01,food,0.6899999999999977,7.335387978984861,100.69,107.33538797898485
linear_regression,val_2019_2022,2020-02-01,food,0.5699999999999932,-2.4736281358572514,100.57,97.52637186414275
linear_regression,val_2019_2022,2020-02-01,non_food,0.04000000000000625,-2.7701350047008857,100.04,97.22986499529911
linear_regression,val_2019_2022,2020-02-01,services,0.37000000000000455,-2.2720186482098432,100.37,97.72798135179016
linear_regression,val_2019_2022,2020-02-01,total,0.3299999999999983,-2.5733435766042305,100.33,97.42665642339577
linear_regression,val_2019_2022,2020-03-01,total,0.5499999999999972,-3.0119061038824366,100.55,96.98809389611756
linear_regression,val_2019_2022,2020-03-01,food,0.9599999999999937,-2.967547853378429,100.96,97.03245214662157
linear_regression,val_2019_2022,2020-03-01,services,0.09000000000000341,-2.6337684609668885,100.09,97.36623153903311
linear_regression,val_2019_2022,2020-03-01,non_food,0.480000000000004,-3.2093487647198904,100.48,96.79065123528011
linear_regression,val_2019_2022,2020-04-01,food,1.7199999999999989,-2.5642943328634837,101.72,97.43570566713652
linear_regression,val_2019_2022,2020-04-01,services,0.12000000000000455,-2.2838849076578596,100.12,97.71611509234214
linear_regression,val_2019_2022,2020-04-01,non_food,0.4399999999999977,-2.7482150269340933,100.44,97.25178497306591
linear_regression,val_2019_2022,2020-04-01,total,0.8299999999999983,-2.603714255615909,100.83,97.39628574438409
linear_regression,val_2019_2022,2020-05-01,food,0.1599999999999966,-2.7860909398863845,100.16,97.21390906011362
linear_regression,val_2019_2022,2020-05-01,services,0.45999999999999375,-2.6903908753655275,100.46,97.30960912463448
linear_regression,val_2019_2022,2020-05-01,total,0.269999999999996,-2.91344235369902,100.27,97.08655764630097
linear_regression,val_2019_2022,2020-05-01,non_food,0.25,-3.076167755547604,100.25,96.9238322444524
linear_regression,val_2019_2022,2020-06-01,food,0.1700000000000017,-2.6391135778910213,100.17,97.36088642210898
linear_regression,val_2019_2022,2020-06-01,services,0.12000000000000455,-2.417311793813991,100.12,97.582688206186
linear_regression,val_2019_2022,2020-06-01,total,0.21999999999999886,-2.693933972866473,100.22,97.30606602713353
linear_regression,val_2019_2022,2020-06-01,non_food,0.3400000000000034,-2.820620774597839,100.34,97.17937922540216
linear_regression,val_2019_2022,2020-07-01,total,0.3499999999999943,-2.6226442014332303,100.35,97.37735579856677
linear_regression,val_2019_2022,2020-07-01,services,0.9899999999999949,-2.3849373165279735,100.99,97.61506268347203
linear_regression,val_2019_2022,2020-07-01,food,-0.06999999999999318,-2.5678442633801346,99.93,97.43215573661986
linear_regression,val_2019_2022,2020-07-01,non_food,0.29000000000000625,-2.7233467388384573,100.29,97.27665326116154
linear_regression,val_2019_2022,2020-08-01,total,-0.04000000000000625,-3.604264041087964,99.96,96.39573595891204
linear_regression,val_2019_2022,2020-08-01,food,-0.769999999999996,-3.5914309093383014,99.23,96.4085690906617
linear_regression,val_2019_2022,2020-08-01,non_food,0.4099999999999966,-3.736443122087114,100.41,96.26355687791289
linear_regression,val_2019_2022,2020-08-01,services,0.37000000000000455,-3.270420603210403,100.37,96.7295793967896
linear_regression,val_2019_2022,2020-09-01,total,-0.06999999999999318,-2.35643694680841,99.93,97.64356305319158
linear_regression,val_2019_2022,2020-09-01,food,-0.4099999999999966,-2.4028367088258387,99.59,97.59716329117416
linear_regression,val_2019_2022,2020-09-01,non_food,0.5600000000000023,-2.455431457942203,100.56,97.5445685420578
linear_regression,val_2019_2022,2020-09-01,services,-0.4200000000000017,-1.9855949274243505,99.58,98.01440507257566
linear_regression,val_2019_2022,2020-10-01,services,-0.12999999999999545,-2.601988446470817,99.87,97.39801155352919
linear_regression,val_2019_2022,2020-10-01,total,0.4300000000000068,-2.8761914047551365,100.43,97.12380859524487
linear_regression,val_2019_2022,2020-10-01,food,0.6200000000000045,-2.908716129961234,100.62,97.09128387003877
linear_regression,val_2019_2022,2020-10-01,non_food,0.6800000000000068,-2.913106807446561,100.68,97.08689319255343
linear_regression,val_2019_2022,2020-11-01,non_food,0.5799999999999983,-2.9485518780012496,100.58,97.05144812199875
linear_regression,val_2019_2022,2020-11-01,total,0.7099999999999937,-2.8655340386904324,100.71,97.13446596130957
linear_regression,val_2019_2022,2020-11-01,services,0.04999999999999716,-2.7475182178051556,100.05,97.25248178219485
linear_regression,val_2019_2022,2020-11-01,food,1.3400000000000034,-2.7370960176434425,101.34,97.26290398235656
linear_regression,val_2019_2022,2020-12-01,services,0.4200000000000017,-2.70263869581792,100.42,97.29736130418208
linear_regression,val_2019_2022,2020-12-01,non_food,0.4000000000000057,-2.929101122130774,100.4,97.07089887786923
linear_regression,val_2019_2022,2020-12-01,food,1.5300000000000011,-2.5447476572239447,101.53,97.45525234277605
linear_regression,val_2019_2022,2020-12-01,total,0.8299999999999983,-2.7761765066376434,100.83,97.22382349336236
linear_regression,val_2019_2022,2021-01-01,non_food,0.5300000000000011,6.9316500176861515,100.53,106.93165001768615
linear_regression,val_2019_2022,2021-01-01,food,1.0100000000000051,7.453847988202153,101.01,107.45384798820216
linear_regression,val_2019_2022,2021-01-01,total,0.6700000000000017,7.15583056233359,100.67,107.15583056233359
linear_regression,val_2019_2022,2021-01-01,services,0.37999999999999545,7.224070210861138,100.38,107.22407021086114
linear_regression,val_2019_2022,2021-02-01,total,0.7800000000000011,-2.6396885551080596,100.78,97.36031144489193
linear_regression,val_2019_2022,2021-02-01,food,1.2199999999999989,-2.389610170751048,101.22,97.61038982924896
linear_regression,val_2019_2022,2021-02-01,services,0.4399999999999977,-2.509972381967221,100.44,97.49002761803278
linear_regression,val_2019_2022,2021-02-01,non_food,0.5799999999999983,-2.8626780156679263,100.58,97.13732198433208
linear_regression,val_2019_2022,2021-03-01,total,0.6599999999999966,-3.059225930994934,100.66,96.94077406900507
linear_regression,val_2019_2022,2021-03-01,food,0.8199999999999932,-2.882355644844755,100.82,97.11764435515525
linear_regression,val_2019_2022,2021-03-01,non_food,0.7199999999999989,-3.267752928036045,100.72,96.73224707196395
linear_regression,val_2019_2022,2021-03-01,services,0.37000000000000455,-2.8493790121559393,100.37,97.15062098784406
linear_regression,val_2019_2022,2021-04-01,total,0.5799999999999983,-2.73136658914175,100.58,97.26863341085826
linear_regression,val_2019_2022,2021-04-01,services,0.21999999999999886,-2.482480454931973,100.22,97.51751954506803
linear_regression,val_2019_2022,2021-04-01,non_food,0.6599999999999966,-2.827056689382384,100.66,97.17294331061761
linear_regression,val_2019_2022,2021-04-01,food,0.75,-2.689477020668723,100.75,97.31052297933128
linear_regression,val_2019_2022,2021-05-01,non_food,0.7399999999999949,-3.150688115752181,100.74,96.84931188424783
linear_regression,val_2019_2022,2021-05-01,services,0.4399999999999977,-2.9005451019039983,100.44,97.099454898096
linear_regression,val_2019_2022,2021-05-01,total,0.7399999999999949,-3.1001378695623867,100.74,96.89986213043761
linear_regression,val_2019_2022,2021-05-01,food,0.9599999999999937,-3.068102594425434,100.96,96.93189740557456
linear_regression,val_2019_2022,2021-06-01,total,0.6899999999999977,-2.799927905255574,100.69,97.20007209474443
linear_regression,val_2019_2022,2021-06-01,non_food,0.6800000000000068,-2.853207066371218,100.68,97.14679293362879
linear_regression,val_2019_2022,2021-06-01,services,0.7600000000000051,-2.6308523167861635,100.76,97.36914768321384
linear_regression,val_2019_2022,2021-06-01,food,0.6400000000000006,-2.738966918815736,100.64,97.26103308118427
linear_regression,val_2019_2022,2021-07-01,food,-0.5,-2.571503462668745,99.5,97.42849653733126
linear_regression,val_2019_2022,2021-07-01,total,0.3100000000000023,-2.6660806319953654,100.31,97.33391936800463
linear_regression,val_2019_2022,2021-07-01,non_food,0.769999999999996,-2.751520444521014,100.77,97.24847955547898
linear_regression,val_2019_2022,2021-07-01,services,0.8799999999999955,-2.5026073656204,100.88,97.4973926343796
linear_regression,val_2019_2022,2021-08-01,total,0.1700000000000017,-3.7003551385912434,100.17,96.29964486140875
linear_regression,val_2019_2022,2021-08-01,non_food,0.7999999999999972,-3.7459163993503273,100.8,96.25408360064968
linear_regression,val_2019_2022,2021-08-01,food,-0.5100000000000051,-3.690617446057531,99.49,96.30938255394247
linear_regression,val_2019_2022,2021-08-01,services,0.3199999999999932,-3.461547561801537,100.32,96.53845243819846
linear_regression,val_2019_2022,2021-09-01,food,0.9899999999999949,-2.418035182771976,100.99,97.58196481722803
linear_regression,val_2019_2022,2021-09-01,total,0.5999999999999943,-2.421548819152303,100.6,97.5784511808477
linear_regression,val_2019_2022,2021-09-01,non_food,0.6400000000000006,-2.456215754877472,100.64,97.54378424512252
linear_regression,val_2019_2022,2021-09-01,services,0.0,-2.186737766561378,100.0,97.81326223343862
linear_regression,val_2019_2022,2021-10-01,non_food,0.7800000000000011,-2.969807877878467,100.78,97.03019212212153
linear_regression,val_2019_2022,2021-10-01,services,0.010000000000005116,-2.7384372652843423,100.01,97.26156273471565
linear_regression,val_2019_2022,2021-10-01,food,2.1700000000000017,-2.727587105058425,102.17,97.27241289494158
linear_regression,val_2019_2022,2021-10-01,total,1.1099999999999994,-2.8675683717032037,101.11,97.1324316282968
linear_regression,val_2019_2022,2021-11-01,services,0.8100000000000023,-2.875009097195604,100.81,97.1249909028044
linear_regression,val_2019_2022,2021-11-01,total,0.9599999999999937,-2.86523361672913,100.96,97.13476638327087
linear_regression,val_2019_2022,2021-11-01,food,1.269999999999996,-2.562322006249338,101.27,97.43767799375067
linear_regression,val_2019_2022,2021-11-01,non_food,0.7199999999999989,-3.0468547208717647,100.72,96.95314527912824
linear_regression,val_2019_2022,2021-12-01,total,0.8199999999999932,-2.8232209031044935,100.82,97.1767790968955
linear_regression,val_2019_2022,2021-12-01,non_food,0.6400000000000006,-3.018614242158587,100.64,96.98138575784141
linear_regression,val_2019_2022,2021-12-01,food,1.3599999999999994,-2.5581830107077543,101.36,97.44181698929225
linear_regression,val_2019_2022,2021-12-01,services,0.2600000000000051,-2.7632649598558956,100.26,97.23673504014411
linear_regression,val_2019_2022,2022-01-01,food,1.4399999999999977,7.349102159807933,101.44,107.34910215980793
linear_regression,val_2019_2022,2022-01-01,services,0.7600000000000051,7.104515338114584,100.76,107.10451533811458
linear_regression,val_2019_2022,2022-01-01,non_food,0.6700000000000017,6.856566914731803,100.67,106.8565669147318
linear_regression,val_2019_2022,2022-01-01,total,0.9899999999999949,7.063468358535355,100.99,107.06346835853536
linear_regression,val_2019_2022,2022-02-01,non_food,0.7800000000000011,-2.949709307502535,100.78,97.05029069249747
linear_regression,val_2019_2022,2022-02-01,food,1.5600000000000023,-2.5559445566122934,101.56,97.44405544338771
linear_regression,val_2019_2022,2022-02-01,services,1.1299999999999955,-2.595209905370763,101.13,97.40479009462923
linear_regression,val_2019_2022,2022-02-01,total,1.1700000000000017,-2.7525074012228252,101.17,97.24749259877717
linear_regression,val_2019_2022,2022-03-01,food,6.730000000000004,-3.0364747182434906,106.73,96.9635252817565
linear_regression,val_2019_2022,2022-03-01,services,3.989999999999995,-2.913951466053823,103.99,97.08604853394618
linear_regression,val_2019_2022,2022-03-01,non_food,11.25,-3.331259552412078,111.25,96.66874044758792
linear_regression,val_2019_2022,2022-03-01,total,7.609999999999999,-3.1556364051115757,107.61,96.84436359488842
linear_regression,val_2019_2022,2022-04-01,total,1.5600000000000023,-1.6927062963806954,101.56,98.30729370361931
linear_regression,val_2019_2022,2022-04-01,services,1.0699999999999932,-1.9940410495975902,101.07,98.00595895040242
linear_regression,val_2019_2022,2022-04-01,food,2.8700000000000045,-1.7978493838125864,102.87,98.20215061618741
linear_regression,val_2019_2022,2022-04-01,non_food,0.5300000000000011,-1.2204669405780626,100.53,98.77953305942194
linear_regression,val_2019_2022,2022-05-01,total,0.12000000000000455,-2.445778019820299,100.12,97.5542219801797
linear_regression,val_2019_2022,2022-05-01,services,-0.3199999999999932,-2.60272139087962,99.68,97.39727860912038
linear_regression,val_2019_2022,2022-05-01,food,0.5999999999999943,-2.2395862835348774,100.6,97.76041371646512
linear_regression,val_2019_2022,2022-05-01,non_food,-0.09000000000000341,-2.414077733573608,99.91,97.5859222664264
linear_regression,val_2019_2022,2022-06-01,total,-0.3499999999999943,-2.5541164765606457,99.65,97.44588352343935
linear_regression,val_2019_2022,2022-06-01,services,0.8799999999999955,-2.631917979968434,100.88,97.36808202003157
linear_regression,val_2019_2022,2022-06-01,non_food,-0.4099999999999966,-2.5830262966113944,99.59,97.4169737033886
linear_regression,val_2019_2022,2022-06-01,food,-1.0999999999999943,-2.3506725270400803,98.9,97.64932747295992
linear_regression,val_2019_2022,2022-07-01,food,-1.5300000000000011,-2.7442439103381604,98.47,97.25575608966184
linear_regression,val_2019_2022,2022-07-01,non_food,-0.4399999999999977,-3.0355977420663196,99.56,96.96440225793368
linear_regression,val_2019_2022,2022-07-01,services,1.4099999999999966,-2.617131983564968,101.41,97.38286801643503
linear_regression,val_2019_2022,2022-07-01,total,-0.39000000000000057,-2.863413306163137,99.61,97.13658669383686
linear_regression,val_2019_2022,2022-08-01,services,0.04999999999999716,-3.50181343325002,100.05,96.49818656674998
linear_regression,val_2019_2022,2022-08-01,total,-0.519999999999996,-3.9537374772644105,99.48,96.04626252273559
linear_regression,val_2019_2022,2022-08-01,food,-1.3599999999999994,-3.9668538192521696,98.64,96.03314618074783
linear_regression,val_2019_2022,2022-08-01,non_food,-0.04999999999999716,-4.131253019555239,99.95,95.86874698044475
linear_regression,val_2019_2022,2022-09-01,non_food,0.15000000000000568,-3.1746689855018255,100.15,96.82533101449818
linear_regression,val_2019_2022,2022-09-01,services,0.5100000000000051,-2.3810157318401366,100.51,97.61898426815986
linear_regression,val_2019_2022,2022-09-01,total,0.04999999999999716,-2.9284099704119946,100.05,97.07159002958801
linear_regression,val_2019_2022,2022-09-01,food,-0.37999999999999545,-2.9508964742875277,99.62,97.04910352571247
linear_regression,val_2019_2022,2022-10-01,services,0.23999999999999488,-2.5967092500928635,100.24,97.40329074990714
linear_regression,val_2019_2022,2022-10-01,food,0.28000000000000114,-3.0079673057406113,100.28,96.9920326942594
linear_regression,val_2019_2022,2022-10-01,non_food,0.04000000000000625,-2.7775046057997885,100.04,97.22249539420021
linear_regression,val_2019_2022,2022-10-01,total,0.18000000000000682,-2.8639718339597096,100.18,97.13602816604029
linear_regression,val_2019_2022,2022-11-01,services,0.7600000000000051,-2.700862213042404,100.76,97.2991377869576
linear_regression,val_2019_2022,2022-11-01,non_food,0.060000000000002274,-2.8520101294673363,100.06,97.14798987053267
linear_regression,val_2019_2022,2022-11-01,food,0.4000000000000057,-2.786206487434124,100.4,97.21379351256587
linear_regression,val_2019_2022,2022-11-01,total,0.37000000000000455,-2.8347916067779195,100.37,97.16520839322209
linear_regression,val_2019_2022,2022-12-01,food,0.5999999999999943,-2.6598813472961096,100.6,97.3401186527039
linear_regression,val_2019_2022,2022-12-01,services,2.0400000000000063,-2.6729337329580742,102.04,97.32706626704193
linear_regression,val_2019_2022,2022-12-01,non_food,0.04999999999999716,-2.8677978792454875,100.05,97.13220212075451
linear_regression,val_2019_2022,2022-12-01,total,0.7800000000000011,-2.784703489933019,100.78,97.21529651006698
linear_regression,test_2023_2024,2023-01-01,food,1.3199999999999932,7.172866847159036,101.32,107.17286684715904
linear_regression,test_2023_2024,2023-01-01,total,0.8400000000000034,7.112317637960221,100.84,107.11231763796022
linear_regression,test_2023_2024,2023-01-01,services,1.0100000000000051,7.427226953985136,101.01,107.42722695398514
linear_regression,test_2023_2024,2023-01-01,non_food,0.20999999999999375,6.9510713838700635,100.21,106.95107138387006
linear_regression,test_2023_2024,2023-02-01,non_food,-0.0799999999999983,-2.9140842462651797,99.92,97.08591575373482
linear_regression,test_2023_2024,2023-02-01,food,0.7900000000000063,-2.6630934145848046,100.79,97.33690658541519
linear_regression,test_2023_2024,2023-02-01,services,0.7199999999999989,-2.366840271690017,100.72,97.63315972830998
linear_regression,test_2023_2024,2023-02-01,total,0.45999999999999375,-2.7249031850577525,100.46,97.27509681494224
linear_regression,test_2023_2024,2023-03-01,non_food,0.14000000000000057,-4.059058117095483,100.14,95.94094188290451
linear_regression,test_2023_2024,2023-03-01,services,0.9699999999999989,-3.0853646741067333,100.97,96.91463532589327
linear_regression,test_2023_2024,2023-03-01,food,0.12999999999999545,-3.5874158987536378,100.13,96.41258410124637
linear_regression,test_2023_2024,2023-03-01,total,0.37000000000000455,-3.6729631909817613,100.37,96.32703680901824
linear_regression,test_2023_2024,2023-04-01,non_food,0.15000000000000568,-3.6318219021907048,100.15,96.36817809780929
linear_regression,test_2023_2024,2023-04-01,total,0.37999999999999545,-3.3829990345653105,100.38,96.61700096543468
linear_regression,test_2023_2024,2023-04-01,food,0.29000000000000625,-3.489954031575098,100.29,96.5100459684249
linear_regression,test_2023_2024,2023-04-01,services,0.7900000000000063,-2.716823425370121,100.79,97.28317657462988
linear_regression,test_2023_2024,2023-05-01,services,1.1299999999999955,-3.067357230840188,101.13,96.93264276915981
linear_regression,test_2023_2024,2023-05-01,total,0.3100000000000023,-3.756683517258245,100.31,96.24331648274176
linear_regression,test_2023_2024,2023-05-01,food,-0.3100000000000023,-3.909398025615819,99.69,96.09060197438419
linear_regression,test_2023_2024,2023-05-01,non_food,0.3400000000000034,-3.9727230690244726,100.34,96.02727693097553
linear_regression,test_2023_2024,2023-06-01,total,0.37000000000000455,-3.4796238510142086,100.37,96.52037614898579
linear_regression,test_2023_2024,2023-06-01,food,-0.010000000000005116,-3.676170637105776,99.99,96.32382936289423
linear_regression,test_2023_2024,2023-06-01,non_food,0.4200000000000017,-3.6402880599045115,100.42,96.3597119400955
linear_regression,test_2023_2024,2023-06-01,services,0.8299999999999983,-2.8071309802706734,100.83,97.19286901972933
linear_regression,test_2023_2024,2023-07-01,total,0.6299999999999955,-3.3119956862530326,100.63,96.68800431374697
linear_regression,test_2023_2024,2023-07-01,services,0.480000000000004,-2.6786137717865754,100.48,97.32138622821343
linear_regression,test_2023_2024,2023-07-01,non_food,0.9099999999999966,-3.4842347755787726,100.91,96.51576522442123
linear_regression,test_2023_2024,2023-07-01,food,0.4899999999999949,-3.47202766048028,100.49,96.52797233951972
linear_regression,test_2023_2024,2023-08-01,total,0.28000000000000114,-4.195553940173636,100.28,95.80444605982636
linear_regression,test_2023_2024,2023-08-01,food,-0.060000000000002274,-4.249975170789553,99.94,95.75002482921045
linear_regression,test_2023_2024,2023-08-01,non_food,1.1400000000000006,-4.378710188956002,101.14,95.621289811044
linear_regression,test_2023_2024,2023-08-01,services,-0.3199999999999932,-3.690363334859409,99.68,96.30963666514059
linear_regression,test_2023_2024,2023-09-01,total,0.8700000000000045,-2.92035255274617,100.87,97.07964744725383
linear_regression,test_2023_2024,2023-09-01,food,0.8599999999999994,-2.9226536598248023,100.86,97.0773463401752
linear_regression,test_2023_2024,2023-09-01,services,0.6099999999999994,-2.5757488094135867,100.61,97.42425119058642
linear_regression,test_2023_2024,2023-09-01,non_food,1.0900000000000034,-3.0287314048685667,101.09,96.97126859513143
linear_regression,test_2023_2024,2023-10-01,food,1.3499999999999943,-3.309345387440586,101.35,96.69065461255941
linear_regression,test_2023_2024,2023-10-01,services,0.480000000000004,-2.962706625959112,100.48,97.03729337404089
linear_regression,test_2023_2024,2023-10-01,total,0.8299999999999983,-3.3280973146816466,100.83,96.67190268531836
linear_regression,test_2023_2024,2023-10-01,non_food,0.5499999999999972,-3.4789597242565398,100.55,96.52104027574346
linear_regression,test_2023_2024,2023-11-01,non_food,0.5300000000000011,-3.6400014296414183,100.53,96.35999857035858
linear_regression,test_2023_2024,2023-11-01,services,1.230000000000004,-3.055877367667862,101.23,96.94412263233214
linear_regression,test_2023_2024,2023-11-01,total,1.1099999999999994,-3.388894987096256,101.11,96.61110501290375
linear_regression,test_2023_2024,2023-11-01,food,1.5499999999999972,-3.256292961694358,101.55,96.74370703830564
linear_regression,test_2023_2024,2023-12-01,services,0.09999999999999432,-2.9503236275180607,100.1,97.04967637248194
linear_regression,test_2023_2024,2023-12-01,total,0.730000000000004,-3.334566347544735,100.73,96.66543365245526
linear_regression,test_2023_2024,2023-12-01,food,1.4899999999999949,-3.181664760119447,101.49,96.81833523988055
linear_regression,test_2023_2024,2023-12-01,non_food,0.4200000000000017,-3.6547497176403168,100.42,96.34525028235969
linear_regression,test_2023_2024,2024-01-01,total,0.8599999999999994,6.475853170434414,100.86,106.47585317043442
linear_regression,test_2023_2024,2024-01-01,non_food,0.46999999999999886,6.181221476923193,100.47,106.1812214769232
linear_regression,test_2023_2024,2024-01-01,services,0.7800000000000011,6.803926274280652,100.78,106.80392627428066
linear_regression,test_2023_2024,2024-01-01,food,1.2600000000000051,6.647301954171115,101.26,106.64730195417111
linear_regression,test_2023_2024,2024-02-01,non_food,0.2600000000000051,-3.585815314744666,100.26,96.41418468525534
linear_regression,test_2023_2024,2024-02-01,food,0.769999999999996,-3.1807426661604348,100.77,96.81925733383956
linear_regression,test_2023_2024,2024-02-01,services,1.0600000000000023,-2.9379570295387625,101.06,97.06204297046123
linear_regression,test_2023_2024,2024-02-01,total,0.6800000000000068,-3.305304080255379,100.68,96.69469591974462
linear_regression,test_2023_2024,2024-03-01,non_food,0.269999999999996,-3.97579174750548,100.27,96.02420825249452
linear_regression,test_2023_2024,2024-03-01,total,0.39000000000000057,-3.764660624499399,100.39,96.2353393755006
linear_regression,test_2023_2024,2024-03-01,services,0.8299999999999983,-3.3912380018300103,100.83,96.60876199817
linear_regression,test_2023_2024,2024-03-01,food,0.1700000000000017,-3.7084673961901693,100.17,96.29153260380983
linear_regression,test_2023_2024,2024-04-01,total,0.5,-3.3854797614646834,100.5,96.61452023853532
linear_regression,test_2023_2024,2024-04-01,services,0.6200000000000045,-2.9745852537130135,100.62,97.02541474628698
linear_regression,test_2023_2024,2024-04-01,food,0.4899999999999949,-3.4288399631987145,100.49,96.57116003680129
linear_regression,test_2023_2024,2024-04-01,non_food,0.4099999999999966,-3.5181782126619305,100.41,96.48182178733806
linear_regression,test_2023_2024,2024-05-01,services,1.5300000000000011,-3.4303728919665026,101.53,96.5696271080335
linear_regression,test_2023_2024,2024-05-01,non_food,0.45999999999999375,-3.8505831303699205,100.46,96.14941686963007
linear_regression,test_2023_2024,2024-05-01,total,0.7399999999999949,-3.736447762561051,100.74,96.26355223743894
linear_regression,test_2023_2024,2024-05-01,food,0.4099999999999966,-3.7188564999151055,100.41,96.2811435000849
linear_regression,test_2023_2024,2024-06-01,total,0.6400000000000006,-3.39150331490068,100.64,96.60849668509933
linear_regression,test_2023_2024,2024-06-01,non_food,0.29000000000000625,-3.5622169031455337,100.29,96.43778309685446
linear_regression,test_2023_2024,2024-06-01,services,1.0600000000000023,-2.9904020320306968,101.06,97.0095979679693
linear_regression,test_2023_2024,2024-06-01,food,0.6299999999999955,-3.3926457049820726,100.63,96.60735429501793
linear_regression,test_2023_2024,2024-07-01,total,1.1400000000000006,-3.2840411135958867,101.14,96.71595888640411
linear_regression,test_2023_2024,2024-07-01,non_food,0.5799999999999983,-3.51099729889129,100.58,96.48900270110872
linear_regression,test_2023_2024,2024-07-01,food,0.35999999999999943,-3.197127824533549,100.36,96.80287217546645
linear_regression,test_2023_2024,2024-07-01,services,2.8599999999999994,-2.934677751506338,102.86,97.06532224849366
linear_regression,test_2023_2024,2024-08-01,total,0.20000000000000284,-4.176965138879896,100.2,95.8230348611201
linear_regression,test_2023_2024,2024-08-01,non_food,0.5999999999999943,-4.525271118662517,100.6,95.47472888133748
linear_regression,test_2023_2024,2024-08-01,food,-0.010000000000005116,-4.155823497843353,99.99,95.84417650215664
linear_regression,test_2023_2024,2024-08-01,services,0.010000000000005116,-3.592044038108768,100.01,96.40795596189123
linear_regression,test_2023_2024,2024-09-01,non_food,0.6200000000000045,-3.271649943914837,100.62,96.72835005608516
linear_regression,test_2023_2024,2024-09-01,services,0.5100000000000051,-2.605052320160513,100.51,97.39494767983949
linear_regression,test_2023_2024,2024-09-01,total,0.480000000000004,-3.0119278024572083,100.48,96.98807219754279
linear_regression,test_2023_2024,2024-09-01,food,0.3400000000000034,-2.9362595602842783,100.34,97.06374043971572
linear_regression,test_2023_2024,2024-10-01,non_food,0.6800000000000068,-3.769719264977952,100.68,96.23028073502205
linear_regression,test_2023_2024,2024-10-01,services,0.20999999999999375,-3.1345328764574223,100.21,96.86546712354257
linear_regression,test_2023_2024,2024-10-01,food,1.230000000000004,-3.5010457742166627,101.23,96.49895422578334
linear_regression,test_2023_2024,2024-10-01,total,0.75,-3.5443920657757815,100.75,96.45560793422422
linear_regression,test_2023_2024,2024-11-01,services,1.3100000000000023,-3.427274543199002,101.31,96.572725456801
linear_regression,test_2023_2024,2024-11-01,non_food,0.5100000000000051,-3.855177932098284,100.51,96.14482206790171
linear_regression,test_2023_2024,2024-11-01,food,2.3299999999999983,-3.50178974548695,102.33,96.49821025451305
linear_regression,test_2023_2024,2024-11-01,total,1.4300000000000068,-3.6565074879096775,101.43,96.34349251209032
linear_regression,test_2023_2024,2024-12-01,non_food,0.8100000000000023,-3.854805033944822,100.81,96.14519496605517
linear_regression,test_2023_2024,2024-12-01,services,0.20000000000000284,-3.1530337395869426,100.2,96.84696626041305
linear_regression,test_2023_2024,2024-12-01,food,2.5999999999999943,-3.295014998985284,102.6,96.70498500101472
linear_regression,test_2023_2024,2024-12-01,total,1.3199999999999932,-3.499330823422273,101.32,96.50066917657773
linear_regression,holdout_2025,2025-01-01,non_food,0.4200000000000017,6.0470261087150154,100.42,106.04702610871502
linear_regression,holdout_2025,2025-01-01,food,1.3299999999999983,6.740484106763341,101.33,106.74048410676335
linear_regression,holdout_2025,2025-01-01,services,2.069999999999993,6.569323655856999,102.07,106.569323655857
linear_regression,holdout_2025,2025-01-01,total,1.230000000000004,6.40317292388524,101.23,106.40317292388524
linear_regression,holdout_2025,2025-02-01,total,0.8100000000000023,-3.3395225704993727,100.81,96.66047742950063
linear_regression,holdout_2025,2025-02-01,non_food,0.2600000000000051,-3.791094673708648,100.26,96.20890532629136
linear_regression,holdout_2025,2025-02-01,services,0.8100000000000023,-2.804124450668173,100.81,97.19587554933183
linear_regression,holdout_2025,2025-02-01,food,1.269999999999996,-3.191205488539996,101.27,96.80879451146001
linear_regression,holdout_2025,2025-03-01,food,0.8299999999999983,-3.688750948215202,100.83,96.3112490517848
linear_regression,holdout_2025,2025-03-01,non_food,0.14000000000000057,-4.222470810440336,100.14,95.77752918955966
linear_regression,holdout_2025,2025-03-01,services,1.0100000000000051,-3.3641793552113644,101.01,96.63582064478864
linear_regression,holdout_2025,2025-03-01,total,0.6500000000000057,-3.8306726536846734,100.65,96.16932734631533
linear_regression,holdout_2025,2025-04-01,services,0.5300000000000011,-2.9302670192322156,100.53,97.06973298076778
linear_regression,holdout_2025,2025-04-01,total,0.4000000000000057,-3.490440036815734,100.4,96.50955996318427
linear_regression,holdout_2025,2025-04-01,food,0.7099999999999937,-3.4378074067920794,100.71,96.56219259320793
linear_regression,holdout_2025,2025-04-01,non_food,-0.06999999999999318,-3.858528540833591,99.93,96.14147145916641
linear_regression,holdout_2025,2025-05-01,non_food,-0.12999999999999545,-4.25259259949141,99.87,95.74740740050859
linear_regression,holdout_2025,2025-05-01,services,1.3400000000000034,-3.5093621408884177,101.34,96.49063785911159
linear_regression,holdout_2025,2025-05-01,total,0.4300000000000068,-3.9406741775747136,100.43,96.05932582242528
linear_regression,holdout_2025,2025-05-01,food,0.2600000000000051,-3.8418252627383245,100.26,96.15817473726167
linear_regression,holdout_2025,2025-06-01,services,0.5900000000000034,-3.099003694397651,100.59,96.90099630560235
linear_regression,holdout_2025,2025-06-01,food,0.10999999999999943,-3.611405271408225,100.11,96.38859472859177
linear_regression,holdout_2025,2025-06-01,non_food,-0.030000000000001137,-4.026058011111565,99.97,95.97394198888844
linear_regression,holdout_2025,2025-06-01,total,0.20000000000000284,-3.6622071021837588,100.2,96.33779289781624
linear_regression,holdout_2025,2025-07-01,food,-0.6400000000000006,-3.4262847219914017,99.36,96.57371527800859
linear_regression,holdout_2025,2025-07-01,total,0.5699999999999932,-3.6065413028166917,100.57,96.3934586971833
linear_regression,holdout_2025,2025-07-01,services,2.6899999999999977,-3.293671484092533,102.69,96.70632851590747
linear_regression,holdout_2025,2025-07-01,non_food,0.18999999999999773,-3.90840235290623,100.19,96.09159764709376
linear_regression,holdout_2025,2025-08-01,food,-0.9099999999999966,-4.526979851332308,99.09,95.47302014866769
linear_regression,holdout_2025,2025-08-01,total,-0.4000000000000057,-4.513558790828246,99.6,95.48644120917176
linear_regression,holdout_2025,2025-08-01,services,-0.6200000000000045,-3.8363538238942976,99.38,96.1636461761057
linear_regression,holdout_2025,2025-08-01,non_food,0.4200000000000017,-4.895233927397077,100.42,95.10476607260293
linear_regression,holdout_2025,2025-09-01,services,0.46999999999999886,-2.936147171145179,100.47,97.06385282885482
linear_regression,holdout_2025,2025-09-01,food,0.030000000000001137,-3.305323660732408,100.03,96.69467633926759
linear_regression,holdout_2025,2025-09-01,total,0.3400000000000034,-3.3507820529237673,100.34,96.64921794707624
linear_regression,holdout_2025,2025-09-01,non_food,0.5900000000000034,-3.5745327924695696,100.59,96.42546720753043
linear_regression,holdout_2025,2025-10-01,non_food,0.6700000000000017,-4.041578203637998,100.67,95.958421796362
linear_regression,holdout_2025,2025-10-01,total,0.5,-3.796180253455999,100.5,96.203819746544
linear_regression,holdout_2025,2025-10-01,services,-0.4200000000000017,-3.365194630427337,99.58,96.63480536957266
linear_regression,holdout_2025,2025-10-01,food,1.0499999999999972,-3.7481881758079654,101.05,96.25181182419203
linear_regression,holdout_2025,2025-11-01,total,0.4200000000000017,-3.9140374972082688,100.42,96.08596250279173
linear_regression,holdout_2025,2025-11-01,services,0.35999999999999943,-3.7374035411610285,100.36,96.26259645883897
linear_regression,holdout_2025,2025-11-01,non_food,0.1599999999999966,-4.12148686299876,100.16,95.87851313700124
linear_regression,holdout_2025,2025-11-01,food,0.6899999999999977,-3.7121316071252295,100.69,96.28786839287477
linear_regression,holdout_2025,2025-12-01,services,0.15000000000000568,-3.5468986740305644,100.15,96.45310132596944
linear_regression,holdout_2025,2025-12-01,non_food,0.3400000000000034,-4.229373090712699,100.34,95.7706269092873
linear_regression,holdout_2025,2025-12-01,food,0.4300000000000068,-3.7728574925677076,100.43,96.22714250743229
linear_regression,holdout_2025,2025-12-01,total,0.3199999999999932,-3.9183821361912665,100.32,96.08161786380873
linear_regression,recent_actual,2026-01-01,services,2.3299999999999983,6.149385765715719,102.33,106.14938576571572
linear_regression,recent_actual,2026-01-01,total,1.6200000000000045,5.875506370747351,101.62,105.87550637074735
linear_regression,recent_actual,2026-01-01,food,1.9500000000000028,6.045621121484569,101.95,106.04562112148457
linear_regression,recent_actual,2026-01-01,non_food,0.6099999999999994,5.616403361814326,100.61,105.61640336181432
linear_regression,recent_actual,2026-02-01,services,1.0999999999999943,-3.0972527146049,101.1,96.9027472853951
linear_regression,recent_actual,2026-02-01,total,0.730000000000004,-3.7185220157723506,100.73,96.28147798422765
linear_regression,recent_actual,2026-02-01,non_food,0.28000000000000114,-4.168924699556324,100.28,95.83107530044367
linear_regression,recent_actual,2026-02-01,food,0.8400000000000034,-3.6415997886435667,100.84,96.35840021135644
linear_regression,recent_actual,2026-03-01,non_food,0.46999999999999886,-4.58859738308728,100.47,95.41140261691272
linear_regression,recent_actual,2026-03-01,food,0.37999999999999545,-4.225836189662776,100.38,95.77416381033723
linear_regression,recent_actual,2026-03-01,services,1.0699999999999932,-3.6507730806105263,101.07,96.34922691938948
linear_regression,recent_actual,2026-03-01,total,0.5999999999999943,-4.240514948883395,100.6,95.7594850511166
ridge,val_2019_2022,2019-01-01,non_food,0.6400000000000006,2.8870266555034565,100.64,102.88702665550346
ridge,val_2019_2022,2019-01-01,services,1.1299999999999955,3.1795827115754935,101.13,103.17958271157549
ridge,val_2019_2022,2019-01-01,food,1.269999999999996,3.2972224918945297,101.27,103.29722249189453
ridge,val_2019_2022,2019-01-01,total,1.0100000000000051,3.079468451764918,101.01,103.07946845176492
ridge,val_2019_2022,2019-02-01,food,0.7900000000000063,-1.6546069059555055,100.79,98.3453930940445
ridge,val_2019_2022,2019-02-01,non_food,0.2600000000000051,-2.025899828555371,100.26,97.97410017144463
ridge,val_2019_2022,2019-02-01,services,0.20000000000000284,-1.5810057931280967,100.2,98.4189942068719
ridge,val_2019_2022,2019-02-01,total,0.4399999999999977,-1.8061589465980497,100.44,98.19384105340195
ridge,val_2019_2022,2019-03-01,total,0.3199999999999932,-2.0982263637983536,100.32,97.90177363620165
ridge,val_2019_2022,2019-03-01,services,0.12999999999999545,-1.8809212894606926,100.13,98.11907871053931
ridge,val_2019_2022,2019-03-01,non_food,0.25,-2.2868154246314703,100.25,97.71318457536853
ridge,val_2019_2022,2019-03-01,food,0.5300000000000011,-1.9695491947981711,100.53,98.03045080520182
ridge,val_2019_2022,2019-04-01,non_food,0.18999999999999773,-2.089951378609504,100.19,97.9100486213905
ridge,val_2019_2022,2019-04-01,food,0.4300000000000068,-1.8560622164306748,100.43,98.14393778356933
ridge,val_2019_2022,2019-04-01,services,0.20999999999999375,-1.7080853973202856,100.21,98.29191460267971
ridge,val_2019_2022,2019-04-01,total,0.29000000000000625,-1.939685821929018,100.29,98.06031417807098
ridge,val_2019_2022,2019-05-01,non_food,0.20999999999999375,-2.3445086100242474,100.21,97.65549138997575
ridge,val_2019_2022,2019-05-01,services,0.39000000000000057,-1.9622710928658558,100.39,98.03772890713414
ridge,val_2019_2022,2019-05-01,food,0.4099999999999966,-2.1414515301417296,100.41,97.85854846985828
ridge,val_2019_2022,2019-05-01,total,0.3400000000000034,-2.2043313354459464,100.34,97.79566866455406
ridge,val_2019_2022,2019-06-01,non_food,0.1700000000000017,-2.2334937402639676,100.17,97.76650625973603
ridge,val_2019_2022,2019-06-01,total,0.04000000000000625,-2.086045374233275,100.04,97.91395462576672
ridge,val_2019_2022,2019-06-01,services,0.5999999999999943,-1.8258622082763676,100.6,98.17413779172364
ridge,val_2019_2022,2019-06-01,food,-0.480000000000004,-2.0303714691706993,99.52,97.9696285308293
ridge,val_2019_2022,2019-07-01,non_food,0.1700000000000017,-2.180275660889234,100.17,97.81972433911076
ridge,val_2019_2022,2019-07-01,food,-0.29999999999999716,-2.063321233748904,99.7,97.93667876625109
ridge,val_2019_2022,2019-07-01,services,0.9300000000000068,-1.7411398606848092,100.93,98.25886013931519
ridge,val_2019_2022,2019-07-01,total,0.20000000000000284,-2.057599421059141,100.2,97.94240057894086
ridge,val_2019_2022,2019-08-01,services,0.18000000000000682,-2.0035032185872668,100.18,97.99649678141273
ridge,val_2019_2022,2019-08-01,non_food,0.1700000000000017,-2.5114717105960773,100.17,97.48852828940392
ridge,val_2019_2022,2019-08-01,total,-0.23999999999999488,-2.37512321457388,99.76,97.62487678542612
ridge,val_2019_2022,2019-08-01,food,-0.9099999999999966,-2.4075004119874235,99.09,97.59249958801257
ridge,val_2019_2022,2019-09-01,services,-0.23000000000000398,-1.4155352957729441,99.77,98.58446470422706
ridge,val_2019_2022,2019-09-01,non_food,0.18999999999999773,-1.8485474339349182,100.19,98.15145256606507
ridge,val_2019_2022,2019-09-01,total,-0.1599999999999966,-1.763461848648741,99.84,98.23653815135125
ridge,val_2019_2022,2019-09-01,food,-0.4399999999999977,-1.8235779273090689,99.56,98.17642207269093
ridge,val_2019_2022,2019-10-01,non_food,0.3100000000000023,-2.097975562891257,100.31,97.90202443710874
ridge,val_2019_2022,2019-10-01,total,0.12999999999999545,-2.0316042765350213,100.13,97.96839572346498
ridge,val_2019_2022,2019-10-01,food,0.18000000000000682,-2.045543574595915,100.18,97.95445642540409
ridge,val_2019_2022,2019-10-01,services,-0.18000000000000682,-1.773517824476202,99.82,98.2264821755238
ridge,val_2019_2022,2019-11-01,total,0.28000000000000114,-2.0544836416128707,100.28,97.94551635838712
ridge,val_2019_2022,2019-11-01,services,0.10999999999999943,-1.8614135114881716,100.11,98.13858648851183
ridge,val_2019_2022,2019-11-01,food,0.45000000000000284,-2.0076395530135898,100.45,97.99236044698641
ridge,val_2019_2022,2019-11-01,non_food,0.23000000000000398,-2.1370735401462824,100.23,97.86292645985372
ridge,val_2019_2022,2019-12-01,total,0.35999999999999943,-2.0094696618608054,100.36,97.9905303381392
ridge,val_2019_2022,2019-12-01,services,0.23999999999999488,-1.8251073986953088,100.24,98.17489260130469
ridge,val_2019_2022,2019-12-01,non_food,0.14000000000000057,-2.1399826215003444,100.14,97.86001737849966
ridge,val_2019_2022,2019-12-01,food,0.6500000000000057,-1.9130283374179395,100.65,98.08697166258206
ridge,val_2019_2022,2020-01-01,non_food,0.23000000000000398,2.5791030024913746,100.23,102.57910300249138
ridge,val_2019_2022,2020-01-01,services,0.23999999999999488,2.9307877561015827,100.24,102.93078775610158
ridge,val_2019_2022,2020-01-01,total,0.4000000000000057,2.7257764745955853,100.4,102.72577647459559
ridge,val_2019_2022,2020-01-01,food,0.6899999999999977,2.8227535600438878,100.69,102.82275356004389
ridge,val_2019_2022,2020-02-01,food,0.5699999999999932,-2.1238809476606244,100.57,97.87611905233938
ridge,val_2019_2022,2020-02-01,non_food,0.04000000000000625,-2.391618005301659,100.04,97.60838199469833
ridge,val_2019_2022,2020-02-01,services,0.37000000000000455,-2.0128946239264547,100.37,97.98710537607354
ridge,val_2019_2022,2020-02-01,total,0.3299999999999983,-2.229296676898355,100.33,97.77070332310164
ridge,val_2019_2022,2020-03-01,total,0.5499999999999972,-2.4782605065407175,100.55,97.52173949345928
ridge,val_2019_2022,2020-03-01,food,0.9599999999999937,-2.4047995661271484,100.96,97.59520043387285
ridge,val_2019_2022,2020-03-01,services,0.09000000000000341,-2.203997367008073,100.09,97.79600263299193
ridge,val_2019_2022,2020-03-01,non_food,0.480000000000004,-2.651968140716484,100.48,97.34803185928351
ridge,val_2019_2022,2020-04-01,food,1.7199999999999989,-2.1659159382970143,101.72,97.83408406170298
ridge,val_2019_2022,2020-04-01,services,0.12000000000000455,-2.026826786887005,100.12,97.973173213113
ridge,val_2019_2022,2020-04-01,non_food,0.4399999999999977,-2.3878030862066533,100.44,97.61219691379334
ridge,val_2019_2022,2020-04-01,total,0.8299999999999983,-2.247778339818508,100.83,97.75222166018149
ridge,val_2019_2022,2020-05-01,food,0.1599999999999966,-2.2540177254466585,100.16,97.74598227455334
ridge,val_2019_2022,2020-05-01,services,0.45999999999999375,-2.2904600516242724,100.46,97.70953994837572
ridge,val_2019_2022,2020-05-01,total,0.269999999999996,-2.4254973528922807,100.27,97.57450264710772
ridge,val_2019_2022,2020-05-01,non_food,0.25,-2.593799343979054,100.25,97.40620065602094
ridge,val_2019_2022,2020-06-01,food,0.1700000000000017,-2.2910240097401013,100.17,97.7089759902599
ridge,val_2019_2022,2020-06-01,services,0.12000000000000455,-2.1262554531664017,100.12,97.87374454683359
ridge,val_2019_2022,2020-06-01,total,0.21999999999999886,-2.355068807446946,100.22,97.64493119255306
ridge,val_2019_2022,2020-06-01,non_food,0.3400000000000034,-2.4802702888277937,100.34,97.5197297111722
ridge,val_2019_2022,2020-07-01,total,0.3499999999999943,-2.303528299459929,100.35,97.69647170054007
ridge,val_2019_2022,2020-07-01,services,0.9899999999999949,-2.0887629365756073,100.99,97.9112370634244
ridge,val_2019_2022,2020-07-01,food,-0.06999999999999318,-2.26148172651188,99.93,97.73851827348813
ridge,val_2019_2022,2020-07-01,non_food,0.29000000000000625,-2.39850902527521,100.29,97.60149097472478
ridge,val_2019_2022,2020-08-01,total,-0.04000000000000625,-2.637771561079278,99.96,97.36222843892072
ridge,val_2019_2022,2020-08-01,food,-0.769999999999996,-2.646020744738645,99.23,97.35397925526135
ridge,val_2019_2022,2020-08-01,non_food,0.4099999999999966,-2.741541704901138,100.41,97.25845829509886
ridge,val_2019_2022,2020-08-01,services,0.37000000000000455,-2.3438120719183093,100.37,97.65618792808169
ridge,val_2019_2022,2020-09-01,total,-0.06999999999999318,-2.0149561020915883,99.93,97.98504389790841
ridge,val_2019_2022,2020-09-01,food,-0.4099999999999966,-2.0861702961785547,99.59,97.91382970382145
ridge,val_2019_2022,2020-09-01,non_food,0.5600000000000023,-2.0730490553475676,100.56,97.92695094465243
ridge,val_2019_2022,2020-09-01,services,-0.4200000000000017,-1.6956642519298146,99.58,98.30433574807019
ridge,val_2019_2022,2020-10-01,services,-0.12999999999999545,-2.074268184304067,99.87,97.92573181569594
ridge,val_2019_2022,2020-10-01,total,0.4300000000000068,-2.289974147379062,100.43,97.71002585262094
ridge,val_2019_2022,2020-10-01,food,0.6200000000000045,-2.348438032941286,100.62,97.65156196705871
ridge,val_2019_2022,2020-10-01,non_food,0.6800000000000068,-2.2802192384752757,100.68,97.71978076152473
ridge,val_2019_2022,2020-11-01,non_food,0.5799999999999983,-2.282946220921465,100.58,97.71705377907854
ridge,val_2019_2022,2020-11-01,total,0.7099999999999937,-2.245274852545265,100.71,97.75472514745474
ridge,val_2019_2022,2020-11-01,services,0.04999999999999716,-2.1525152535125116,100.05,97.84748474648748
ridge,val_2019_2022,2020-11-01,food,1.3400000000000034,-2.1659357825690755,101.34,97.83406421743092
ridge,val_2019_2022,2020-12-01,services,0.4200000000000017,-2.106605503282193,100.42,97.8933944967178
ridge,val_2019_2022,2020-12-01,non_food,0.4000000000000057,-2.2747213290945023,100.4,97.7252786709055
ridge,val_2019_2022,2020-12-01,food,1.5300000000000011,-1.9762529949707623,101.53,98.02374700502924
ridge,val_2019_2022,2020-12-01,total,0.8299999999999983,-2.1603589167627355,100.83,97.83964108323727
ridge,val_2019_2022,2021-01-01,non_food,0.5300000000000011,2.4474360165667965,100.53,102.4474360165668
ridge,val_2019_2022,2021-01-01,food,1.0100000000000051,2.878459180425234,101.01,102.87845918042524
ridge,val_2019_2022,2021-01-01,total,0.6700000000000017,2.6272497316876375,100.67,102.62724973168764
ridge,val_2019_2022,2021-01-01,services,0.37999999999999545,2.669051783888595,100.38,102.66905178388859
ridge,val_2019_2022,2021-02-01,total,0.7800000000000011,-2.3209175130181894,100.78,97.67908248698181
ridge,val_2019_2022,2021-02-01,food,1.2199999999999989,-2.0996744420328035,101.22,97.9003255579672
ridge,val_2019_2022,2021-02-01,services,0.4399999999999977,-2.23783609202205,100.44,97.76216390797795
ridge,val_2019_2022,2021-02-01,non_food,0.5799999999999983,-2.503313840934,100.58,97.496686159066
ridge,val_2019_2022,2021-03-01,total,0.6599999999999966,-2.535400970219392,100.66,97.4645990297806
ridge,val_2019_2022,2021-03-01,food,0.8199999999999932,-2.3405577924066137,100.82,97.65944220759339
ridge,val_2019_2022,2021-03-01,non_food,0.7199999999999989,-2.7112761726985104,100.72,97.2887238273015
ridge,val_2019_2022,2021-03-01,services,0.37000000000000455,-2.424020762473247,100.37,97.57597923752675
ridge,val_2019_2022,2021-04-01,total,0.5799999999999983,-2.356923818561202,100.58,97.6430761814388
ridge,val_2019_2022,2021-04-01,services,0.21999999999999886,-2.2248797819594834,100.22,97.77512021804051
ridge,val_2019_2022,2021-04-01,non_food,0.6599999999999966,-2.470344746396031,100.66,97.52965525360396
ridge,val_2019_2022,2021-04-01,food,0.75,-2.236261069344194,100.75,97.7637389306558
ridge,val_2019_2022,2021-05-01,non_food,0.7399999999999949,-2.6907768248347326,100.74,97.30922317516527
ridge,val_2019_2022,2021-05-01,services,0.4399999999999977,-2.4908400280035696,100.44,97.50915997199643
ridge,val_2019_2022,2021-05-01,total,0.7399999999999949,-2.627063939746522,100.74,97.37293606025348
ridge,val_2019_2022,2021-05-01,food,0.9599999999999937,-2.55989329345564,100.96,97.44010670654436
ridge,val_2019_2022,2021-06-01,total,0.6899999999999977,-2.470382743597062,100.69,97.52961725640294
ridge,val_2019_2022,2021-06-01,non_food,0.6800000000000068,-2.5289384634026444,100.68,97.47106153659736
ridge,val_2019_2022,2021-06-01,services,0.7600000000000051,-2.360189523344607,100.76,97.6398104766554
ridge,val_2019_2022,2021-06-01,food,0.6400000000000006,-2.3868067415285843,100.64,97.61319325847141
ridge,val_2019_2022,2021-07-01,food,-0.5,-2.28973019319381,99.5,97.7102698068062
ridge,val_2019_2022,2021-07-01,total,0.3100000000000023,-2.363150445518781,100.31,97.63684955448122
ridge,val_2019_2022,2021-07-01,non_food,0.769999999999996,-2.446805529949798,100.77,97.5531944700502
ridge,val_2019_2022,2021-07-01,services,0.8799999999999955,-2.207277763413959,100.88,97.79272223658604
ridge,val_2019_2022,2021-08-01,total,0.1700000000000017,-2.763844144815618,100.17,97.23615585518438
ridge,val_2019_2022,2021-08-01,non_food,0.7999999999999972,-2.772812819903619,100.8,97.22718718009638
ridge,val_2019_2022,2021-08-01,food,-0.5100000000000051,-2.812794844859761,99.49,97.18720515514023
ridge,val_2019_2022,2021-08-01,services,0.3199999999999932,-2.5267131795947284,100.32,97.47328682040528
ridge,val_2019_2022,2021-09-01,food,0.9899999999999949,-2.1822724587113216,100.99,97.81772754128868
ridge,val_2019_2022,2021-09-01,total,0.5999999999999943,-2.1223443211323243,100.6,97.87765567886768
ridge,val_2019_2022,2021-09-01,non_food,0.6400000000000006,-2.0925724001114165,100.64,97.90742759988858
ridge,val_2019_2022,2021-09-01,services,0.0,-1.9182633346324565,100.0,98.08173666536754
ridge,val_2019_2022,2021-10-01,non_food,0.7800000000000011,-2.3528277487369635,100.78,97.64717225126304
ridge,val_2019_2022,2021-10-01,services,0.010000000000005116,-2.215935849885728,100.01,97.78406415011428
ridge,val_2019_2022,2021-10-01,food,2.1700000000000017,-2.2004367011638655,102.17,97.79956329883613
ridge,val_2019_2022,2021-10-01,total,1.1099999999999994,-2.3007225271702705,101.11,97.69927747282973
ridge,val_2019_2022,2021-11-01,services,0.8100000000000023,-2.294189344800774,100.81,97.70581065519923
ridge,val_2019_2022,2021-11-01,total,0.9599999999999937,-2.244842330326019,100.96,97.75515766967398
ridge,val_2019_2022,2021-11-01,food,1.269999999999996,-1.9679944754316931,101.27,98.0320055245683
ridge,val_2019_2022,2021-11-01,non_food,0.7199999999999989,-2.3922953002465244,100.72,97.60770469975347
ridge,val_2019_2022,2021-12-01,total,0.8199999999999932,-2.2134391989438553,100.82,97.78656080105614
ridge,val_2019_2022,2021-12-01,non_food,0.6400000000000006,-2.381589818836731,100.64,97.61841018116327
ridge,val_2019_2022,2021-12-01,food,1.3599999999999994,-1.9810596720614546,101.36,98.01894032793855
ridge,val_2019_2022,2021-12-01,services,0.2600000000000051,-2.176080450809229,100.26,97.82391954919078
ridge,val_2019_2022,2022-01-01,food,1.4399999999999977,2.767649265728405,101.44,102.76764926572841
ridge,val_2019_2022,2022-01-01,services,0.7600000000000051,2.5324466952846687,100.76,102.53244669528466
ridge,val_2019_2022,2022-01-01,non_food,0.6700000000000017,2.3514622074338285,100.67,102.35146220743383
ridge,val_2019_2022,2022-01-01,total,0.9899999999999949,2.520107494047914,100.99,102.52010749404792
ridge,val_2019_2022,2022-02-01,non_food,0.7800000000000011,-2.6063521187669485,100.78,97.39364788123305
ridge,val_2019_2022,2022-02-01,food,1.5600000000000023,-2.196582698675204,101.56,97.8034173013248
ridge,val_2019_2022,2022-02-01,services,1.1299999999999955,-2.3444373895219455,101.13,97.65556261047806
ridge,val_2019_2022,2022-02-01,total,1.1700000000000017,-2.419056434515987,101.17,97.580943565484
ridge,val_2019_2022,2022-03-01,food,6.730000000000004,-2.4671805974095102,106.73,97.53281940259049
ridge,val_2019_2022,2022-03-01,services,3.989999999999995,-2.4749942619395036,103.99,97.5250057380605
ridge,val_2019_2022,2022-03-01,non_food,11.25,-2.8089558993287067,111.25,97.19104410067129
ridge,val_2019_2022,2022-03-01,total,7.609999999999999,-2.6288318073024186,107.61,97.37116819269758
ridge,val_2019_2022,2022-04-01,total,1.5600000000000023,-1.3643060681944688,101.56,98.63569393180553
ridge,val_2019_2022,2022-04-01,services,1.0699999999999932,-1.7494341779717528,101.07,98.25056582202825
ridge,val_2019_2022,2022-04-01,food,2.8700000000000045,-1.4294171121580135,102.87,98.570582887842
ridge,val_2019_2022,2022-04-01,non_food,0.5300000000000011,-0.8985163465897639,100.53,99.10148365341024
ridge,val_2019_2022,2022-05-01,total,0.12000000000000455,-1.9770976447004962,100.12,98.02290235529951
ridge,val_2019_2022,2022-05-01,services,-0.3199999999999932,-2.2037784509927754,99.68,97.79622154900723
ridge,val_2019_2022,2022-05-01,food,0.5999999999999943,-1.7584395077365187,100.6,98.24156049226349
ridge,val_2019_2022,2022-05-01,non_food,-0.09000000000000341,-1.9315514830635792,99.91,98.06844851693643
ridge,val_2019_2022,2022-06-01,total,-0.3499999999999943,-2.3001703411460612,99.65,97.69982965885394
ridge,val_2019_2022,2022-06-01,services,0.8799999999999955,-2.384041554333269,100.88,97.61595844566673
ridge,val_2019_2022,2022-06-01,non_food,-0.4099999999999966,-2.3654956928641617,99.59,97.63450430713584
ridge,val_2019_2022,2022-06-01,food,-1.0999999999999943,-2.0820074700134015,98.9,97.9179925299866
ridge,val_2019_2022,2022-07-01,food,-1.5300000000000011,-2.471948708323289,98.47,97.52805129167672
ridge,val_2019_2022,2022-07-01,non_food,-0.4399999999999977,-2.5854543387272875,99.56,97.41454566127271
ridge,val_2019_2022,2022-07-01,services,1.4099999999999966,-2.29889113511806,101.41,97.70110886488195
ridge,val_2019_2022,2022-07-01,total,-0.39000000000000057,-2.507521213072545,99.61,97.49247878692745
ridge,val_2019_2022,2022-08-01,services,0.04999999999999716,-2.5277335366625273,100.05,97.47226646333748
ridge,val_2019_2022,2022-08-01,total,-0.519999999999996,-2.9351244745493226,99.48,97.06487552545067
ridge,val_2019_2022,2022-08-01,food,-1.3599999999999994,-3.034796482807267,98.64,96.96520351719273
ridge,val_2019_2022,2022-08-01,non_food,-0.04999999999999716,-3.0089872101075077,99.95,96.9910127898925
ridge,val_2019_2022,2022-09-01,non_food,0.15000000000000568,-2.7142895877602724,100.15,97.28571041223972
ridge,val_2019_2022,2022-09-01,services,0.5100000000000051,-2.096034013516241,100.51,97.90396598648375
ridge,val_2019_2022,2022-09-01,total,0.04999999999999716,-2.550111296096876,100.05,97.44988870390313
ridge,val_2019_2022,2022-09-01,food,-0.37999999999999545,-2.6057780096665484,99.62,97.39422199033345
ridge,val_2019_2022,2022-10-01,services,0.23999999999999488,-2.191158302739015,100.24,97.80884169726099
ridge,val_2019_2022,2022-10-01,food,0.28000000000000114,-2.5629579253188695,100.28,97.43704207468113
ridge,val_2019_2022,2022-10-01,non_food,0.04000000000000625,-2.4201442395946646,100.04,97.57985576040534
ridge,val_2019_2022,2022-10-01,total,0.18000000000000682,-2.4520522730505974,100.18,97.5479477269494
ridge,val_2019_2022,2022-11-01,services,0.7600000000000051,-2.2067735910996067,100.76,97.7932264089004
ridge,val_2019_2022,2022-11-01,non_food,0.060000000000002274,-2.4654402441842347,100.06,97.53455975581576
ridge,val_2019_2022,2022-11-01,food,0.4000000000000057,-2.420977598345811,100.4,97.57902240165419
ridge,val_2019_2022,2022-11-01,total,0.37000000000000455,-2.4197033719737284,100.37,97.58029662802628
ridge,val_2019_2022,2022-12-01,food,0.5999999999999943,-2.312446594575789,100.6,97.68755340542421
ridge,val_2019_2022,2022-12-01,services,2.0400000000000063,-2.1964813710735207,102.04,97.80351862892648
ridge,val_2019_2022,2022-12-01,non_food,0.04999999999999716,-2.476211970432084,100.05,97.52378802956791
ridge,val_2019_2022,2022-12-01,total,0.7800000000000011,-2.3794168779978113,100.78,97.62058312200219
ridge,test_2023_2024,2023-01-01,food,1.3199999999999932,2.4410876849261722,101.32,102.44108768492617
ridge,test_2023_2024,2023-01-01,total,0.8400000000000034,2.41569247141617,100.84,102.41569247141616
ridge,test_2023_2024,2023-01-01,services,1.0100000000000051,2.7747299539879,101.01,102.7747299539879
ridge,test_2023_2024,2023-01-01,non_food,0.20999999999999375,2.2342800980731488,100.21,102.23428009807314
ridge,test_2023_2024,2023-02-01,non_food,-0.0799999999999983,-2.745151128325844,99.92,97.25484887167416
ridge,test_2023_2024,2023-02-01,food,0.7900000000000063,-2.4503232230475662,100.79,97.54967677695244
ridge,test_2023_2024,2023-02-01,services,0.7199999999999989,-2.174710062634559,100.72,97.82528993736544
ridge,test_2023_2024,2023-02-01,total,0.45999999999999375,-2.523630255790435,100.46,97.47636974420956
ridge,test_2023_2024,2023-03-01,non_food,0.14000000000000057,-3.0911590465299863,100.14,96.90884095347002
ridge,test_2023_2024,2023-03-01,services,0.9699999999999989,-2.5358242406848905,100.97,97.46417575931511
ridge,test_2023_2024,2023-03-01,food,0.12999999999999545,-2.815699062757318,100.13,97.18430093724268
ridge,test_2023_2024,2023-03-01,total,0.37000000000000455,-2.880990010177351,100.37,97.11900998982264
ridge,test_2023_2024,2023-04-01,non_food,0.15000000000000568,-3.242655234236377,100.15,96.75734476576362
ridge,test_2023_2024,2023-04-01,total,0.37999999999999545,-2.963466529363469,100.38,97.03653347063653
ridge,test_2023_2024,2023-04-01,food,0.29000000000000625,-2.9778801231215706,100.29,97.02211987687843
ridge,test_2023_2024,2023-04-01,services,0.7900000000000063,-2.4232560954731692,100.79,97.57674390452684
ridge,test_2023_2024,2023-05-01,services,1.1299999999999955,-2.702093737099304,101.13,97.2979062629007
ridge,test_2023_2024,2023-05-01,total,0.3100000000000023,-3.2577762252583877,100.31,96.74222377474162
ridge,test_2023_2024,2023-05-01,food,-0.3100000000000023,-3.3351402946275552,99.69,96.66485970537245
ridge,test_2023_2024,2023-05-01,non_food,0.3400000000000034,-3.482104836029663,100.34,96.51789516397034
ridge,test_2023_2024,2023-06-01,total,0.37000000000000455,-3.1447376482182934,100.37,96.8552623517817
ridge,test_2023_2024,2023-06-01,food,-0.010000000000005116,-3.316534792354542,99.99,96.68346520764545
ridge,test_2023_2024,2023-06-01,non_food,0.4200000000000017,-3.3081321811556244,100.42,96.69186781884437
ridge,test_2023_2024,2023-06-01,services,0.8299999999999983,-2.5351445731352893,100.83,97.46485542686472
ridge,test_2023_2024,2023-07-01,total,0.6299999999999955,-3.030137608306095,100.63,96.96986239169391
ridge,test_2023_2024,2023-07-01,services,0.480000000000004,-2.4307568202198464,100.48,97.56924317978016
ridge,test_2023_2024,2023-07-01,non_food,0.9099999999999966,-3.1826710874061046,100.91,96.8173289125939
ridge,test_2023_2024,2023-07-01,food,0.4899999999999949,-3.2057239433573113,100.49,96.79427605664269
ridge,test_2023_2024,2023-08-01,total,0.28000000000000114,-3.286345971836826,100.28,96.71365402816318
ridge,test_2023_2024,2023-08-01,food,-0.060000000000002274,-3.3755703753294206,99.94,96.62442962467058
ridge,test_2023_2024,2023-08-01,non_food,1.1400000000000006,-3.4045232308273308,101.14,96.59547676917266
ridge,test_2023_2024,2023-08-01,services,-0.3199999999999932,-2.8529276382496276,99.68,97.14707236175038
ridge,test_2023_2024,2023-09-01,total,0.8700000000000045,-2.6177063595046217,100.87,97.38229364049538
ridge,test_2023_2024,2023-09-01,food,0.8599999999999994,-2.669324973894165,100.86,97.33067502610584
ridge,test_2023_2024,2023-09-01,services,0.6099999999999994,-2.335932184595652,100.61,97.66406781540435
ridge,test_2023_2024,2023-09-01,non_food,1.0900000000000034,-2.6535274991721423,101.09,97.34647250082786
ridge,test_2023_2024,2023-10-01,food,1.3499999999999943,-2.787186305201672,101.35,97.21281369479833
ridge,test_2023_2024,2023-10-01,services,0.480000000000004,-2.4987818221647418,100.48,97.50121817783526
ridge,test_2023_2024,2023-10-01,total,0.8299999999999983,-2.777765425284752,100.83,97.22223457471524
ridge,test_2023_2024,2023-10-01,non_food,0.5499999999999972,-2.8588360063075964,100.55,97.1411639936924
ridge,test_2023_2024,2023-11-01,non_food,0.5300000000000011,-2.970291257074969,100.53,97.02970874292504
ridge,test_2023_2024,2023-11-01,services,1.230000000000004,-2.526007841448533,101.23,97.47399215855147
ridge,test_2023_2024,2023-11-01,total,1.1099999999999994,-2.7805633353029195,101.11,97.21943666469708
ridge,test_2023_2024,2023-11-01,food,1.5499999999999972,-2.6729475633350646,101.55,97.32705243666493
ridge,test_2023_2024,2023-12-01,services,0.09999999999999432,-2.3903706749070057,100.1,97.609629325093
ridge,test_2023_2024,2023-12-01,total,0.730000000000004,-2.714320896636786,100.73,97.28567910336321
ridge,test_2023_2024,2023-12-01,food,1.4899999999999949,-2.5826658159071076,101.49,97.4173341840929
ridge,test_2023_2024,2023-12-01,non_food,0.4200000000000017,-2.9883948859079528,100.42,97.01160511409205
ridge,test_2023_2024,2024-01-01,total,0.8599999999999994,1.974709145959973,100.86,101.97470914595998
ridge,test_2023_2024,2024-01-01,non_food,0.46999999999999886,1.720726529741757,100.47,101.72072652974175
ridge,test_2023_2024,2024-01-01,services,0.7800000000000011,2.1906838552083494,100.78,102.19068385520835
ridge,test_2023_2024,2024-01-01,food,1.2600000000000051,2.166542994008678,101.26,102.16654299400868
ridge,test_2023_2024,2024-02-01,non_food,0.2600000000000051,-3.233433902990516,100.26,96.76656609700949
ridge,test_2023_2024,2024-02-01,food,0.769999999999996,-2.812497441272656,100.77,97.18750255872735
ridge,test_2023_2024,2024-02-01,services,1.0600000000000023,-2.715285635705392,101.06,97.28471436429462
ridge,test_2023_2024,2024-02-01,total,0.6800000000000068,-2.9737570639444915,100.68,97.02624293605551
ridge,test_2023_2024,2024-03-01,non_food,0.269999999999996,-3.4683075898824747,100.27,96.53169241011753
ridge,test_2023_2024,2024-03-01,total,0.39000000000000057,-3.244687609821514,100.39,96.75531239017849
ridge,test_2023_2024,2024-03-01,services,0.8299999999999983,-2.9245527330037957,100.83,97.0754472669962
ridge,test_2023_2024,2024-03-01,food,0.1700000000000017,-3.1641607031426737,100.17,96.83583929685733
ridge,test_2023_2024,2024-04-01,total,0.5,-3.0710920090557874,100.5,96.92890799094421
ridge,test_2023_2024,2024-04-01,services,0.6200000000000045,-2.714846761281863,100.62,97.28515323871814
ridge,test_2023_2024,2024-04-01,food,0.4899999999999949,-3.074258017279571,100.49,96.92574198272042
ridge,test_2023_2024,2024-04-01,non_food,0.4099999999999966,-3.2316174031956644,100.41,96.76838259680433
ridge,test_2023_2024,2024-05-01,services,1.5300000000000011,-3.024153428580763,101.53,96.97584657141924
ridge,test_2023_2024,2024-05-01,non_food,0.45999999999999375,-3.439644022939203,100.46,96.5603559770608
ridge,test_2023_2024,2024-05-01,total,0.7399999999999949,-3.3141500775791677,100.74,96.68584992242083
ridge,test_2023_2024,2024-05-01,food,0.4099999999999966,-3.2996406261213735,100.41,96.70035937387863
ridge,test_2023_2024,2024-06-01,total,0.6400000000000006,-3.117730491973836,100.64,96.88226950802617
ridge,test_2023_2024,2024-06-01,non_food,0.29000000000000625,-3.2866710790878075,100.29,96.71332892091219
ridge,test_2023_2024,2024-06-01,services,1.0600000000000023,-2.735048041717337,101.06,97.26495195828267
ridge,test_2023_2024,2024-06-01,food,0.6299999999999955,-3.1326323945239416,100.63,96.86736760547606
ridge,test_2023_2024,2024-07-01,total,1.1400000000000006,-3.0286746321321125,101.14,96.97132536786789
ridge,test_2023_2024,2024-07-01,non_food,0.5799999999999983,-3.230904311812642,100.58,96.76909568818736
ridge,test_2023_2024,2024-07-01,food,0.35999999999999943,-2.981977169285937,100.36,97.01802283071406
ridge,test_2023_2024,2024-07-01,services,2.8599999999999994,-2.6907201682076556,102.86,97.30927983179234
ridge,test_2023_2024,2024-08-01,total,0.20000000000000284,-3.2883197258237393,100.2,96.71168027417626
ridge,test_2023_2024,2024-08-01,non_food,0.5999999999999943,-3.5582537207934184,100.6,96.44174627920658
ridge,test_2023_2024,2024-08-01,food,-0.010000000000005116,-3.3309901575377108,99.99,96.66900984246229
ridge,test_2023_2024,2024-08-01,services,0.010000000000005116,-2.74869478152213,100.01,97.25130521847787
ridge,test_2023_2024,2024-09-01,non_food,0.6200000000000045,-2.9008096586504744,100.62,97.09919034134953
ridge,test_2023_2024,2024-09-01,services,0.5100000000000051,-2.335568286039101,100.51,97.6644317139609
ridge,test_2023_2024,2024-09-01,total,0.480000000000004,-2.7103240941526607,100.48,97.28967590584733
ridge,test_2023_2024,2024-09-01,food,0.3400000000000034,-2.699467419569748,100.34,97.30053258043026
ridge,test_2023_2024,2024-10-01,non_food,0.6800000000000068,-3.1644601777467596,100.68,96.83553982225324
ridge,test_2023_2024,2024-10-01,services,0.20999999999999375,-2.6485437398042864,100.21,97.35145626019572
ridge,test_2023_2024,2024-10-01,food,1.230000000000004,-2.963678410690769,101.23,97.03632158930922
ridge,test_2023_2024,2024-10-01,total,0.75,-2.9885595907136784,100.75,97.01144040928632
ridge,test_2023_2024,2024-11-01,services,1.3100000000000023,-2.8010998598074526,101.31,97.19890014019255
ridge,test_2023_2024,2024-11-01,non_food,0.5100000000000051,-3.2035399934796427,100.51,96.79646000652036
ridge,test_2023_2024,2024-11-01,food,2.3299999999999983,-2.889851080518328,102.33,97.11014891948167
ridge,test_2023_2024,2024-11-01,total,1.4300000000000068,-3.017236658610954,101.43,96.98276334138905
ridge,test_2023_2024,2024-12-01,non_food,0.8100000000000023,-3.2122247957633885,100.81,96.78777520423661
ridge,test_2023_2024,2024-12-01,services,0.20000000000000284,-2.6316850056302865,100.2,97.36831499436971
ridge,test_2023_2024,2024-12-01,food,2.5999999999999943,-2.6765971099204053,102.6,97.32340289007959
ridge,test_2023_2024,2024-12-01,total,1.3199999999999932,-2.8903605749841264,101.32,97.10963942501587
ridge,holdout_2025,2025-01-01,non_food,0.4200000000000017,1.5564562175749552,100.42,101.55645621757496
ridge,holdout_2025,2025-01-01,food,1.3299999999999983,2.21413751274756,101.33,102.21413751274756
ridge,holdout_2025,2025-01-01,services,2.069999999999993,1.962729198978841,102.07,101.96272919897883
ridge,holdout_2025,2025-01-01,total,1.230000000000004,1.8763246949970052,101.23,101.87632469499701
ridge,holdout_2025,2025-02-01,total,0.8100000000000023,-3.0421038731186476,100.81,96.95789612688135
ridge,holdout_2025,2025-02-01,non_food,0.2600000000000051,-3.441669226195918,100.26,96.55833077380409
ridge,holdout_2025,2025-02-01,services,0.8100000000000023,-2.6335486061805575,100.81,97.36645139381945
ridge,holdout_2025,2025-02-01,food,1.269999999999996,-2.8716750851899047,101.27,97.1283249148101
ridge,holdout_2025,2025-03-01,food,0.8299999999999983,-3.1860412607034974,100.83,96.81395873929651
ridge,holdout_2025,2025-03-01,non_food,0.14000000000000057,-3.7094137767054836,100.14,96.29058622329451
ridge,holdout_2025,2025-03-01,services,1.0100000000000051,-2.975000863851948,101.01,97.02499913614805
ridge,holdout_2025,2025-03-01,total,0.6500000000000057,-3.346611346569957,100.65,96.65338865343004
ridge,holdout_2025,2025-04-01,services,0.5300000000000011,-2.763488322350166,100.53,97.23651167764983
ridge,holdout_2025,2025-04-01,total,0.4000000000000057,-3.1832175623872274,100.4,96.81678243761277
ridge,holdout_2025,2025-04-01,food,0.7099999999999937,-3.070785452633256,100.71,96.92921454736674
ridge,holdout_2025,2025-04-01,non_food,-0.06999999999999318,-3.5312035957127588,99.93,96.46879640428725
ridge,holdout_2025,2025-05-01,non_food,-0.12999999999999545,-3.80904889332348,99.87,96.19095110667652
ridge,holdout_2025,2025-05-01,services,1.3400000000000034,-3.1241768093113054,101.34,96.87582319068869
ridge,holdout_2025,2025-05-01,total,0.4300000000000068,-3.4952044492690195,100.43,96.50479555073098
ridge,holdout_2025,2025-05-01,food,0.2600000000000051,-3.376124765811685,100.26,96.62387523418832
ridge,holdout_2025,2025-06-01,services,0.5900000000000034,-2.8771858196697426,100.59,97.12281418033025
ridge,holdout_2025,2025-06-01,food,0.10999999999999943,-3.3182403711889057,100.11,96.6817596288111
ridge,holdout_2025,2025-06-01,non_food,-0.030000000000001137,-3.7299563030750047,99.97,96.270043696925
ridge,holdout_2025,2025-06-01,total,0.20000000000000284,-3.377744285608089,100.2,96.62225571439191
ridge,holdout_2025,2025-07-01,food,-0.6400000000000006,-3.2330585601306696,99.36,96.76694143986933
ridge,holdout_2025,2025-07-01,total,0.5699999999999932,-3.3348281998847398,100.57,96.66517180011526
ridge,holdout_2025,2025-07-01,services,2.6899999999999977,-2.955962198036703,102.69,97.0440378019633
ridge,holdout_2025,2025-07-01,non_food,0.18999999999999773,-3.6338747974137515,100.19,96.36612520258625
ridge,holdout_2025,2025-08-01,food,-0.9099999999999966,-3.714368545841399,99.09,96.2856314541586
ridge,holdout_2025,2025-08-01,total,-0.4000000000000057,-3.6440930489148373,99.6,96.35590695108516
ridge,holdout_2025,2025-08-01,services,-0.6200000000000045,-3.01024014131683,99.38,96.98975985868317
ridge,holdout_2025,2025-08-01,non_food,0.4200000000000017,-3.9561317426806184,100.42,96.04386825731939
ridge,holdout_2025,2025-09-01,services,0.46999999999999886,-2.6928167444091606,100.47,97.30718325559084
ridge,holdout_2025,2025-09-01,food,0.030000000000001137,-3.130969826026994,100.03,96.869030173973
ridge,holdout_2025,2025-09-01,total,0.3400000000000034,-3.0964503503466414,100.34,96.90354964965336
ridge,holdout_2025,2025-09-01,non_food,0.5900000000000034,-3.2498858260058805,100.59,96.75011417399412
ridge,holdout_2025,2025-10-01,non_food,0.6700000000000017,-3.4557004025931572,100.67,96.54429959740685
ridge,holdout_2025,2025-10-01,total,0.5,-3.291707239242399,100.5,96.7082927607576
ridge,holdout_2025,2025-10-01,services,-0.4200000000000017,-2.934215640564995,99.58,97.065784359435
ridge,holdout_2025,2025-10-01,food,1.0499999999999972,-3.2864323031959675,101.05,96.71356769680403
ridge,holdout_2025,2025-11-01,total,0.4200000000000017,-3.3069437939783732,100.42,96.69305620602162
ridge,holdout_2025,2025-11-01,services,0.35999999999999943,-3.1442778045608977,100.36,96.8557221954391
ridge,holdout_2025,2025-11-01,non_food,0.1599999999999966,-3.484861724258117,100.16,96.51513827574189
ridge,holdout_2025,2025-11-01,food,0.6899999999999977,-3.146555250702196,100.69,96.85344474929781
ridge,holdout_2025,2025-12-01,services,0.15000000000000568,-3.064372218054471,100.15,96.93562778194553
ridge,holdout_2025,2025-12-01,non_food,0.3400000000000034,-3.5620458544111644,100.34,96.43795414558883
ridge,holdout_2025,2025-12-01,food,0.4300000000000068,-3.1758758017650424,100.43,96.82412419823495
ridge,holdout_2025,2025-12-01,total,0.3199999999999932,-3.3205623833513407,100.32,96.67943761664866
ridge,recent_actual,2026-01-01,services,2.3299999999999983,1.593923722089282,102.33,101.59392372208929
ridge,recent_actual,2026-01-01,total,1.6200000000000045,1.3498155862006902,101.62,101.34981558620069
ridge,recent_actual,2026-01-01,food,1.9500000000000028,1.471043993808557,101.95,101.47104399380856
ridge,recent_actual,2026-01-01,non_food,0.6099999999999994,1.143338969895476,100.61,101.14333896989548
ridge,recent_actual,2026-02-01,services,1.0999999999999943,-2.9331459837521034,101.1,97.0668540162479
ridge,recent_actual,2026-02-01,total,0.730000000000004,-3.4030468712013136,100.73,96.59695312879869
ridge,recent_actual,2026-02-01,non_food,0.28000000000000114,-3.78468843636926,100.28,96.21531156363073
ridge,recent_actual,2026-02-01,food,0.8400000000000034,-3.301351535182075,100.84,96.69864846481792
ridge,recent_actual,2026-03-01,non_food,0.46999999999999886,-4.043878328591843,100.47,95.95612167140816
ridge,recent_actual,2026-03-01,food,0.37999999999999545,-3.661014092924865,100.38,96.33898590707514
ridge,recent_actual,2026-03-01,services,1.0699999999999932,-3.2485119667318854,101.07,96.75148803326812
ridge,recent_actual,2026-03-01,total,0.5999999999999943,-3.7177375447817473,100.6,96.28226245521826
huber,val_2019_2022,2019-01-01,non_food,0.6400000000000006,1.1891933180933496,100.64,101.18919331809334
huber,val_2019_2022,2019-01-01,services,1.1299999999999955,1.174466882550374,101.13,101.17446688255038
huber,val_2019_2022,2019-01-01,food,1.269999999999996,1.6557931434528057,101.27,101.65579314345281
huber,val_2019_2022,2019-01-01,total,1.0100000000000051,1.3799019460250026,101.01,101.379901946025
huber,val_2019_2022,2019-02-01,food,0.7900000000000063,0.6281306544458014,100.79,100.6281306544458
huber,val_2019_2022,2019-02-01,non_food,0.2600000000000051,0.32570461530675865,100.26,100.32570461530676
huber,val_2019_2022,2019-02-01,services,0.20000000000000284,0.4684098225869091,100.2,100.4684098225869
huber,val_2019_2022,2019-02-01,total,0.4399999999999977,0.4976281461015182,100.44,100.49762814610152
huber,val_2019_2022,2019-03-01,total,0.3199999999999932,0.39221573521190045,100.32,100.3922157352119
huber,val_2019_2022,2019-03-01,services,0.12999999999999545,0.28182483201740993,100.13,100.2818248320174
huber,val_2019_2022,2019-03-01,non_food,0.25,0.27243660725066743,100.25,100.27243660725067
huber,val_2019_2022,2019-03-01,food,0.5300000000000011,0.5349505029381696,100.53,100.53495050293817
huber,val_2019_2022,2019-04-01,non_food,0.18999999999999773,0.29803500770117153,100.19,100.29803500770117
huber,val_2019_2022,2019-04-01,food,0.4300000000000068,0.4874335166662107,100.43,100.48743351666621
huber,val_2019_2022,2019-04-01,services,0.20999999999999375,0.2930165024804374,100.21,100.29301650248044
huber,val_2019_2022,2019-04-01,total,0.29000000000000625,0.38615756951975744,100.29,100.38615756951975
huber,val_2019_2022,2019-05-01,non_food,0.20999999999999375,0.2629833780949249,100.21,100.26298337809493
huber,val_2019_2022,2019-05-01,services,0.39000000000000057,0.2982163525009671,100.39,100.29821635250097
huber,val_2019_2022,2019-05-01,food,0.4099999999999966,0.41715882114467684,100.41,100.41715882114468
huber,val_2019_2022,2019-05-01,total,0.3400000000000034,0.3511743916165617,100.34,100.35117439161657
huber,val_2019_2022,2019-06-01,non_food,0.1700000000000017,0.17139791830097728,100.17,100.17139791830098
huber,val_2019_2022,2019-06-01,total,0.04000000000000625,0.27410824207917894,100.04,100.27410824207918
huber,val_2019_2022,2019-06-01,services,0.5999999999999943,0.25935474824032334,100.6,100.25935474824033
huber,val_2019_2022,2019-06-01,food,-0.480000000000004,0.32499390567597963,99.52,100.32499390567598
huber,val_2019_2022,2019-07-01,non_food,0.1700000000000017,0.19319012592296714,100.17,100.19319012592297
huber,val_2019_2022,2019-07-01,food,-0.29999999999999716,0.1364341457190661,99.7,100.13643414571906
huber,val_2019_2022,2019-07-01,services,0.9300000000000068,0.3395038711476839,100.93,100.33950387114768
huber,val_2019_2022,2019-07-01,total,0.20000000000000284,0.23047693243125345,100.2,100.23047693243126
huber,val_2019_2022,2019-08-01,services,0.18000000000000682,0.11341007627225608,100.18,100.11341007627226
huber,val_2019_2022,2019-08-01,non_food,0.1700000000000017,-0.11956421929949013,100.17,99.88043578070051
huber,val_2019_2022,2019-08-01,total,-0.23999999999999488,-0.049273969752248625,99.76,99.95072603024775
huber,val_2019_2022,2019-08-01,food,-0.9099999999999966,-0.15238908280386587,99.09,99.84761091719614
huber,val_2019_2022,2019-09-01,services,-0.23000000000000398,0.16710076508860627,99.77,100.1671007650886
huber,val_2019_2022,2019-09-01,non_food,0.18999999999999773,0.11448919306370797,100.19,100.1144891930637
huber,val_2019_2022,2019-09-01,total,-0.1599999999999966,0.07836357085565515,99.84,100.07836357085566
huber,val_2019_2022,2019-09-01,food,-0.4399999999999977,-0.0660581370599238,99.56,99.93394186294007
huber,val_2019_2022,2019-10-01,non_food,0.3100000000000023,0.3586654420705442,100.31,100.35866544207055
huber,val_2019_2022,2019-10-01,total,0.12999999999999545,0.31719612762935334,100.13,100.31719612762936
huber,val_2019_2022,2019-10-01,food,0.18000000000000682,0.2654671299016478,100.18,100.26546712990165
huber,val_2019_2022,2019-10-01,services,-0.18000000000000682,0.2651286838284488,99.82,100.26512868382845
huber,val_2019_2022,2019-11-01,total,0.28000000000000114,0.3321047306688145,100.28,100.33210473066882
huber,val_2019_2022,2019-11-01,services,0.10999999999999943,0.21378029616529837,100.11,100.2137802961653
huber,val_2019_2022,2019-11-01,food,0.45000000000000284,0.3695121365546319,100.45,100.36951213655463
huber,val_2019_2022,2019-11-01,non_food,0.23000000000000398,0.32848831829489034,100.23,100.32848831829489
huber,val_2019_2022,2019-12-01,total,0.35999999999999943,0.3907958647595686,100.36,100.39079586475957
huber,val_2019_2022,2019-12-01,services,0.23999999999999488,0.29817562543313847,100.24,100.29817562543313
huber,val_2019_2022,2019-12-01,non_food,0.14000000000000057,0.31648511597613815,100.14,100.31648511597614
huber,val_2019_2022,2019-12-01,food,0.6500000000000057,0.47548206539441606,100.65,100.47548206539442
huber,val_2019_2022,2020-01-01,non_food,0.23000000000000398,1.1170228591568225,100.23,101.11702285915682
huber,val_2019_2022,2020-01-01,services,0.23999999999999488,1.1411983009919362,100.24,101.14119830099193
huber,val_2019_2022,2020-01-01,total,0.4000000000000057,1.2132520077170401,100.4,101.21325200771705
huber,val_2019_2022,2020-01-01,food,0.6899999999999977,1.3033958420686749,100.69,101.30339584206868
huber,val_2019_2022,2020-02-01,food,0.5699999999999932,0.3532746222637291,100.57,100.35327462226373
huber,val_2019_2022,2020-02-01,non_food,0.04000000000000625,0.15143392187675397,100.04,100.15143392187676
huber,val_2019_2022,2020-02-01,services,0.37000000000000455,0.15846283609567458,100.37,100.15846283609568
huber,val_2019_2022,2020-02-01,total,0.3299999999999983,0.24728135788485162,100.33,100.24728135788484
huber,val_2019_2022,2020-03-01,total,0.5499999999999972,0.2560856050971121,100.55,100.25608560509711
huber,val_2019_2022,2020-03-01,food,0.9599999999999937,0.33165544516088463,100.96,100.33165544516089
huber,val_2019_2022,2020-03-01,services,0.09000000000000341,0.2449006106836027,100.09,100.2449006106836
huber,val_2019_2022,2020-03-01,non_food,0.480000000000004,0.12899003340239057,100.48,100.12899003340239
huber,val_2019_2022,2020-04-01,food,1.7199999999999989,0.46267661315727215,101.72,100.46267661315727
huber,val_2019_2022,2020-04-01,services,0.12000000000000455,0.22021061629393257,100.12,100.22021061629393
huber,val_2019_2022,2020-04-01,non_food,0.4399999999999977,0.2776418839291923,100.44,100.27764188392919
huber,val_2019_2022,2020-04-01,total,0.8299999999999983,0.3497837548891969,100.83,100.3497837548892
huber,val_2019_2022,2020-05-01,food,0.1599999999999966,0.6783799391406196,100.16,100.67837993914063
huber,val_2019_2022,2020-05-01,services,0.45999999999999375,0.1823605546748701,100.46,100.18236055467487
huber,val_2019_2022,2020-05-01,total,0.269999999999996,0.4168460516380863,100.27,100.41684605163809
huber,val_2019_2022,2020-05-01,non_food,0.25,0.2681924286418442,100.25,100.26819242864184
huber,val_2019_2022,2020-06-01,food,0.1700000000000017,0.20512800750654403,100.17,100.20512800750654
huber,val_2019_2022,2020-06-01,services,0.12000000000000455,0.19821690696099115,100.12,100.198216906961
huber,val_2019_2022,2020-06-01,total,0.21999999999999886,0.20009634573901414,100.22,100.20009634573901
huber,val_2019_2022,2020-06-01,non_food,0.3400000000000034,0.14610436115421876,100.34,100.14610436115422
huber,val_2019_2022,2020-07-01,total,0.3499999999999943,0.23844983786335394,100.35,100.23844983786336
huber,val_2019_2022,2020-07-01,services,0.9899999999999949,0.1650085162801176,100.99,100.16500851628012
huber,val_2019_2022,2020-07-01,food,-0.06999999999999318,0.24710440520390287,99.93,100.2471044052039
huber,val_2019_2022,2020-07-01,non_food,0.29000000000000625,0.2293176151600247,100.29,100.22931761516003
huber,val_2019_2022,2020-08-01,total,-0.04000000000000625,-0.04414535894925109,99.96,99.95585464105075
huber,val_2019_2022,2020-08-01,food,-0.769999999999996,-0.10837752011302504,99.23,99.89162247988698
huber,val_2019_2022,2020-08-01,non_food,0.4099999999999966,-0.09252406678426839,100.41,99.90747593321574
huber,val_2019_2022,2020-08-01,services,0.37000000000000455,0.03283697621311532,100.37,100.03283697621312
huber,val_2019_2022,2020-09-01,total,-0.06999999999999318,0.09338899382309496,99.93,100.0933889938231
huber,val_2019_2022,2020-09-01,food,-0.4099999999999966,-0.06855932849187418,99.59,99.93144067150813
huber,val_2019_2022,2020-09-01,non_food,0.5600000000000023,0.1599750648771674,100.56,100.15997506487717
huber,val_2019_2022,2020-09-01,services,-0.4200000000000017,0.15465625989602927,99.58,100.15465625989603
huber,val_2019_2022,2020-10-01,services,-0.12999999999999545,0.16713670765097133,99.87,100.16713670765097
huber,val_2019_2022,2020-10-01,total,0.4300000000000068,0.30717013272762284,100.43,100.30717013272762
huber,val_2019_2022,2020-10-01,food,0.6200000000000045,0.21308898516731212,100.62,100.21308898516732
huber,val_2019_2022,2020-10-01,non_food,0.6800000000000068,0.459013915457104,100.68,100.4590139154571
huber,val_2019_2022,2020-11-01,non_food,0.5799999999999983,0.45838797653705954,100.58,100.45838797653705
huber,val_2019_2022,2020-11-01,total,0.7099999999999937,0.41610504469844933,100.71,100.41610504469845
huber,val_2019_2022,2020-11-01,services,0.04999999999999716,0.16683874689260136,100.05,100.16683874689261
huber,val_2019_2022,2020-11-01,food,1.3400000000000034,0.5103080671239555,101.34,100.51030806712396
huber,val_2019_2022,2020-12-01,services,0.4200000000000017,0.2515733274650027,100.42,100.251573327465
huber,val_2019_2022,2020-12-01,non_food,0.4000000000000057,0.4548490257786404,100.4,100.45484902577864
huber,val_2019_2022,2020-12-01,food,1.5300000000000011,0.7506632991995799,101.53,100.75066329919957
huber,val_2019_2022,2020-12-01,total,0.8299999999999983,0.5262930276916888,100.83,100.5262930276917
huber,val_2019_2022,2021-01-01,non_food,0.5300000000000011,1.2472034264122551,100.53,101.24720342641226
huber,val_2019_2022,2021-01-01,food,1.0100000000000051,1.672782443030318,101.01,101.67278244303031
huber,val_2019_2022,2021-01-01,total,0.6700000000000017,1.3948010844823866,100.67,101.39480108448238
huber,val_2019_2022,2021-01-01,services,0.37999999999999545,1.1348742829217184,100.38,101.13487428292171
huber,val_2019_2022,2021-02-01,total,0.7800000000000011,0.4133404700097376,100.78,100.41334047000974
huber,val_2019_2022,2021-02-01,food,1.2199999999999989,0.6191791581552013,101.22,100.6191791581552
huber,val_2019_2022,2021-02-01,services,0.4399999999999977,0.18881479437785353,100.44,100.18881479437785
huber,val_2019_2022,2021-02-01,non_food,0.5799999999999983,0.31351036954684885,100.58,100.31351036954685
huber,val_2019_2022,2021-03-01,total,0.6599999999999966,0.49195626222989297,100.66,100.49195626222989
huber,val_2019_2022,2021-03-01,food,0.8199999999999932,0.7141952183699702,100.82,100.71419521836997
huber,val_2019_2022,2021-03-01,non_food,0.7199999999999989,0.3792891721484617,100.72,100.37928917214846
huber,val_2019_2022,2021-03-01,services,0.37000000000000455,0.2648961330726287,100.37,100.26489613307263
huber,val_2019_2022,2021-04-01,total,0.5799999999999983,0.49782995099926897,100.58,100.49782995099928
huber,val_2019_2022,2021-04-01,services,0.21999999999999886,0.29465911664869715,100.22,100.2946591166487
huber,val_2019_2022,2021-04-01,non_food,0.6599999999999966,0.45797246610471865,100.66,100.45797246610472
huber,val_2019_2022,2021-04-01,food,0.75,0.6335195628186354,100.75,100.63351956281863
huber,val_2019_2022,2021-05-01,non_food,0.7399999999999949,0.43135912450070135,100.74,100.4313591245007
huber,val_2019_2022,2021-05-01,services,0.4399999999999977,0.23162323870958534,100.44,100.23162323870959
huber,val_2019_2022,2021-05-01,total,0.7399999999999949,0.42434623269468563,100.74,100.42434623269469
huber,val_2019_2022,2021-05-01,food,0.9599999999999937,0.5012969969849195,100.96,100.50129699698492
huber,val_2019_2022,2021-06-01,total,0.6899999999999977,0.4025407977769131,100.69,100.40254079777691
huber,val_2019_2022,2021-06-01,non_food,0.6800000000000068,0.40266568619347254,100.68,100.40266568619347
huber,val_2019_2022,2021-06-01,services,0.7600000000000051,0.19326974094451987,100.76,100.19326974094452
huber,val_2019_2022,2021-06-01,food,0.6400000000000006,0.5028707363845166,100.64,100.50287073638452
huber,val_2019_2022,2021-07-01,food,-0.5,0.5231268573147814,99.5,100.52312685731478
huber,val_2019_2022,2021-07-01,total,0.3100000000000023,0.4795195875498539,100.31,100.47951958754986
huber,val_2019_2022,2021-07-01,non_food,0.769999999999996,0.4591150893768474,100.77,100.45911508937685
huber,val_2019_2022,2021-07-01,services,0.8799999999999955,0.37230873760270655,100.88,100.37230873760271
huber,val_2019_2022,2021-08-01,total,0.1700000000000017,0.04284854828172602,100.17,100.04284854828173
huber,val_2019_2022,2021-08-01,non_food,0.7999999999999972,0.16833564918805877,100.8,100.16833564918807
huber,val_2019_2022,2021-08-01,food,-0.5100000000000051,-0.13418427076651396,99.49,99.86581572923349
huber,val_2019_2022,2021-08-01,services,0.3199999999999932,0.06736077584168498,100.32,100.06736077584168
huber,val_2019_2022,2021-09-01,food,0.9899999999999949,0.10096462993038102,100.99,100.10096462993039
huber,val_2019_2022,2021-09-01,total,0.5999999999999943,0.24585280068836468,100.6,100.24585280068837
huber,val_2019_2022,2021-09-01,non_food,0.6400000000000006,0.42332226271102424,100.64,100.42332226271103
huber,val_2019_2022,2021-09-01,services,0.0,0.15680057896427124,100.0,100.15680057896427
huber,val_2019_2022,2021-10-01,non_food,0.7800000000000011,0.6319636158682984,100.78,100.6319636158683
huber,val_2019_2022,2021-10-01,services,0.010000000000005116,0.3314834932329842,100.01,100.33148349323298
huber,val_2019_2022,2021-10-01,food,2.1700000000000017,0.7918146055359601,102.17,100.79181460553596
huber,val_2019_2022,2021-10-01,total,1.1099999999999994,0.6288508451851214,101.11,100.62885084518513
huber,val_2019_2022,2021-11-01,services,0.8100000000000023,0.2786498287368493,100.81,100.27864982873685
huber,val_2019_2022,2021-11-01,total,0.9599999999999937,0.7324692799355419,100.96,100.73246927993554
huber,val_2019_2022,2021-11-01,food,1.269999999999996,1.1145576445536398,101.27,101.11455764455364
huber,val_2019_2022,2021-11-01,non_food,0.7199999999999989,0.6087556947377135,100.72,100.60875569473771
huber,val_2019_2022,2021-12-01,total,0.8199999999999932,0.722159429294714,100.82,100.72215942929472
huber,val_2019_2022,2021-12-01,non_food,0.6400000000000006,0.6165834720379788,100.64,100.61658347203797
huber,val_2019_2022,2021-12-01,food,1.3599999999999994,0.9167955984105061,101.36,100.9167955984105
huber,val_2019_2022,2021-12-01,services,0.2600000000000051,0.5083170568765221,100.26,100.50831705687652
huber,val_2019_2022,2022-01-01,food,1.4399999999999977,1.7779938545874252,101.44,101.77799385458742
huber,val_2019_2022,2022-01-01,services,0.7600000000000051,1.199532725244675,100.76,101.19953272524468
huber,val_2019_2022,2022-01-01,non_food,0.6700000000000017,1.4258364142008895,100.67,101.42583641420089
huber,val_2019_2022,2022-01-01,total,0.9899999999999949,1.5206865239514475,100.99,101.52068652395145
huber,val_2019_2022,2022-02-01,non_food,0.7800000000000011,0.46626387988735685,100.78,100.46626387988735
huber,val_2019_2022,2022-02-01,food,1.5600000000000023,0.8779326688879858,101.56,100.87793266888798
huber,val_2019_2022,2022-02-01,services,1.1299999999999955,0.36727397861963773,101.13,100.36727397861964
huber,val_2019_2022,2022-02-01,total,1.1700000000000017,0.6167897605491923,101.17,100.6167897605492
huber,val_2019_2022,2022-03-01,food,6.730000000000004,0.8934751279824344,106.73,100.89347512798244
huber,val_2019_2022,2022-03-01,services,3.989999999999995,0.5524931832708324,103.99,100.55249318327083
huber,val_2019_2022,2022-03-01,non_food,11.25,0.5413817853709757,111.25,100.54138178537097
huber,val_2019_2022,2022-03-01,total,7.609999999999999,0.6979622442589983,107.61,100.697962244259
huber,val_2019_2022,2022-04-01,total,1.5600000000000023,2.5923595787738165,101.56,102.59235957877382
huber,val_2019_2022,2022-04-01,services,1.0699999999999932,1.450442143102842,101.07,101.45044214310285
huber,val_2019_2022,2022-04-01,food,2.8700000000000045,2.4001852715245477,102.87,102.40018527152455
huber,val_2019_2022,2022-04-01,non_food,0.5300000000000011,3.5943562762910655,100.53,103.59435627629107
huber,val_2019_2022,2022-05-01,total,0.12000000000000455,1.2532213132880703,100.12,101.25322131328807
huber,val_2019_2022,2022-05-01,services,-0.3199999999999932,0.7628379479663248,99.68,100.76283794796632
huber,val_2019_2022,2022-05-01,food,0.5999999999999943,1.6518177340510127,100.6,101.65181773405101
huber,val_2019_2022,2022-05-01,non_food,-0.09000000000000341,1.1398969981516363,99.91,101.13989699815164
huber,val_2019_2022,2022-06-01,total,-0.3499999999999943,0.5888290295502951,99.65,100.5888290295503
huber,val_2019_2022,2022-06-01,services,0.8799999999999955,0.2421488318142433,100.88,100.24214883181425
huber,val_2019_2022,2022-06-01,non_food,-0.4099999999999966,0.512694225860066,99.59,100.51269422586006
huber,val_2019_2022,2022-06-01,food,-1.0999999999999943,0.8441605062162347,98.9,100.84416050621624
huber,val_2019_2022,2022-07-01,food,-1.5300000000000011,0.4239372553659315,98.47,100.42393725536593
huber,val_2019_2022,2022-07-01,non_food,-0.4399999999999977,0.6232422173334817,99.56,100.62324221733348
huber,val_2019_2022,2022-07-01,services,1.4099999999999966,0.6080654751005741,101.41,100.60806547510057
huber,val_2019_2022,2022-07-01,total,-0.39000000000000057,0.5577178176512749,99.61,100.55771781765128
huber,val_2019_2022,2022-08-01,services,0.04999999999999716,0.4570653818404793,100.05,100.45706538184048
huber,val_2019_2022,2022-08-01,total,-0.519999999999996,0.19071707048701558,99.48,100.19071707048701
huber,val_2019_2022,2022-08-01,food,-1.3599999999999994,-0.06553848506024273,98.64,99.93446151493976
huber,val_2019_2022,2022-08-01,non_food,-0.04999999999999716,0.23471064268402753,99.95,100.23471064268402
huber,val_2019_2022,2022-09-01,non_food,0.15000000000000568,0.04159200537610186,100.15,100.0415920053761
huber,val_2019_2022,2022-09-01,services,0.5100000000000051,0.19484056316975273,100.51,100.19484056316975
huber,val_2019_2022,2022-09-01,total,0.04999999999999716,0.06513072290582578,100.05,100.06513072290582
huber,val_2019_2022,2022-09-01,food,-0.37999999999999545,-0.05183579300855978,99.62,99.94816420699144
huber,val_2019_2022,2022-10-01,services,0.23999999999999488,0.6442582718080874,100.24,100.64425827180808
huber,val_2019_2022,2022-10-01,food,0.28000000000000114,0.5221227657354031,100.28,100.5221227657354
huber,val_2019_2022,2022-10-01,non_food,0.04000000000000625,0.7364123813578538,100.04,100.73641238135785
huber,val_2019_2022,2022-10-01,total,0.18000000000000682,0.651348663356873,100.18,100.65134866335687
huber,val_2019_2022,2022-11-01,services,0.7600000000000051,0.6290453205348838,100.76,100.62904532053489
huber,val_2019_2022,2022-11-01,non_food,0.060000000000002274,0.6495675244157004,100.06,100.6495675244157
huber,val_2019_2022,2022-11-01,food,0.4000000000000057,0.6518897375794701,100.4,100.65188973757947
huber,val_2019_2022,2022-11-01,total,0.37000000000000455,0.6620295688585984,100.37,100.6620295688586
huber,val_2019_2022,2022-12-01,food,0.5999999999999943,0.732348890328923,100.6,100.73234889032892
huber,val_2019_2022,2022-12-01,services,2.0400000000000063,0.6999909275763223,102.04,100.69999092757632
huber,val_2019_2022,2022-12-01,non_food,0.04999999999999716,0.6508745562098288,100.05,100.65087455620983
huber,val_2019_2022,2022-12-01,total,0.7800000000000011,0.7122698356361354,100.78,100.71226983563614
huber,test_2023_2024,2023-01-01,food,1.3199999999999932,1.6042933241068114,101.32,101.6042933241068
huber,test_2023_2024,2023-01-01,total,0.8400000000000034,1.6503425976206003,100.84,101.65034259762061
huber,test_2023_2024,2023-01-01,services,1.0100000000000051,1.9055033427505927,101.01,101.90550334275059
huber,test_2023_2024,2023-01-01,non_food,0.20999999999999375,1.46108185457915,100.21,101.46108185457915
huber,test_2023_2024,2023-02-01,non_food,-0.0799999999999983,0.5003055250969743,99.92,100.50030552509698
huber,test_2023_2024,2023-02-01,food,0.7900000000000063,0.8216255069791749,100.79,100.82162550697917
huber,test_2023_2024,2023-02-01,services,0.7199999999999989,0.770577898332341,100.72,100.77057789833233
huber,test_2023_2024,2023-02-01,total,0.45999999999999375,0.7103052093920286,100.46,100.71030520939203
huber,test_2023_2024,2023-03-01,non_food,0.14000000000000057,0.49881970727145974,100.14,100.49881970727147
huber,test_2023_2024,2023-03-01,services,0.9699999999999989,0.6800613616350064,100.97,100.68006136163501
huber,test_2023_2024,2023-03-01,food,0.12999999999999545,0.7130280493065559,100.13,100.71302804930656
huber,test_2023_2024,2023-03-01,total,0.37000000000000455,0.6445165819914216,100.37,100.64451658199143
huber,test_2023_2024,2023-04-01,non_food,0.15000000000000568,0.10318878416370669,100.15,100.1031887841637
huber,test_2023_2024,2023-04-01,total,0.37999999999999545,0.3419867859881718,100.38,100.34198678598817
huber,test_2023_2024,2023-04-01,food,0.29000000000000625,0.2741292983933854,100.29,100.27412929839339
huber,test_2023_2024,2023-04-01,services,0.7900000000000063,0.6791573194446854,100.79,100.67915731944468
huber,test_2023_2024,2023-05-01,services,1.1299999999999955,0.5795534392472068,101.13,100.5795534392472
huber,test_2023_2024,2023-05-01,total,0.3100000000000023,0.26334847546277906,100.31,100.26334847546278
huber,test_2023_2024,2023-05-01,food,-0.3100000000000023,0.1687627740352564,99.69,100.16876277403526
huber,test_2023_2024,2023-05-01,non_food,0.3400000000000034,0.07108849628403036,100.34,100.07108849628403
huber,test_2023_2024,2023-06-01,total,0.37000000000000455,0.1590319093720023,100.37,100.159031909372
huber,test_2023_2024,2023-06-01,food,-0.010000000000005116,-0.09665709751816287,99.99,99.90334290248184
huber,test_2023_2024,2023-06-01,non_food,0.4200000000000017,0.056745991224712355,100.42,100.05674599122472
huber,test_2023_2024,2023-06-01,services,0.8299999999999983,0.5871156781053117,100.83,100.5871156781053
huber,test_2023_2024,2023-07-01,total,0.6299999999999955,0.2527836436989177,100.63,100.25278364369892
huber,test_2023_2024,2023-07-01,services,0.480000000000004,0.6241678442436855,100.48,100.62416784424369
huber,test_2023_2024,2023-07-01,non_food,0.9099999999999966,0.1654369677482883,100.91,100.16543696774829
huber,test_2023_2024,2023-07-01,food,0.4899999999999949,0.02204657448526426,100.49,100.02204657448526
huber,test_2023_2024,2023-08-01,total,0.28000000000000114,0.04267832375301239,100.28,100.04267832375301
huber,test_2023_2024,2023-08-01,food,-0.060000000000002274,-0.07502041565226891,99.94,99.92497958434772
huber,test_2023_2024,2023-08-01,non_food,1.1400000000000006,0.0259253049175725,101.14,100.02592530491758
huber,test_2023_2024,2023-08-01,services,-0.3199999999999932,0.1647025460164775,99.68,100.16470254601647
huber,test_2023_2024,2023-09-01,total,0.8700000000000045,0.23192658067203542,100.87,100.23192658067204
huber,test_2023_2024,2023-09-01,food,0.8599999999999994,0.10835988166389798,100.86,100.1083598816639
huber,test_2023_2024,2023-09-01,services,0.6099999999999994,0.17372683523369314,100.61,100.1737268352337
huber,test_2023_2024,2023-09-01,non_food,1.0900000000000034,0.36798205602088974,101.09,100.36798205602089
huber,test_2023_2024,2023-10-01,food,1.3499999999999943,0.6051038346343633,101.35,100.60510383463436
huber,test_2023_2024,2023-10-01,services,0.480000000000004,0.6419582377788342,100.48,100.64195823777884
huber,test_2023_2024,2023-10-01,total,0.8299999999999983,0.6419565522558388,100.83,100.64195655225583
huber,test_2023_2024,2023-10-01,non_food,0.5499999999999972,0.6346450341446728,100.55,100.63464503414467
huber,test_2023_2024,2023-11-01,non_food,0.5300000000000011,0.45757623832989713,100.53,100.45757623832989
huber,test_2023_2024,2023-11-01,services,1.230000000000004,0.5808061300759091,101.23,100.58080613007591
huber,test_2023_2024,2023-11-01,total,1.1099999999999994,0.6266609351646624,101.11,100.62666093516467
huber,test_2023_2024,2023-11-01,food,1.5499999999999972,0.7723693553157429,101.55,100.77236935531575
huber,test_2023_2024,2023-12-01,services,0.09999999999999432,0.7967437762700911,100.1,100.79674377627009
huber,test_2023_2024,2023-12-01,total,0.730000000000004,0.7281265696260864,100.73,100.72812656962608
huber,test_2023_2024,2023-12-01,food,1.4899999999999949,0.8684779783539283,101.49,100.86847797835392
huber,test_2023_2024,2023-12-01,non_food,0.4200000000000017,0.4699120709825979,100.42,100.4699120709826
huber,test_2023_2024,2024-01-01,total,0.8599999999999994,1.4574941279588425,100.86,101.45749412795884
huber,test_2023_2024,2024-01-01,non_food,0.46999999999999886,1.2711558665186529,100.47,101.27115586651865
huber,test_2023_2024,2024-01-01,services,0.7800000000000011,1.2957747999524578,100.78,101.29577479995245
huber,test_2023_2024,2024-01-01,food,1.2600000000000051,1.7021697768379709,101.26,101.70216977683798
huber,test_2023_2024,2024-02-01,non_food,0.2600000000000051,0.3051742752409812,100.26,100.30517427524099
huber,test_2023_2024,2024-02-01,food,0.769999999999996,0.6974113286254329,100.77,100.69741132862544
huber,test_2023_2024,2024-02-01,services,1.0600000000000023,0.48749919013572796,101.06,100.48749919013572
huber,test_2023_2024,2024-02-01,total,0.6800000000000068,0.5237947554577151,100.68,100.52379475545771
huber,test_2023_2024,2024-03-01,non_food,0.269999999999996,0.2972642505044649,100.27,100.29726425050447
huber,test_2023_2024,2024-03-01,total,0.39000000000000057,0.5027549708963424,100.39,100.50275497089635
huber,test_2023_2024,2024-03-01,services,0.8299999999999983,0.5997088714132122,100.83,100.59970887141321
huber,test_2023_2024,2024-03-01,food,0.1700000000000017,0.5640844718860798,100.17,100.56408447188608
huber,test_2023_2024,2024-04-01,total,0.5,0.46761685065336334,100.5,100.46761685065336
huber,test_2023_2024,2024-04-01,services,0.6200000000000045,0.5798826083151216,100.62,100.57988260831512
huber,test_2023_2024,2024-04-01,food,0.4899999999999949,0.42997626536533895,100.49,100.42997626536534
huber,test_2023_2024,2024-04-01,non_food,0.4099999999999966,0.36066819937632477,100.41,100.36066819937632
huber,test_2023_2024,2024-05-01,services,1.5300000000000011,0.4574333508375401,101.53,100.45743335083753
huber,test_2023_2024,2024-05-01,non_food,0.45999999999999375,0.3845647857045824,100.46,100.38456478570458
huber,test_2023_2024,2024-05-01,total,0.7399999999999949,0.4559371729879138,100.74,100.45593717298792
huber,test_2023_2024,2024-05-01,food,0.4099999999999966,0.4680649557289649,100.41,100.46806495572896
huber,test_2023_2024,2024-06-01,total,0.6400000000000006,0.47939133032874315,100.64,100.47939133032874
huber,test_2023_2024,2024-06-01,non_food,0.29000000000000625,0.33554960562234815,100.29,100.33554960562235
huber,test_2023_2024,2024-06-01,services,1.0600000000000023,0.673649133434524,101.06,100.67364913343452
huber,test_2023_2024,2024-06-01,food,0.6299999999999955,0.41431066405960193,100.63,100.4143106640596
huber,test_2023_2024,2024-07-01,total,1.1400000000000006,0.5227096296139822,101.14,100.52270962961398
huber,test_2023_2024,2024-07-01,non_food,0.5799999999999983,0.3483731108060195,100.58,100.34837311080602
huber,test_2023_2024,2024-07-01,food,0.35999999999999943,0.552364472959832,100.36,100.55236447295984
huber,test_2023_2024,2024-07-01,services,2.8599999999999994,0.6208726683183678,102.86,100.62087266831837
huber,test_2023_2024,2024-08-01,total,0.20000000000000284,0.33681825436170776,100.2,100.3368182543617
huber,test_2023_2024,2024-08-01,non_food,0.5999999999999943,0.08687729492457841,100.6,100.08687729492458
huber,test_2023_2024,2024-08-01,food,-0.010000000000005116,0.17061516559189105,99.99,100.1706151655919
huber,test_2023_2024,2024-08-01,services,0.010000000000005116,0.7911413456119505,100.01,100.79114134561195
huber,test_2023_2024,2024-09-01,non_food,0.6200000000000045,0.31607582947684176,100.62,100.31607582947684
huber,test_2023_2024,2024-09-01,services,0.5100000000000051,0.3936707350530746,100.51,100.39367073505308
huber,test_2023_2024,2024-09-01,total,0.480000000000004,0.3642783765926447,100.48,100.36427837659265
huber,test_2023_2024,2024-09-01,food,0.3400000000000034,0.3369921688665105,100.34,100.33699216886652
huber,test_2023_2024,2024-10-01,non_food,0.6800000000000068,0.5337151214675668,100.68,100.53371512146757
huber,test_2023_2024,2024-10-01,services,0.20999999999999375,0.6794128124596854,100.21,100.67941281245969
huber,test_2023_2024,2024-10-01,food,1.230000000000004,0.6337929921901786,101.23,100.63379299219018
huber,test_2023_2024,2024-10-01,total,0.75,0.6307464010996497,100.75,100.63074640109966
huber,test_2023_2024,2024-11-01,services,1.3100000000000023,0.560907341174377,101.31,100.56090734117437
huber,test_2023_2024,2024-11-01,non_food,0.5100000000000051,0.4986232952162273,100.51,100.49862329521623
huber,test_2023_2024,2024-11-01,food,2.3299999999999983,0.8151869295326297,102.33,100.81518692953263
huber,test_2023_2024,2024-11-01,total,1.4300000000000068,0.6534886952965504,101.43,100.65348869529655
huber,test_2023_2024,2024-12-01,non_food,0.8100000000000023,0.4754520768805113,100.81,100.47545207688052
huber,test_2023_2024,2024-12-01,services,0.20000000000000284,0.8399368960502884,100.2,100.83993689605029
huber,test_2023_2024,2024-12-01,food,2.5999999999999943,1.1356976565033903,102.6,101.1356976565034
huber,test_2023_2024,2024-12-01,total,1.3199999999999932,0.8483568846490572,101.32,100.84835688464906
huber,holdout_2025,2025-01-01,non_food,0.4200000000000017,1.3765747720606893,100.42,101.37657477206069
huber,holdout_2025,2025-01-01,food,1.3299999999999983,2.0989955398154203,101.33,102.09899553981542
huber,holdout_2025,2025-01-01,services,2.069999999999993,1.3393242545585797,102.07,101.33932425455858
huber,holdout_2025,2025-01-01,total,1.230000000000004,1.6602995507991696,101.23,101.66029955079917
huber,holdout_2025,2025-02-01,total,0.8100000000000023,0.7115917869961139,100.81,100.71159178699611
huber,holdout_2025,2025-02-01,non_food,0.2600000000000051,0.3145103744225577,100.26,100.31451037442255
huber,holdout_2025,2025-02-01,services,0.8100000000000023,0.9619136437787053,100.81,100.9619136437787
huber,holdout_2025,2025-02-01,food,1.269999999999996,0.829598944369109,101.27,100.82959894436911
huber,holdout_2025,2025-03-01,food,0.8299999999999983,0.8266848766881496,100.83,100.82668487668815
huber,holdout_2025,2025-03-01,non_food,0.14000000000000057,0.2908026333571665,100.14,100.29080263335716
huber,holdout_2025,2025-03-01,services,1.0100000000000051,0.7102978242478917,101.01,100.71029782424789
huber,holdout_2025,2025-03-01,total,0.6500000000000057,0.634967926220452,100.65,100.63496792622045
huber,holdout_2025,2025-04-01,services,0.5300000000000011,0.7690964374191793,100.53,100.76909643741918
huber,holdout_2025,2025-04-01,total,0.4000000000000057,0.6313244936287843,100.4,100.63132449362878
huber,holdout_2025,2025-04-01,food,0.7099999999999937,0.7717781869532008,100.71,100.7717781869532
huber,holdout_2025,2025-04-01,non_food,-0.06999999999999318,0.29721374943109047,99.93,100.2972137494311
huber,holdout_2025,2025-05-01,non_food,-0.12999999999999545,0.20679875917571344,99.87,100.20679875917571
huber,holdout_2025,2025-05-01,services,1.3400000000000034,0.6076769740645376,101.34,100.60767697406453
huber,holdout_2025,2025-05-01,total,0.4300000000000068,0.5139266177734143,100.43,100.51392661777342
huber,holdout_2025,2025-05-01,food,0.2600000000000051,0.6633484832737575,100.26,100.66334848327375
huber,holdout_2025,2025-06-01,services,0.5900000000000034,0.7613048995889484,100.59,100.76130489958895
huber,holdout_2025,2025-06-01,food,0.10999999999999943,0.45385821006285987,100.11,100.45385821006286
huber,holdout_2025,2025-06-01,non_food,-0.030000000000001137,0.0756449405155184,99.97,100.07564494051552
huber,holdout_2025,2025-06-01,total,0.20000000000000284,0.4318119763453776,100.2,100.43181197634537
huber,holdout_2025,2025-07-01,food,-0.6400000000000006,0.490609338152741,99.36,100.49060933815274
huber,holdout_2025,2025-07-01,total,0.5699999999999932,0.4239739870277899,100.57,100.4239739870278
huber,holdout_2025,2025-07-01,services,2.6899999999999977,0.5733981649688515,102.69,100.57339816496885
huber,holdout_2025,2025-07-01,non_food,0.18999999999999773,0.16484360968391787,100.19,100.16484360968391
huber,holdout_2025,2025-08-01,food,-0.9099999999999966,-0.06696678308684101,99.09,99.93303321691316
huber,holdout_2025,2025-08-01,total,-0.4000000000000057,0.16760384841656162,99.6,100.16760384841656
huber,holdout_2025,2025-08-01,services,-0.6200000000000045,0.7648799947416953,99.38,100.76487999474169
huber,holdout_2025,2025-08-01,non_food,0.4200000000000017,-0.11579031413168295,100.42,99.88420968586831
huber,holdout_2025,2025-09-01,services,0.46999999999999886,0.20411533863639786,100.47,100.2041153386364
huber,holdout_2025,2025-09-01,food,0.030000000000001137,0.06426019908390668,100.03,100.0642601990839
huber,holdout_2025,2025-09-01,total,0.3400000000000034,0.15457646330878783,100.34,100.15457646330879
huber,holdout_2025,2025-09-01,non_food,0.5900000000000034,0.1769599290963404,100.59,100.17695992909634
huber,holdout_2025,2025-10-01,non_food,0.6700000000000017,0.4736685563726213,100.67,100.47366855637262
huber,holdout_2025,2025-10-01,total,0.5,0.5597936195666842,100.5,100.55979361956669
huber,holdout_2025,2025-10-01,services,-0.4200000000000017,0.6318917046515031,99.58,100.63189170465151
huber,holdout_2025,2025-10-01,food,1.0499999999999972,0.5382716032900188,101.05,100.53827160329001
huber,holdout_2025,2025-11-01,total,0.4200000000000017,0.5695908385311061,100.42,100.56959083853111
huber,holdout_2025,2025-11-01,services,0.35999999999999943,0.37798989648457226,100.36,100.37798989648458
huber,holdout_2025,2025-11-01,non_food,0.1599999999999966,0.4449062893410274,100.16,100.44490628934103
huber,holdout_2025,2025-11-01,food,0.6899999999999977,0.7782731008218562,100.69,100.77827310082185
huber,holdout_2025,2025-12-01,services,0.15000000000000568,0.5279099974484935,100.15,100.52790999744849
huber,holdout_2025,2025-12-01,non_food,0.3400000000000034,0.31690128311008703,100.34,100.31690128311008
huber,holdout_2025,2025-12-01,food,0.4300000000000068,0.6545247469537907,100.43,100.6545247469538
huber,holdout_2025,2025-12-01,total,0.3199999999999932,0.523231352233378,100.32,100.52323135223338
huber,recent_actual,2026-01-01,services,2.3299999999999983,1.2433516192839897,102.33,101.24335161928398
huber,recent_actual,2026-01-01,total,1.6200000000000045,1.267770690622808,101.62,101.26777069062281
huber,recent_actual,2026-01-01,food,1.9500000000000028,1.3422497089289478,101.95,101.34224970892895
huber,recent_actual,2026-01-01,non_food,0.6099999999999994,1.1497498355311844,100.61,101.14974983553118
huber,recent_actual,2026-02-01,services,1.0999999999999943,0.9381177625226045,101.1,100.93811776252261
huber,recent_actual,2026-02-01,total,0.730000000000004,0.6783800983930042,100.73,100.678380098393
huber,recent_actual,2026-02-01,non_food,0.28000000000000114,0.2559735998720012,100.28,100.25597359987201
huber,recent_actual,2026-02-01,food,0.8400000000000034,0.798971053289228,100.84,100.79897105328922
huber,recent_actual,2026-03-01,non_food,0.46999999999999886,0.1988566005219683,100.47,100.19885660052196
huber,recent_actual,2026-03-01,food,0.37999999999999545,0.5415620738277027,100.38,100.5415620738277
huber,recent_actual,2026-03-01,services,1.0699999999999932,0.6861272579063429,101.07,100.68612725790635
huber,recent_actual,2026-03-01,total,0.5999999999999943,0.4872718082755303,100.6,100.48727180827554
gradient_boosting,val_2019_2022,2019-01-01,non_food,0.6400000000000006,0.8989588799943697,100.64,100.89895887999437
gradient_boosting,val_2019_2022,2019-01-01,services,1.1299999999999955,1.0029376627647517,101.13,101.00293766276475
gradient_boosting,val_2019_2022,2019-01-01,food,1.269999999999996,1.6958273951529603,101.27,101.69582739515296
gradient_boosting,val_2019_2022,2019-01-01,total,1.0100000000000051,1.3110627120151388,101.01,101.31106271201514
gradient_boosting,val_2019_2022,2019-02-01,food,0.7900000000000063,0.9475045573048655,100.79,100.94750455730487
gradient_boosting,val_2019_2022,2019-02-01,non_food,0.2600000000000051,0.597562307596659,100.26,100.59756230759666
gradient_boosting,val_2019_2022,2019-02-01,services,0.20000000000000284,0.9463210621732588,100.2,100.94632106217325
gradient_boosting,val_2019_2022,2019-02-01,total,0.4399999999999977,0.8381640212505316,100.44,100.83816402125053
gradient_boosting,val_2019_2022,2019-03-01,total,0.3199999999999932,0.42631227892480544,100.32,100.42631227892481
gradient_boosting,val_2019_2022,2019-03-01,services,0.12999999999999545,0.37281351409048585,100.13,100.37281351409048
gradient_boosting,val_2019_2022,2019-03-01,non_food,0.25,0.3573195493936187,100.25,100.35731954939362
gradient_boosting,val_2019_2022,2019-03-01,food,0.5300000000000011,0.735560601300706,100.53,100.7355606013007
gradient_boosting,val_2019_2022,2019-04-01,non_food,0.18999999999999773,0.3573195493936187,100.19,100.35731954939362
gradient_boosting,val_2019_2022,2019-04-01,food,0.4300000000000068,0.5399749112240444,100.43,100.53997491122405
gradient_boosting,val_2019_2022,2019-04-01,services,0.20999999999999375,0.37281351409048585,100.21,100.37281351409048
gradient_boosting,val_2019_2022,2019-04-01,total,0.29000000000000625,0.37436047553549534,100.29,100.3743604755355
gradient_boosting,val_2019_2022,2019-05-01,non_food,0.20999999999999375,0.3774819124254875,100.21,100.37748191242548
gradient_boosting,val_2019_2022,2019-05-01,services,0.39000000000000057,0.37281351409048585,100.39,100.37281351409048
gradient_boosting,val_2019_2022,2019-05-01,food,0.4099999999999966,0.42631227892480544,100.41,100.42631227892481
gradient_boosting,val_2019_2022,2019-05-01,total,0.3400000000000034,0.37436047553549534,100.34,100.3743604755355
gradient_boosting,val_2019_2022,2019-06-01,non_food,0.1700000000000017,0.3573195493936187,100.17,100.35731954939362
gradient_boosting,val_2019_2022,2019-06-01,total,0.04000000000000625,0.4312082017612135,100.04,100.43120820176121
gradient_boosting,val_2019_2022,2019-06-01,services,0.5999999999999943,0.44757908018969506,100.6,100.4475790801897
gradient_boosting,val_2019_2022,2019-06-01,food,-0.480000000000004,0.42631227892480544,99.52,100.42631227892481
gradient_boosting,val_2019_2022,2019-07-01,non_food,0.1700000000000017,0.3573195493936187,100.17,100.35731954939362
gradient_boosting,val_2019_2022,2019-07-01,food,-0.29999999999999716,0.21207131112261934,99.7,100.21207131112261
gradient_boosting,val_2019_2022,2019-07-01,services,0.9300000000000068,0.6704241299622351,100.93,100.67042412996223
gradient_boosting,val_2019_2022,2019-07-01,total,0.20000000000000284,0.36028071499004577,100.2,100.36028071499004
gradient_boosting,val_2019_2022,2019-08-01,services,0.18000000000000682,0.6642387592730771,100.18,100.66423875927308
gradient_boosting,val_2019_2022,2019-08-01,non_food,0.1700000000000017,0.20035695180286908,100.17,100.20035695180287
gradient_boosting,val_2019_2022,2019-08-01,total,-0.23999999999999488,0.20035695180286908,99.76,100.20035695180287
gradient_boosting,val_2019_2022,2019-08-01,food,-0.9099999999999966,-0.14185930683207024,99.09,99.85814069316793
gradient_boosting,val_2019_2022,2019-09-01,services,-0.23000000000000398,0.37281351409048585,99.77,100.37281351409048
gradient_boosting,val_2019_2022,2019-09-01,non_food,0.18999999999999773,0.3573195493936187,100.19,100.35731954939362
gradient_boosting,val_2019_2022,2019-09-01,total,-0.1599999999999966,0.262042058775426,99.84,100.26204205877542
gradient_boosting,val_2019_2022,2019-09-01,food,-0.4399999999999977,-0.03249023097841291,99.56,99.96750976902159
gradient_boosting,val_2019_2022,2019-10-01,non_food,0.3100000000000023,0.36546240290158954,100.31,100.36546240290158
gradient_boosting,val_2019_2022,2019-10-01,total,0.12999999999999545,0.36028071499004577,100.13,100.36028071499004
gradient_boosting,val_2019_2022,2019-10-01,food,0.18000000000000682,0.29999451739503996,100.18,100.29999451739504
gradient_boosting,val_2019_2022,2019-10-01,services,-0.18000000000000682,0.2664620382699023,99.82,100.2664620382699
gradient_boosting,val_2019_2022,2019-11-01,total,0.28000000000000114,0.4030018393077675,100.28,100.40300183930776
gradient_boosting,val_2019_2022,2019-11-01,services,0.10999999999999943,0.364700694484522,100.11,100.36470069448453
gradient_boosting,val_2019_2022,2019-11-01,food,0.45000000000000284,0.4349447428263141,100.45,100.43494474282632
gradient_boosting,val_2019_2022,2019-11-01,non_food,0.23000000000000398,0.36328649033310445,100.23,100.36328649033311
gradient_boosting,val_2019_2022,2019-12-01,total,0.35999999999999943,0.4123129341551093,100.36,100.41231293415511
gradient_boosting,val_2019_2022,2019-12-01,services,0.23999999999999488,0.38249079007226716,100.24,100.38249079007227
gradient_boosting,val_2019_2022,2019-12-01,non_food,0.14000000000000057,0.3573195493936187,100.14,100.35731954939362
gradient_boosting,val_2019_2022,2019-12-01,food,0.6500000000000057,0.5912510534706862,100.65,100.59125105347069
gradient_boosting,val_2019_2022,2020-01-01,non_food,0.23000000000000398,0.9191212430262379,100.23,100.91912124302624
gradient_boosting,val_2019_2022,2020-01-01,services,0.23999999999999488,0.9896107979476899,100.24,100.98961079794769
gradient_boosting,val_2019_2022,2020-01-01,total,0.4000000000000057,1.0175664140374854,100.4,101.01756641403749
gradient_boosting,val_2019_2022,2020-01-01,food,0.6899999999999977,1.226890754083642,100.69,101.22689075408364
gradient_boosting,val_2019_2022,2020-02-01,food,0.5699999999999932,0.6287986558309187,100.57,100.62879865583092
gradient_boosting,val_2019_2022,2020-02-01,non_food,0.04000000000000625,0.3573195493936187,100.04,100.35731954939362
gradient_boosting,val_2019_2022,2020-02-01,services,0.37000000000000455,0.37281351409048585,100.37,100.37281351409048
gradient_boosting,val_2019_2022,2020-02-01,total,0.3299999999999983,0.4344551324327763,100.33,100.43445513243277
gradient_boosting,val_2019_2022,2020-03-01,total,0.5499999999999972,0.37436047553549534,100.55,100.3743604755355
gradient_boosting,val_2019_2022,2020-03-01,food,0.9599999999999937,0.6287986558309187,100.96,100.62879865583092
gradient_boosting,val_2019_2022,2020-03-01,services,0.09000000000000341,0.41880997213167703,100.09,100.41880997213168
gradient_boosting,val_2019_2022,2020-03-01,non_food,0.480000000000004,0.3492067297876549,100.48,100.34920672978765
gradient_boosting,val_2019_2022,2020-04-01,food,1.7199999999999989,0.8799675568561002,101.72,100.8799675568561
gradient_boosting,val_2019_2022,2020-04-01,services,0.12000000000000455,0.364700694484522,100.12,100.36470069448453
gradient_boosting,val_2019_2022,2020-04-01,non_food,0.4399999999999977,0.4339068854884397,100.44,100.43390688548844
gradient_boosting,val_2019_2022,2020-04-01,total,0.8299999999999983,0.5399749112240444,100.83,100.53997491122405
gradient_boosting,val_2019_2022,2020-05-01,food,0.1599999999999966,1.2508965881896257,100.16,101.25089658818962
gradient_boosting,val_2019_2022,2020-05-01,services,0.45999999999999375,0.364700694484522,100.46,100.36470069448453
gradient_boosting,val_2019_2022,2020-05-01,total,0.269999999999996,0.7415693633731064,100.27,100.7415693633731
gradient_boosting,val_2019_2022,2020-05-01,non_food,0.25,0.41523829372241455,100.25,100.41523829372241
gradient_boosting,val_2019_2022,2020-06-01,food,0.1700000000000017,0.3184227869432032,100.17,100.3184227869432
gradient_boosting,val_2019_2022,2020-06-01,services,0.12000000000000455,0.4595013664772997,100.12,100.4595013664773
gradient_boosting,val_2019_2022,2020-06-01,total,0.21999999999999886,0.3683935345960096,100.22,100.36839353459601
gradient_boosting,val_2019_2022,2020-06-01,non_food,0.3400000000000034,0.3573195493936187,100.34,100.35731954939362
gradient_boosting,val_2019_2022,2020-07-01,total,0.3499999999999943,0.3683935345960096,100.35,100.36839353459601
gradient_boosting,val_2019_2022,2020-07-01,services,0.9899999999999949,0.3934698025425401,100.99,100.39346980254254
gradient_boosting,val_2019_2022,2020-07-01,food,-0.06999999999999318,0.3184227869432032,99.93,100.3184227869432
gradient_boosting,val_2019_2022,2020-07-01,non_food,0.29000000000000625,0.4033160074348099,100.29,100.40331600743481
gradient_boosting,val_2019_2022,2020-08-01,total,-0.04000000000000625,0.1963826621912539,99.96,100.19638266219125
gradient_boosting,val_2019_2022,2020-08-01,food,-0.769999999999996,-0.04362065061745046,99.23,99.95637934938254
gradient_boosting,val_2019_2022,2020-08-01,non_food,0.4099999999999966,0.20632389274235485,100.41,100.20632389274236
gradient_boosting,val_2019_2022,2020-08-01,services,0.37000000000000455,0.6986353469548534,100.37,100.69863534695486
gradient_boosting,val_2019_2022,2020-09-01,total,-0.06999999999999318,0.34605294006278203,99.93,100.34605294006278
gradient_boosting,val_2019_2022,2020-09-01,food,-0.4099999999999966,-0.1002510742189644,99.59,99.89974892578104
gradient_boosting,val_2019_2022,2020-09-01,non_food,0.5600000000000023,0.41523829372241455,100.56,100.41523829372241
gradient_boosting,val_2019_2022,2020-09-01,services,-0.4200000000000017,0.36883922447887063,99.58,100.36883922447888
gradient_boosting,val_2019_2022,2020-10-01,services,-0.12999999999999545,0.2164912906170956,99.87,100.2164912906171
gradient_boosting,val_2019_2022,2020-10-01,total,0.4300000000000068,0.36028071499004577,100.43,100.36028071499004
gradient_boosting,val_2019_2022,2020-10-01,food,0.6200000000000045,0.27983215436317116,100.62,100.27983215436318
gradient_boosting,val_2019_2022,2020-10-01,non_food,0.6800000000000068,0.597562307596659,100.68,100.59756230759666
gradient_boosting,val_2019_2022,2020-11-01,non_food,0.5799999999999983,0.597562307596659,100.58,100.59756230759666
gradient_boosting,val_2019_2022,2020-11-01,total,0.7099999999999937,0.4441023745125506,100.71,100.44410237451255
gradient_boosting,val_2019_2022,2020-11-01,services,0.04999999999999716,0.364700694484522,100.05,100.36470069448453
gradient_boosting,val_2019_2022,2020-11-01,food,1.3400000000000034,0.6345692418947657,101.34,100.63456924189477
gradient_boosting,val_2019_2022,2020-12-01,services,0.4200000000000017,0.38249079007226716,100.42,100.38249079007227
gradient_boosting,val_2019_2022,2020-12-01,non_food,0.4000000000000057,0.597562307596659,100.4,100.59756230759666
gradient_boosting,val_2019_2022,2020-12-01,food,1.5300000000000011,1.1003911584060284,101.53,101.10039115840603
gradient_boosting,val_2019_2022,2020-12-01,total,0.8299999999999983,0.6264263883867949,100.83,100.62642638838679
gradient_boosting,val_2019_2022,2021-01-01,non_food,0.5300000000000011,0.9696536024801394,100.53,100.96965360248014
gradient_boosting,val_2019_2022,2021-01-01,food,1.0100000000000051,1.6991715490608164,101.01,101.69917154906082
gradient_boosting,val_2019_2022,2021-01-01,total,0.6700000000000017,1.3110627120151388,100.67,101.31106271201514
gradient_boosting,val_2019_2022,2021-01-01,services,0.37999999999999545,1.0029376627647517,100.38,101.00293766276475
gradient_boosting,val_2019_2022,2021-02-01,total,0.7800000000000011,0.6086362927990498,100.78,100.60863629279905
gradient_boosting,val_2019_2022,2021-02-01,food,1.2199999999999989,0.8583263842824004,101.22,100.8583263842824
gradient_boosting,val_2019_2022,2021-02-01,services,0.4399999999999977,0.41880997213167703,100.44,100.41880997213168
gradient_boosting,val_2019_2022,2021-02-01,non_food,0.5799999999999983,0.5289009260216535,100.58,100.52890092602165
gradient_boosting,val_2019_2022,2021-03-01,total,0.6599999999999966,0.735560601300706,100.66,100.7355606013007
gradient_boosting,val_2019_2022,2021-03-01,food,0.8199999999999932,0.9962656699474249,100.82,100.99626566994742
gradient_boosting,val_2019_2022,2021-03-01,non_food,0.7199999999999989,0.6143805167206717,100.72,100.61438051672067
gradient_boosting,val_2019_2022,2021-03-01,services,0.37000000000000455,0.4307322584192817,100.37,100.43073225841928
gradient_boosting,val_2019_2022,2021-04-01,total,0.5799999999999983,0.6287986558309187,100.58,100.62879865583092
gradient_boosting,val_2019_2022,2021-04-01,services,0.21999999999999886,0.41880997213167703,100.22,100.41880997213168
gradient_boosting,val_2019_2022,2021-04-01,non_food,0.6599999999999966,0.6057051611046298,100.66,100.60570516110462
gradient_boosting,val_2019_2022,2021-04-01,food,0.75,0.8625469172269726,100.75,100.86254691722698
gradient_boosting,val_2019_2022,2021-05-01,non_food,0.7399999999999949,0.597562307596659,100.74,100.59756230759666
gradient_boosting,val_2019_2022,2021-05-01,services,0.4399999999999977,0.3809563675984567,100.44,100.38095636759846
gradient_boosting,val_2019_2022,2021-05-01,total,0.7399999999999949,0.6086362927990498,100.74,100.60863629279905
gradient_boosting,val_2019_2022,2021-05-01,food,0.9599999999999937,0.7153982382688372,100.96,100.71539823826883
gradient_boosting,val_2019_2022,2021-06-01,total,0.6899999999999977,0.7153982382688372,100.69,100.71539823826883
gradient_boosting,val_2019_2022,2021-06-01,non_food,0.6800000000000068,0.7043242530664463,100.68,100.70432425306645
gradient_boosting,val_2019_2022,2021-06-01,services,0.7600000000000051,0.4307322584192817,100.76,100.43073225841928
gradient_boosting,val_2019_2022,2021-06-01,food,0.6400000000000006,0.8799675568561002,100.64,100.8799675568561
gradient_boosting,val_2019_2022,2021-07-01,food,-0.5,0.6086362927990498,99.5,100.60863629279905
gradient_boosting,val_2019_2022,2021-07-01,total,0.3100000000000023,0.6086362927990498,100.31,100.60863629279905
gradient_boosting,val_2019_2022,2021-07-01,non_food,0.769999999999996,0.597562307596659,100.77,100.59756230759666
gradient_boosting,val_2019_2022,2021-07-01,services,0.8799999999999955,0.7771860754320224,100.88,100.77718607543203
gradient_boosting,val_2019_2022,2021-08-01,total,0.1700000000000017,0.20632389274235485,100.17,100.20632389274236
gradient_boosting,val_2019_2022,2021-08-01,non_food,0.7999999999999972,0.5296460488731142,100.8,100.52964604887312
gradient_boosting,val_2019_2022,2021-08-01,food,-0.5100000000000051,-0.14185930683207024,99.49,99.85814069316793
gradient_boosting,val_2019_2022,2021-08-01,services,0.3199999999999932,0.5602371534718597,100.32,100.56023715347186
gradient_boosting,val_2019_2022,2021-09-01,food,0.9899999999999949,0.21207131112261934,100.99,100.21207131112261
gradient_boosting,val_2019_2022,2021-09-01,total,0.5999999999999943,0.3683935345960096,100.6,100.36839353459601
gradient_boosting,val_2019_2022,2021-09-01,non_food,0.6400000000000006,0.7244866160983151,100.64,100.72448661609832
gradient_boosting,val_2019_2022,2021-09-01,services,0.0,0.3288097073771652,100.0,100.32880970737716
gradient_boosting,val_2019_2022,2021-10-01,non_food,0.7800000000000011,0.6177246706285278,100.78,100.61772467062853
gradient_boosting,val_2019_2022,2021-10-01,services,0.010000000000005116,0.364700694484522,100.01,100.36470069448453
gradient_boosting,val_2019_2022,2021-10-01,food,2.1700000000000017,0.917920015475714,102.17,100.91792001547572
gradient_boosting,val_2019_2022,2021-10-01,total,1.1099999999999994,0.6086362927990498,101.11,100.60863629279905
gradient_boosting,val_2019_2022,2021-11-01,services,0.8100000000000023,0.364700694484522,100.81,100.36470069448453
gradient_boosting,val_2019_2022,2021-11-01,total,0.9599999999999937,0.8583263842824004,100.96,100.8583263842824
gradient_boosting,val_2019_2022,2021-11-01,food,1.269999999999996,1.378833688980993,101.27,101.37883368898099
gradient_boosting,val_2019_2022,2021-11-01,non_food,0.7199999999999989,0.7244866160983151,100.72,100.72448661609832
gradient_boosting,val_2019_2022,2021-12-01,total,0.8199999999999932,0.900129919887969,100.82,100.90012991988797
gradient_boosting,val_2019_2022,2021-12-01,non_food,0.6400000000000006,0.597562307596659,100.64,100.59756230759666
gradient_boosting,val_2019_2022,2021-12-01,food,1.3599999999999994,1.0120942917659157,101.36,101.01209429176592
gradient_boosting,val_2019_2022,2021-12-01,services,0.2600000000000051,0.7376083133510585,100.26,100.73760831335106
gradient_boosting,val_2019_2022,2022-01-01,food,1.4399999999999977,1.7128408703020541,101.44,101.71284087030206
gradient_boosting,val_2019_2022,2022-01-01,services,0.7600000000000051,0.9322429402789819,100.76,100.93224294027898
gradient_boosting,val_2019_2022,2022-01-01,non_food,0.6700000000000017,1.1872180192705601,100.67,101.18721801927056
gradient_boosting,val_2019_2022,2022-01-01,total,0.9899999999999949,1.3050539499427385,100.99,101.30505394994273
gradient_boosting,val_2019_2022,2022-02-01,non_food,0.7800000000000011,0.6177246706285278,100.78,100.61772467062853
gradient_boosting,val_2019_2022,2022-02-01,food,1.5600000000000023,1.1111998124289741,101.56,101.11119981242898
gradient_boosting,val_2019_2022,2022-02-01,services,1.1299999999999955,0.7279610712712843,101.13,100.72796107127128
gradient_boosting,val_2019_2022,2022-02-01,total,1.1700000000000017,0.900129919887969,101.17,100.90012991988797
gradient_boosting,val_2019_2022,2022-03-01,food,6.730000000000004,1.0975304911877364,106.73,101.09753049118774
gradient_boosting,val_2019_2022,2022-03-01,services,3.989999999999995,0.9285309665855138,103.99,100.92853096658551
gradient_boosting,val_2019_2022,2022-03-01,non_food,11.25,0.7244866160983151,111.25,100.72448661609832
gradient_boosting,val_2019_2022,2022-03-01,total,7.609999999999999,0.9676669203367341,107.61,100.96766692033674
gradient_boosting,val_2019_2022,2022-04-01,total,1.5600000000000023,2.4169277718585973,101.56,102.4169277718586
gradient_boosting,val_2019_2022,2022-04-01,services,1.0699999999999932,1.8859571729347206,101.07,101.88595717293472
gradient_boosting,val_2019_2022,2022-04-01,food,2.8700000000000045,2.5318829167513948,102.87,102.5318829167514
gradient_boosting,val_2019_2022,2022-04-01,non_food,0.5300000000000011,3.3212444494924633,100.53,103.32124444949247
gradient_boosting,val_2019_2022,2022-05-01,total,0.12000000000000455,1.2304173527429767,100.12,101.23041735274298
gradient_boosting,val_2019_2022,2022-05-01,services,-0.3199999999999932,0.8507268542529787,99.68,100.85072685425298
gradient_boosting,val_2019_2022,2022-05-01,food,0.5999999999999943,1.640522087844508,100.6,101.6405220878445
gradient_boosting,val_2019_2022,2022-05-01,non_food,-0.09000000000000341,1.0649263277447751,99.91,101.06492632774477
gradient_boosting,val_2019_2022,2022-06-01,total,-0.3499999999999943,0.43090293057276097,99.65,100.43090293057276
gradient_boosting,val_2019_2022,2022-06-01,services,0.8799999999999955,0.29523114632792036,100.88,100.29523114632792
gradient_boosting,val_2019_2022,2022-06-01,non_food,-0.4099999999999966,0.5022559543747643,99.59,100.50225595437476
gradient_boosting,val_2019_2022,2022-06-01,food,-1.0999999999999943,0.7616855173861591,98.9,100.76168551738616
gradient_boosting,val_2019_2022,2022-07-01,food,-1.5300000000000011,0.05986040218556684,98.47,100.05986040218556
gradient_boosting,val_2019_2022,2022-07-01,non_food,-0.4399999999999977,0.4639896193786735,99.56,100.46398961937868
gradient_boosting,val_2019_2022,2022-07-01,services,1.4099999999999966,0.7747584509256008,101.41,100.7747584509256
gradient_boosting,val_2019_2022,2022-07-01,total,-0.39000000000000057,0.262042058775426,99.61,100.26204205877542
gradient_boosting,val_2019_2022,2022-08-01,services,0.04999999999999716,0.8988965854729136,100.05,100.89889658547291
gradient_boosting,val_2019_2022,2022-08-01,total,-0.519999999999996,0.0940054759822856,99.48,100.09400547598229
gradient_boosting,val_2019_2022,2022-08-01,food,-1.3599999999999994,-0.4541816921736541,98.64,99.54581830782635
gradient_boosting,val_2019_2022,2022-08-01,non_food,-0.04999999999999716,0.20147187074809647,99.95,100.2014718707481
gradient_boosting,val_2019_2022,2022-09-01,non_food,0.15000000000000568,0.3871591884072688,100.15,100.38715918840727
gradient_boosting,val_2019_2022,2022-09-01,services,0.5100000000000051,0.364700694484522,100.51,100.36470069448453
gradient_boosting,val_2019_2022,2022-09-01,total,0.04999999999999716,0.29999451739503996,100.05,100.29999451739504
gradient_boosting,val_2019_2022,2022-09-01,food,-0.37999999999999545,0.01627088166414647,99.62,100.01627088166414
gradient_boosting,val_2019_2022,2022-10-01,services,0.23999999999999488,0.4744574154860208,100.24,100.47445741548601
gradient_boosting,val_2019_2022,2022-10-01,food,0.28000000000000114,0.4453915711197394,100.28,100.44539157111974
gradient_boosting,val_2019_2022,2022-10-01,non_food,0.04000000000000625,0.39527200801323265,100.04,100.39527200801324
gradient_boosting,val_2019_2022,2022-10-01,total,0.18000000000000682,0.4268319232203503,100.18,100.42683192322035
gradient_boosting,val_2019_2022,2022-11-01,services,0.7600000000000051,0.40158262214850393,100.76,100.40158262214851
gradient_boosting,val_2019_2022,2022-11-01,non_food,0.060000000000002274,0.3871591884072688,100.06,100.38715918840727
gradient_boosting,val_2019_2022,2022-11-01,food,0.4000000000000057,0.44091168376579987,100.4,100.4409116837658
gradient_boosting,val_2019_2022,2022-11-01,total,0.37000000000000455,0.4349447428263141,100.37,100.43494474282632
gradient_boosting,val_2019_2022,2022-12-01,food,0.5999999999999943,0.508692108973601,100.6,100.5086921089736
gradient_boosting,val_2019_2022,2022-12-01,services,2.0400000000000063,0.7198182177633135,102.04,100.71981821776332
gradient_boosting,val_2019_2022,2022-12-01,non_food,0.04999999999999716,0.3693690928195237,100.05,100.36936909281953
gradient_boosting,val_2019_2022,2022-12-01,total,0.7800000000000011,0.4345523556690695,100.78,100.43455235566907
gradient_boosting,test_2023_2024,2023-01-01,food,1.3199999999999932,1.2427193759021329,101.32,101.24271937590213
gradient_boosting,test_2023_2024,2023-01-01,total,0.8400000000000034,1.371201570734284,100.84,101.37120157073429
gradient_boosting,test_2023_2024,2023-01-01,services,1.0100000000000051,2.3199132477744597,101.01,102.31991324777447
gradient_boosting,test_2023_2024,2023-01-01,non_food,0.20999999999999375,0.9485572946011286,100.21,100.94855729460113
gradient_boosting,test_2023_2024,2023-02-01,non_food,-0.0799999999999983,0.3774819124254875,99.92,100.37748191242548
gradient_boosting,test_2023_2024,2023-02-01,food,0.7900000000000063,1.1270284342474648,100.79,101.12702843424746
gradient_boosting,test_2023_2024,2023-02-01,services,0.7199999999999989,0.8999518584137168,100.72,100.89995185841371
gradient_boosting,test_2023_2024,2023-02-01,total,0.45999999999999375,0.7903304760156661,100.46,100.79033047601567
gradient_boosting,test_2023_2024,2023-03-01,non_food,0.14000000000000057,1.091648552639747,100.14,101.09164855263975
gradient_boosting,test_2023_2024,2023-03-01,services,0.9699999999999989,1.1103806202680684,100.97,101.11038062026807
gradient_boosting,test_2023_2024,2023-03-01,food,0.12999999999999545,1.3670413340861014,100.13,101.3670413340861
gradient_boosting,test_2023_2024,2023-03-01,total,0.37000000000000455,1.168754101776898,100.37,101.1687541017769
gradient_boosting,test_2023_2024,2023-04-01,non_food,0.15000000000000568,0.3774819124254875,100.15,100.37748191242548
gradient_boosting,test_2023_2024,2023-04-01,total,0.37999999999999545,0.47897972709825143,100.38,100.47897972709825
gradient_boosting,test_2023_2024,2023-04-01,food,0.29000000000000625,0.5673775938072476,100.29,100.56737759380725
gradient_boosting,test_2023_2024,2023-04-01,services,0.7900000000000063,0.9417553940192854,100.79,100.94175539401928
gradient_boosting,test_2023_2024,2023-05-01,services,1.1299999999999955,0.669847470110507,101.13,100.66984747011051
gradient_boosting,test_2023_2024,2023-05-01,total,0.3100000000000023,0.4143899926372008,100.31,100.4143899926372
gradient_boosting,test_2023_2024,2023-05-01,food,-0.3100000000000023,0.39452283856736414,99.69,100.39452283856737
gradient_boosting,test_2023_2024,2023-05-01,non_food,0.3400000000000034,0.37510964498136384,100.34,100.37510964498136
gradient_boosting,test_2023_2024,2023-06-01,total,0.37000000000000455,0.32438972788268894,100.37,100.32438972788269
gradient_boosting,test_2023_2024,2023-06-01,food,-0.010000000000005116,0.18089991792619994,99.99,100.1808999179262
gradient_boosting,test_2023_2024,2023-06-01,non_food,0.4200000000000017,0.3533452597820035,100.42,100.353345259782
gradient_boosting,test_2023_2024,2023-06-01,services,0.8299999999999983,0.9573000746435306,100.83,100.95730007464353
gradient_boosting,test_2023_2024,2023-07-01,total,0.6299999999999955,0.3644192449843944,100.63,100.36441924498439
gradient_boosting,test_2023_2024,2023-07-01,services,0.480000000000004,0.8191858223547823,100.48,100.81918582235478
gradient_boosting,test_2023_2024,2023-07-01,non_food,0.9099999999999966,0.36526754606960815,100.91,100.3652675460696
gradient_boosting,test_2023_2024,2023-07-01,food,0.4899999999999949,0.27913857414082005,100.49,100.27913857414082
gradient_boosting,test_2023_2024,2023-08-01,total,0.28000000000000114,0.37291335575052015,100.28,100.37291335575053
gradient_boosting,test_2023_2024,2023-08-01,food,-0.060000000000002274,0.035039166172791375,99.94,100.0350391661728
gradient_boosting,test_2023_2024,2023-08-01,non_food,1.1400000000000006,0.6598187797786008,101.14,100.6598187797786
gradient_boosting,test_2023_2024,2023-08-01,services,-0.3199999999999932,0.269441981104562,99.68,100.26944198110456
gradient_boosting,test_2023_2024,2023-09-01,total,0.8700000000000045,0.37436047553549534,100.87,100.3743604755355
gradient_boosting,test_2023_2024,2023-09-01,food,0.8599999999999994,0.3281000629249845,100.86,100.32810006292499
gradient_boosting,test_2023_2024,2023-09-01,services,0.6099999999999994,0.29523114632792036,100.61,100.29523114632792
gradient_boosting,test_2023_2024,2023-09-01,non_food,1.0900000000000034,0.9364305721024746,101.09,100.93643057210248
gradient_boosting,test_2023_2024,2023-10-01,food,1.3499999999999943,0.7415693633731064,101.35,100.7415693633731
gradient_boosting,test_2023_2024,2023-10-01,services,0.480000000000004,0.6130562722935261,100.48,100.61305627229352
gradient_boosting,test_2023_2024,2023-10-01,total,0.8299999999999983,0.7415693633731064,100.83,100.7415693633731
gradient_boosting,test_2023_2024,2023-10-01,non_food,0.5499999999999972,0.8270900360481407,100.55,100.82709003604815
gradient_boosting,test_2023_2024,2023-11-01,non_food,0.5300000000000011,0.5289009260216535,100.53,100.52890092602165
gradient_boosting,test_2023_2024,2023-11-01,services,1.230000000000004,0.49596005383106984,101.23,100.49596005383107
gradient_boosting,test_2023_2024,2023-11-01,total,1.1099999999999994,0.7415693633731064,101.11,100.7415693633731
gradient_boosting,test_2023_2024,2023-11-01,food,1.5499999999999972,1.0802287953741598,101.55,101.08022879537415
gradient_boosting,test_2023_2024,2023-12-01,services,0.09999999999999432,1.1260906985820587,100.1,101.12609069858206
gradient_boosting,test_2023_2024,2023-12-01,total,0.730000000000004,0.8583263842824004,100.73,100.8583263842824
gradient_boosting,test_2023_2024,2023-12-01,food,1.4899999999999949,1.0975304911877364,101.49,101.09753049118774
gradient_boosting,test_2023_2024,2023-12-01,non_food,0.4200000000000017,0.5289009260216535,100.42,100.52890092602165
gradient_boosting,test_2023_2024,2024-01-01,total,0.8599999999999994,1.3050539499427385,100.86,101.30505394994273
gradient_boosting,test_2023_2024,2024-01-01,non_food,0.46999999999999886,0.9696536024801394,100.47,100.96965360248014
gradient_boosting,test_2023_2024,2024-01-01,services,0.7800000000000011,0.9637078827539807,100.78,100.96370788275398
gradient_boosting,test_2023_2024,2024-01-01,food,1.2600000000000051,1.7128408703020541,101.26,101.71284087030206
gradient_boosting,test_2023_2024,2024-02-01,non_food,0.2600000000000051,0.41523829372241455,100.26,100.41523829372241
gradient_boosting,test_2023_2024,2024-02-01,food,0.769999999999996,0.9676669203367341,100.77,100.96766692033674
gradient_boosting,test_2023_2024,2024-02-01,services,1.0600000000000023,0.7485873258213316,101.06,100.74858732582133
gradient_boosting,test_2023_2024,2024-02-01,total,0.6800000000000068,0.7497122168810773,100.68,100.74971221688108
gradient_boosting,test_2023_2024,2024-03-01,non_food,0.269999999999996,0.3573195493936187,100.27,100.35731954939362
gradient_boosting,test_2023_2024,2024-03-01,total,0.39000000000000057,0.6086362927990498,100.39,100.60863629279905
gradient_boosting,test_2023_2024,2024-03-01,services,0.8299999999999983,0.8999518584137168,100.83,100.89995185841371
gradient_boosting,test_2023_2024,2024-03-01,food,0.1700000000000017,0.7153982382688372,100.17,100.71539823826883
gradient_boosting,test_2023_2024,2024-04-01,total,0.5,0.4143899926372008,100.5,100.4143899926372
gradient_boosting,test_2023_2024,2024-04-01,services,0.6200000000000045,0.7747584509256008,100.62,100.7747584509256
gradient_boosting,test_2023_2024,2024-04-01,food,0.4899999999999949,0.3683935345960096,100.49,100.36839353459601
gradient_boosting,test_2023_2024,2024-04-01,non_food,0.4099999999999966,0.3573195493936187,100.41,100.35731954939362
gradient_boosting,test_2023_2024,2024-05-01,services,1.5300000000000011,0.6704241299622351,101.53,100.67042412996223
gradient_boosting,test_2023_2024,2024-05-01,non_food,0.45999999999999375,0.41523829372241455,100.46,100.41523829372241
gradient_boosting,test_2023_2024,2024-05-01,total,0.7399999999999949,0.4700374359915445,100.74,100.47003743599154
gradient_boosting,test_2023_2024,2024-05-01,food,0.4099999999999966,0.42006668833873817,100.41,100.42006668833874
gradient_boosting,test_2023_2024,2024-06-01,total,0.6400000000000006,0.7153982382688372,100.64,100.71539823826883
gradient_boosting,test_2023_2024,2024-06-01,non_food,0.29000000000000625,0.41523829372241455,100.29,100.41523829372241
gradient_boosting,test_2023_2024,2024-06-01,services,1.0600000000000023,1.110557215708362,101.06,101.11055721570837
gradient_boosting,test_2023_2024,2024-06-01,food,0.6299999999999955,0.42631227892480544,100.63,100.42631227892481
gradient_boosting,test_2023_2024,2024-07-01,total,1.1400000000000006,0.6287986558309187,101.14,100.62879865583092
gradient_boosting,test_2023_2024,2024-07-01,non_food,0.5799999999999983,0.38344885336497325,100.58,100.38344885336497
gradient_boosting,test_2023_2024,2024-07-01,food,0.35999999999999943,0.6254545019230626,100.36,100.62545450192306
gradient_boosting,test_2023_2024,2024-07-01,services,2.8599999999999994,0.8594022098690206,102.86,100.85940220986902
gradient_boosting,test_2023_2024,2024-08-01,total,0.20000000000000284,0.7617523679091435,100.2,100.76175236790914
gradient_boosting,test_2023_2024,2024-08-01,non_food,0.5999999999999943,0.47164521604588633,100.6,100.47164521604589
gradient_boosting,test_2023_2024,2024-08-01,food,-0.010000000000005116,0.06045937468251097,99.99,100.06045937468251
gradient_boosting,test_2023_2024,2024-08-01,services,0.010000000000005116,1.294360112869474,100.01,101.29436011286947
gradient_boosting,test_2023_2024,2024-09-01,non_food,0.6200000000000045,0.6463234202392186,100.62,100.64632342023921
gradient_boosting,test_2023_2024,2024-09-01,services,0.5100000000000051,0.3934698025425401,100.51,100.39346980254254
gradient_boosting,test_2023_2024,2024-09-01,total,0.480000000000004,0.3885558976278784,100.48,100.38855589762788
gradient_boosting,test_2023_2024,2024-09-01,food,0.3400000000000034,0.38044307802191457,100.34,100.38044307802191
gradient_boosting,test_2023_2024,2024-10-01,non_food,0.6800000000000068,0.6177246706285278,100.68,100.61772467062853
gradient_boosting,test_2023_2024,2024-10-01,services,0.20999999999999375,0.4912756246100338,100.21,100.49127562461004
gradient_boosting,test_2023_2024,2024-10-01,food,1.230000000000004,0.46315110527976017,101.23,100.46315110527976
gradient_boosting,test_2023_2024,2024-10-01,total,0.75,0.46514323372269933,100.75,100.4651432337227
gradient_boosting,test_2023_2024,2024-11-01,services,1.3100000000000023,0.44797146734693966,101.31,100.44797146734695
gradient_boosting,test_2023_2024,2024-11-01,non_food,0.5100000000000051,0.6177246706285278,100.51,100.61772467062853
gradient_boosting,test_2023_2024,2024-11-01,food,2.3299999999999983,1.029884387353661,102.33,101.02988438735366
gradient_boosting,test_2023_2024,2024-11-01,total,1.4300000000000068,0.7641593509113969,101.43,100.7641593509114
gradient_boosting,test_2023_2024,2024-12-01,non_food,0.8100000000000023,0.4589634507891536,100.81,100.45896345078916
gradient_boosting,test_2023_2024,2024-12-01,services,0.20000000000000284,0.9559072238074445,100.2,100.95590722380744
gradient_boosting,test_2023_2024,2024-12-01,food,2.5999999999999943,1.3768722152117383,102.6,101.37687221521173
gradient_boosting,test_2023_2024,2024-12-01,total,1.3199999999999932,1.0826010628182832,101.32,101.08260106281828
gradient_boosting,holdout_2025,2025-01-01,non_food,0.4200000000000017,1.2906358108324916,100.42,101.2906358108325
gradient_boosting,holdout_2025,2025-01-01,food,1.3299999999999983,2.4820769057605436,101.33,102.48207690576055
gradient_boosting,holdout_2025,2025-01-01,services,2.069999999999993,0.9807708239301088,102.07,100.98077082393011
gradient_boosting,holdout_2025,2025-01-01,total,1.230000000000004,1.6842421206913631,101.23,101.68424212069137
gradient_boosting,holdout_2025,2025-02-01,total,0.8100000000000023,0.9676669203367341,100.81,100.96766692033674
gradient_boosting,holdout_2025,2025-02-01,non_food,0.2600000000000051,0.41523829372241455,100.26,100.41523829372241
gradient_boosting,holdout_2025,2025-02-01,services,0.8100000000000023,1.3740703179138734,100.81,101.37407031791388
gradient_boosting,holdout_2025,2025-02-01,food,1.269999999999996,1.0826010628182832,101.27,101.08260106281828
gradient_boosting,holdout_2025,2025-03-01,food,0.8299999999999983,0.9475045573048655,100.83,100.94750455730487
gradient_boosting,holdout_2025,2025-03-01,non_food,0.14000000000000057,0.3573195493936187,100.14,100.35731954939362
gradient_boosting,holdout_2025,2025-03-01,services,1.0100000000000051,0.7485873258213316,101.01,100.74858732582133
gradient_boosting,holdout_2025,2025-03-01,total,0.6500000000000057,0.7153982382688372,100.65,100.71539823826883
gradient_boosting,holdout_2025,2025-04-01,services,0.5300000000000011,0.871353108803026,100.53,100.87135310880302
gradient_boosting,holdout_2025,2025-04-01,total,0.4000000000000057,0.6254545019230626,100.4,100.62545450192306
gradient_boosting,holdout_2025,2025-04-01,food,0.7099999999999937,0.7583875724971192,100.71,100.75838757249711
gradient_boosting,holdout_2025,2025-04-01,non_food,-0.06999999999999318,0.3573195493936187,99.93,100.35731954939362
gradient_boosting,holdout_2025,2025-05-01,non_food,-0.12999999999999545,0.3573495832956257,99.87,100.35734958329563
gradient_boosting,holdout_2025,2025-05-01,services,1.3400000000000034,0.6175913702057203,101.34,100.61759137020572
gradient_boosting,holdout_2025,2025-05-01,total,0.4300000000000068,0.4464746419566742,100.43,100.44647464195667
gradient_boosting,holdout_2025,2025-05-01,food,0.2600000000000051,0.6086362927990498,100.26,100.60863629279905
gradient_boosting,holdout_2025,2025-06-01,services,0.5900000000000034,1.1242265369495998,100.59,101.1242265369496
gradient_boosting,holdout_2025,2025-06-01,food,0.10999999999999943,0.3885558976278784,100.11,100.38855589762788
gradient_boosting,holdout_2025,2025-06-01,non_food,-0.030000000000001137,0.3492067297876549,99.97,100.34920672978765
gradient_boosting,holdout_2025,2025-06-01,total,0.20000000000000284,0.4464746419566742,100.2,100.44647464195667
gradient_boosting,holdout_2025,2025-07-01,food,-0.6400000000000006,0.36028071499004577,99.36,100.36028071499004
gradient_boosting,holdout_2025,2025-07-01,total,0.5699999999999932,0.417154647238569,100.57,100.41715464723858
gradient_boosting,holdout_2025,2025-07-01,services,2.6899999999999977,0.8414613421638634,102.69,100.84146134216387
gradient_boosting,holdout_2025,2025-07-01,non_food,0.18999999999999773,0.3871591884072688,100.19,100.38715918840727
gradient_boosting,holdout_2025,2025-08-01,food,-0.9099999999999966,-0.09188855917926385,99.09,99.90811144082073
gradient_boosting,holdout_2025,2025-08-01,total,-0.4000000000000057,0.4228841034033268,99.6,100.42288410340333
gradient_boosting,holdout_2025,2025-08-01,services,-0.6200000000000045,1.294360112869474,99.38,101.29436011286947
gradient_boosting,holdout_2025,2025-08-01,non_food,0.4200000000000017,0.23830941042248313,100.42,100.23830941042249
gradient_boosting,holdout_2025,2025-09-01,services,0.46999999999999886,0.29523114632792036,100.47,100.29523114632792
gradient_boosting,holdout_2025,2025-09-01,food,0.030000000000001137,-0.05028032656615798,100.03,99.94971967343385
gradient_boosting,holdout_2025,2025-09-01,total,0.3400000000000034,0.2788602678994388,100.34,100.27886026789943
gradient_boosting,holdout_2025,2025-09-01,non_food,0.5900000000000034,0.45319075234202844,100.59,100.45319075234202
gradient_boosting,holdout_2025,2025-10-01,non_food,0.6700000000000017,0.6177246706285278,100.67,100.61772467062853
gradient_boosting,holdout_2025,2025-10-01,total,0.5,0.4345523556690695,100.5,100.43455235566907
gradient_boosting,holdout_2025,2025-10-01,services,-0.4200000000000017,0.4307322584192817,99.58,100.43073225841928
gradient_boosting,holdout_2025,2025-10-01,food,1.0499999999999972,0.4268319232203503,101.05,100.42683192322035
gradient_boosting,holdout_2025,2025-11-01,total,0.4200000000000017,0.5524172660403402,100.42,100.55241726604034
gradient_boosting,holdout_2025,2025-11-01,services,0.35999999999999943,0.3416199915263561,100.36,100.34161999152636
gradient_boosting,holdout_2025,2025-11-01,non_food,0.1599999999999966,0.6177246706285278,100.16,100.61772467062853
gradient_boosting,holdout_2025,2025-11-01,food,0.6899999999999977,1.0215135335948438,100.69,101.02151353359484
gradient_boosting,holdout_2025,2025-12-01,services,0.15000000000000568,0.41880997213167703,100.15,100.41880997213168
gradient_boosting,holdout_2025,2025-12-01,non_food,0.3400000000000034,0.3774819124254875,100.34,100.37748191242548
gradient_boosting,holdout_2025,2025-12-01,food,0.4300000000000068,0.7741957095556179,100.43,100.77419570955561
gradient_boosting,holdout_2025,2025-12-01,total,0.3199999999999932,0.47507339156736483,100.32,100.47507339156736
gradient_boosting,recent_actual,2026-01-01,services,2.3299999999999983,1.106409102061699,102.33,101.1064091020617
gradient_boosting,recent_actual,2026-01-01,total,1.6200000000000045,0.9647609187788048,101.62,100.96476091877881
gradient_boosting,recent_actual,2026-01-01,food,1.9500000000000028,1.02948870032509,101.95,101.02948870032509
gradient_boosting,recent_actual,2026-01-01,non_food,0.6099999999999994,0.9577313161925346,100.61,100.95773131619254
gradient_boosting,recent_actual,2026-02-01,services,1.0999999999999943,1.3454715683031824,101.1,101.34547156830318
gradient_boosting,recent_actual,2026-02-01,total,0.730000000000004,1.0975304911877364,100.73,101.09753049118774
gradient_boosting,recent_actual,2026-02-01,non_food,0.28000000000000114,0.597562307596659,100.28,100.59756230759666
gradient_boosting,recent_actual,2026-02-01,food,0.8400000000000034,1.3610435933932477,100.84,101.36104359339325
gradient_boosting,recent_actual,2026-03-01,non_food,0.46999999999999886,0.36328649033310445,100.47,100.36328649033311
gradient_boosting,recent_actual,2026-03-01,food,0.37999999999999545,0.7617317264049752,100.38,100.76173172640497
gradient_boosting,recent_actual,2026-03-01,services,1.0699999999999932,0.8999518584137168,101.07,100.89995185841371
gradient_boosting,recent_actual,2026-03-01,total,0.5999999999999943,0.735560601300706,100.6,100.7355606013007
naive_lag_1,val_2019_2022,2019-01-01,non_food,0.6400000000000006,0.23999999999999488,100.64,100.24
naive_lag_1,val_2019_2022,2019-01-01,services,1.1299999999999955,0.4200000000000017,101.13,100.42
naive_lag_1,val_2019_2022,2019-01-01,food,1.269999999999996,1.7000000000000028,101.27,101.7
naive_lag_1,val_2019_2022,2019-01-01,total,1.0100000000000051,0.8400000000000034,101.01,100.84
naive_lag_1,val_2019_2022,2019-02-01,food,0.7900000000000063,1.269999999999996,100.79,101.27
naive_lag_1,val_2019_2022,2019-02-01,non_food,0.2600000000000051,0.6400000000000006,100.26,100.64
naive_lag_1,val_2019_2022,2019-02-01,services,0.20000000000000284,1.1299999999999955,100.2,101.13
naive_lag_1,val_2019_2022,2019-02-01,total,0.4399999999999977,1.0100000000000051,100.44,101.01
naive_lag_1,val_2019_2022,2019-03-01,total,0.3199999999999932,0.4399999999999977,100.32,100.44
naive_lag_1,val_2019_2022,2019-03-01,services,0.12999999999999545,0.20000000000000284,100.13,100.2
naive_lag_1,val_2019_2022,2019-03-01,non_food,0.25,0.2600000000000051,100.25,100.26
naive_lag_1,val_2019_2022,2019-03-01,food,0.5300000000000011,0.7900000000000063,100.53,100.79
naive_lag_1,val_2019_2022,2019-04-01,non_food,0.18999999999999773,0.25,100.19,100.25
naive_lag_1,val_2019_2022,2019-04-01,food,0.4300000000000068,0.5300000000000011,100.43,100.53
naive_lag_1,val_2019_2022,2019-04-01,services,0.20999999999999375,0.12999999999999545,100.21,100.13
naive_lag_1,val_2019_2022,2019-04-01,total,0.29000000000000625,0.3199999999999932,100.29,100.32
naive_lag_1,val_2019_2022,2019-05-01,non_food,0.20999999999999375,0.18999999999999773,100.21,100.19
naive_lag_1,val_2019_2022,2019-05-01,services,0.39000000000000057,0.20999999999999375,100.39,100.21
naive_lag_1,val_2019_2022,2019-05-01,food,0.4099999999999966,0.4300000000000068,100.41,100.43
naive_lag_1,val_2019_2022,2019-05-01,total,0.3400000000000034,0.29000000000000625,100.34,100.29
naive_lag_1,val_2019_2022,2019-06-01,non_food,0.1700000000000017,0.20999999999999375,100.17,100.21
naive_lag_1,val_2019_2022,2019-06-01,total,0.04000000000000625,0.3400000000000034,100.04,100.34
naive_lag_1,val_2019_2022,2019-06-01,services,0.5999999999999943,0.39000000000000057,100.6,100.39
naive_lag_1,val_2019_2022,2019-06-01,food,-0.480000000000004,0.4099999999999966,99.52,100.41
naive_lag_1,val_2019_2022,2019-07-01,non_food,0.1700000000000017,0.1700000000000017,100.17,100.17
naive_lag_1,val_2019_2022,2019-07-01,food,-0.29999999999999716,-0.480000000000004,99.7,99.52
naive_lag_1,val_2019_2022,2019-07-01,services,0.9300000000000068,0.5999999999999943,100.93,100.6
naive_lag_1,val_2019_2022,2019-07-01,total,0.20000000000000284,0.04000000000000625,100.2,100.04
naive_lag_1,val_2019_2022,2019-08-01,services,0.18000000000000682,0.9300000000000068,100.18,100.93
naive_lag_1,val_2019_2022,2019-08-01,non_food,0.1700000000000017,0.1700000000000017,100.17,100.17
naive_lag_1,val_2019_2022,2019-08-01,total,-0.23999999999999488,0.20000000000000284,99.76,100.2
naive_lag_1,val_2019_2022,2019-08-01,food,-0.9099999999999966,-0.29999999999999716,99.09,99.7
naive_lag_1,val_2019_2022,2019-09-01,services,-0.23000000000000398,0.18000000000000682,99.77,100.18
naive_lag_1,val_2019_2022,2019-09-01,non_food,0.18999999999999773,0.1700000000000017,100.19,100.17
naive_lag_1,val_2019_2022,2019-09-01,total,-0.1599999999999966,-0.23999999999999488,99.84,99.76
naive_lag_1,val_2019_2022,2019-09-01,food,-0.4399999999999977,-0.9099999999999966,99.56,99.09
naive_lag_1,val_2019_2022,2019-10-01,non_food,0.3100000000000023,0.18999999999999773,100.31,100.19
naive_lag_1,val_2019_2022,2019-10-01,total,0.12999999999999545,-0.1599999999999966,100.13,99.84
naive_lag_1,val_2019_2022,2019-10-01,food,0.18000000000000682,-0.4399999999999977,100.18,99.56
naive_lag_1,val_2019_2022,2019-10-01,services,-0.18000000000000682,-0.23000000000000398,99.82,99.77
naive_lag_1,val_2019_2022,2019-11-01,total,0.28000000000000114,0.12999999999999545,100.28,100.13
naive_lag_1,val_2019_2022,2019-11-01,services,0.10999999999999943,-0.18000000000000682,100.11,99.82
naive_lag_1,val_2019_2022,2019-11-01,food,0.45000000000000284,0.18000000000000682,100.45,100.18
naive_lag_1,val_2019_2022,2019-11-01,non_food,0.23000000000000398,0.3100000000000023,100.23,100.31
naive_lag_1,val_2019_2022,2019-12-01,total,0.35999999999999943,0.28000000000000114,100.36,100.28
naive_lag_1,val_2019_2022,2019-12-01,services,0.23999999999999488,0.10999999999999943,100.24,100.11
naive_lag_1,val_2019_2022,2019-12-01,non_food,0.14000000000000057,0.23000000000000398,100.14,100.23
naive_lag_1,val_2019_2022,2019-12-01,food,0.6500000000000057,0.45000000000000284,100.65,100.45
naive_lag_1,val_2019_2022,2020-01-01,non_food,0.23000000000000398,0.14000000000000057,100.23,100.14
naive_lag_1,val_2019_2022,2020-01-01,services,0.23999999999999488,0.23999999999999488,100.24,100.24
naive_lag_1,val_2019_2022,2020-01-01,total,0.4000000000000057,0.35999999999999943,100.4,100.36
naive_lag_1,val_2019_2022,2020-01-01,food,0.6899999999999977,0.6500000000000057,100.69,100.65
naive_lag_1,val_2019_2022,2020-02-01,food,0.5699999999999932,0.6899999999999977,100.57,100.69
naive_lag_1,val_2019_2022,2020-02-01,non_food,0.04000000000000625,0.23000000000000398,100.04,100.23
naive_lag_1,val_2019_2022,2020-02-01,services,0.37000000000000455,0.23999999999999488,100.37,100.24
naive_lag_1,val_2019_2022,2020-02-01,total,0.3299999999999983,0.4000000000000057,100.33,100.4
naive_lag_1,val_2019_2022,2020-03-01,total,0.5499999999999972,0.3299999999999983,100.55,100.33
naive_lag_1,val_2019_2022,2020-03-01,food,0.9599999999999937,0.5699999999999932,100.96,100.57
naive_lag_1,val_2019_2022,2020-03-01,services,0.09000000000000341,0.37000000000000455,100.09,100.37
naive_lag_1,val_2019_2022,2020-03-01,non_food,0.480000000000004,0.04000000000000625,100.48,100.04
naive_lag_1,val_2019_2022,2020-04-01,food,1.7199999999999989,0.9599999999999937,101.72,100.96
naive_lag_1,val_2019_2022,2020-04-01,services,0.12000000000000455,0.09000000000000341,100.12,100.09
naive_lag_1,val_2019_2022,2020-04-01,non_food,0.4399999999999977,0.480000000000004,100.44,100.48
naive_lag_1,val_2019_2022,2020-04-01,total,0.8299999999999983,0.5499999999999972,100.83,100.55
naive_lag_1,val_2019_2022,2020-05-01,food,0.1599999999999966,1.7199999999999989,100.16,101.72
naive_lag_1,val_2019_2022,2020-05-01,services,0.45999999999999375,0.12000000000000455,100.46,100.12
naive_lag_1,val_2019_2022,2020-05-01,total,0.269999999999996,0.8299999999999983,100.27,100.83
naive_lag_1,val_2019_2022,2020-05-01,non_food,0.25,0.4399999999999977,100.25,100.44
naive_lag_1,val_2019_2022,2020-06-01,food,0.1700000000000017,0.1599999999999966,100.17,100.16
naive_lag_1,val_2019_2022,2020-06-01,services,0.12000000000000455,0.45999999999999375,100.12,100.46
naive_lag_1,val_2019_2022,2020-06-01,total,0.21999999999999886,0.269999999999996,100.22,100.27
naive_lag_1,val_2019_2022,2020-06-01,non_food,0.3400000000000034,0.25,100.34,100.25
naive_lag_1,val_2019_2022,2020-07-01,total,0.3499999999999943,0.21999999999999886,100.35,100.22
naive_lag_1,val_2019_2022,2020-07-01,services,0.9899999999999949,0.12000000000000455,100.99,100.12
naive_lag_1,val_2019_2022,2020-07-01,food,-0.06999999999999318,0.1700000000000017,99.93,100.17
naive_lag_1,val_2019_2022,2020-07-01,non_food,0.29000000000000625,0.3400000000000034,100.29,100.34
naive_lag_1,val_2019_2022,2020-08-01,total,-0.04000000000000625,0.3499999999999943,99.96,100.35
naive_lag_1,val_2019_2022,2020-08-01,food,-0.769999999999996,-0.06999999999999318,99.23,99.93
naive_lag_1,val_2019_2022,2020-08-01,non_food,0.4099999999999966,0.29000000000000625,100.41,100.29
naive_lag_1,val_2019_2022,2020-08-01,services,0.37000000000000455,0.9899999999999949,100.37,100.99
naive_lag_1,val_2019_2022,2020-09-01,total,-0.06999999999999318,-0.04000000000000625,99.93,99.96
naive_lag_1,val_2019_2022,2020-09-01,food,-0.4099999999999966,-0.769999999999996,99.59,99.23
naive_lag_1,val_2019_2022,2020-09-01,non_food,0.5600000000000023,0.4099999999999966,100.56,100.41
naive_lag_1,val_2019_2022,2020-09-01,services,-0.4200000000000017,0.37000000000000455,99.58,100.37
naive_lag_1,val_2019_2022,2020-10-01,services,-0.12999999999999545,-0.4200000000000017,99.87,99.58
naive_lag_1,val_2019_2022,2020-10-01,total,0.4300000000000068,-0.06999999999999318,100.43,99.93
naive_lag_1,val_2019_2022,2020-10-01,food,0.6200000000000045,-0.4099999999999966,100.62,99.59
naive_lag_1,val_2019_2022,2020-10-01,non_food,0.6800000000000068,0.5600000000000023,100.68,100.56
naive_lag_1,val_2019_2022,2020-11-01,non_food,0.5799999999999983,0.6800000000000068,100.58,100.68
naive_lag_1,val_2019_2022,2020-11-01,total,0.7099999999999937,0.4300000000000068,100.71,100.43
naive_lag_1,val_2019_2022,2020-11-01,services,0.04999999999999716,-0.12999999999999545,100.05,99.87
naive_lag_1,val_2019_2022,2020-11-01,food,1.3400000000000034,0.6200000000000045,101.34,100.62
naive_lag_1,val_2019_2022,2020-12-01,services,0.4200000000000017,0.04999999999999716,100.42,100.05
naive_lag_1,val_2019_2022,2020-12-01,non_food,0.4000000000000057,0.5799999999999983,100.4,100.58
naive_lag_1,val_2019_2022,2020-12-01,food,1.5300000000000011,1.3400000000000034,101.53,101.34
naive_lag_1,val_2019_2022,2020-12-01,total,0.8299999999999983,0.7099999999999937,100.83,100.71
naive_lag_1,val_2019_2022,2021-01-01,non_food,0.5300000000000011,0.4000000000000057,100.53,100.4
naive_lag_1,val_2019_2022,2021-01-01,food,1.0100000000000051,1.5300000000000011,101.01,101.53
naive_lag_1,val_2019_2022,2021-01-01,total,0.6700000000000017,0.8299999999999983,100.67,100.83
naive_lag_1,val_2019_2022,2021-01-01,services,0.37999999999999545,0.4200000000000017,100.38,100.42
naive_lag_1,val_2019_2022,2021-02-01,total,0.7800000000000011,0.6700000000000017,100.78,100.67
naive_lag_1,val_2019_2022,2021-02-01,food,1.2199999999999989,1.0100000000000051,101.22,101.01
naive_lag_1,val_2019_2022,2021-02-01,services,0.4399999999999977,0.37999999999999545,100.44,100.38
naive_lag_1,val_2019_2022,2021-02-01,non_food,0.5799999999999983,0.5300000000000011,100.58,100.53
naive_lag_1,val_2019_2022,2021-03-01,total,0.6599999999999966,0.7800000000000011,100.66,100.78
naive_lag_1,val_2019_2022,2021-03-01,food,0.8199999999999932,1.2199999999999989,100.82,101.22
naive_lag_1,val_2019_2022,2021-03-01,non_food,0.7199999999999989,0.5799999999999983,100.72,100.58
naive_lag_1,val_2019_2022,2021-03-01,services,0.37000000000000455,0.4399999999999977,100.37,100.44
naive_lag_1,val_2019_2022,2021-04-01,total,0.5799999999999983,0.6599999999999966,100.58,100.66
naive_lag_1,val_2019_2022,2021-04-01,services,0.21999999999999886,0.37000000000000455,100.22,100.37
naive_lag_1,val_2019_2022,2021-04-01,non_food,0.6599999999999966,0.7199999999999989,100.66,100.72
naive_lag_1,val_2019_2022,2021-04-01,food,0.75,0.8199999999999932,100.75,100.82
naive_lag_1,val_2019_2022,2021-05-01,non_food,0.7399999999999949,0.6599999999999966,100.74,100.66
naive_lag_1,val_2019_2022,2021-05-01,services,0.4399999999999977,0.21999999999999886,100.44,100.22
naive_lag_1,val_2019_2022,2021-05-01,total,0.7399999999999949,0.5799999999999983,100.74,100.58
naive_lag_1,val_2019_2022,2021-05-01,food,0.9599999999999937,0.75,100.96,100.75
naive_lag_1,val_2019_2022,2021-06-01,total,0.6899999999999977,0.7399999999999949,100.69,100.74
naive_lag_1,val_2019_2022,2021-06-01,non_food,0.6800000000000068,0.7399999999999949,100.68,100.74
naive_lag_1,val_2019_2022,2021-06-01,services,0.7600000000000051,0.4399999999999977,100.76,100.44
naive_lag_1,val_2019_2022,2021-06-01,food,0.6400000000000006,0.9599999999999937,100.64,100.96
naive_lag_1,val_2019_2022,2021-07-01,food,-0.5,0.6400000000000006,99.5,100.64
naive_lag_1,val_2019_2022,2021-07-01,total,0.3100000000000023,0.6899999999999977,100.31,100.69
naive_lag_1,val_2019_2022,2021-07-01,non_food,0.769999999999996,0.6800000000000068,100.77,100.68
naive_lag_1,val_2019_2022,2021-07-01,services,0.8799999999999955,0.7600000000000051,100.88,100.76
naive_lag_1,val_2019_2022,2021-08-01,total,0.1700000000000017,0.3100000000000023,100.17,100.31
naive_lag_1,val_2019_2022,2021-08-01,non_food,0.7999999999999972,0.769999999999996,100.8,100.77
naive_lag_1,val_2019_2022,2021-08-01,food,-0.5100000000000051,-0.5,99.49,99.5
naive_lag_1,val_2019_2022,2021-08-01,services,0.3199999999999932,0.8799999999999955,100.32,100.88
naive_lag_1,val_2019_2022,2021-09-01,food,0.9899999999999949,-0.5100000000000051,100.99,99.49
naive_lag_1,val_2019_2022,2021-09-01,total,0.5999999999999943,0.1700000000000017,100.6,100.17
naive_lag_1,val_2019_2022,2021-09-01,non_food,0.6400000000000006,0.7999999999999972,100.64,100.8
naive_lag_1,val_2019_2022,2021-09-01,services,0.0,0.3199999999999932,100.0,100.32
naive_lag_1,val_2019_2022,2021-10-01,non_food,0.7800000000000011,0.6400000000000006,100.78,100.64
naive_lag_1,val_2019_2022,2021-10-01,services,0.010000000000005116,0.0,100.01,100.0
naive_lag_1,val_2019_2022,2021-10-01,food,2.1700000000000017,0.9899999999999949,102.17,100.99
naive_lag_1,val_2019_2022,2021-10-01,total,1.1099999999999994,0.5999999999999943,101.11,100.6
naive_lag_1,val_2019_2022,2021-11-01,services,0.8100000000000023,0.010000000000005116,100.81,100.01
naive_lag_1,val_2019_2022,2021-11-01,total,0.9599999999999937,1.1099999999999994,100.96,101.11
naive_lag_1,val_2019_2022,2021-11-01,food,1.269999999999996,2.1700000000000017,101.27,102.17
naive_lag_1,val_2019_2022,2021-11-01,non_food,0.7199999999999989,0.7800000000000011,100.72,100.78
naive_lag_1,val_2019_2022,2021-12-01,total,0.8199999999999932,0.9599999999999937,100.82,100.96
naive_lag_1,val_2019_2022,2021-12-01,non_food,0.6400000000000006,0.7199999999999989,100.64,100.72
naive_lag_1,val_2019_2022,2021-12-01,food,1.3599999999999994,1.269999999999996,101.36,101.27
naive_lag_1,val_2019_2022,2021-12-01,services,0.2600000000000051,0.8100000000000023,100.26,100.81
naive_lag_1,val_2019_2022,2022-01-01,food,1.4399999999999977,1.3599999999999994,101.44,101.36
naive_lag_1,val_2019_2022,2022-01-01,services,0.7600000000000051,0.2600000000000051,100.76,100.26
naive_lag_1,val_2019_2022,2022-01-01,non_food,0.6700000000000017,0.6400000000000006,100.67,100.64
naive_lag_1,val_2019_2022,2022-01-01,total,0.9899999999999949,0.8199999999999932,100.99,100.82
naive_lag_1,val_2019_2022,2022-02-01,non_food,0.7800000000000011,0.6700000000000017,100.78,100.67
naive_lag_1,val_2019_2022,2022-02-01,food,1.5600000000000023,1.4399999999999977,101.56,101.44
naive_lag_1,val_2019_2022,2022-02-01,services,1.1299999999999955,0.7600000000000051,101.13,100.76
naive_lag_1,val_2019_2022,2022-02-01,total,1.1700000000000017,0.9899999999999949,101.17,100.99
naive_lag_1,val_2019_2022,2022-03-01,food,6.730000000000004,1.5600000000000023,106.73,101.56
naive_lag_1,val_2019_2022,2022-03-01,services,3.989999999999995,1.1299999999999955,103.99,101.13
naive_lag_1,val_2019_2022,2022-03-01,non_food,11.25,0.7800000000000011,111.25,100.78
naive_lag_1,val_2019_2022,2022-03-01,total,7.609999999999999,1.1700000000000017,107.61,101.17
naive_lag_1,val_2019_2022,2022-04-01,total,1.5600000000000023,7.609999999999999,101.56,107.61
naive_lag_1,val_2019_2022,2022-04-01,services,1.0699999999999932,3.989999999999995,101.07,103.99
naive_lag_1,val_2019_2022,2022-04-01,food,2.8700000000000045,6.730000000000004,102.87,106.73
naive_lag_1,val_2019_2022,2022-04-01,non_food,0.5300000000000011,11.25,100.53,111.25
naive_lag_1,val_2019_2022,2022-05-01,total,0.12000000000000455,1.5600000000000023,100.12,101.56
naive_lag_1,val_2019_2022,2022-05-01,services,-0.3199999999999932,1.0699999999999932,99.68,101.07
naive_lag_1,val_2019_2022,2022-05-01,food,0.5999999999999943,2.8700000000000045,100.6,102.87
naive_lag_1,val_2019_2022,2022-05-01,non_food,-0.09000000000000341,0.5300000000000011,99.91,100.53
naive_lag_1,val_2019_2022,2022-06-01,total,-0.3499999999999943,0.12000000000000455,99.65,100.12
naive_lag_1,val_2019_2022,2022-06-01,services,0.8799999999999955,-0.3199999999999932,100.88,99.68
naive_lag_1,val_2019_2022,2022-06-01,non_food,-0.4099999999999966,-0.09000000000000341,99.59,99.91
naive_lag_1,val_2019_2022,2022-06-01,food,-1.0999999999999943,0.5999999999999943,98.9,100.6
naive_lag_1,val_2019_2022,2022-07-01,food,-1.5300000000000011,-1.0999999999999943,98.47,98.9
naive_lag_1,val_2019_2022,2022-07-01,non_food,-0.4399999999999977,-0.4099999999999966,99.56,99.59
naive_lag_1,val_2019_2022,2022-07-01,services,1.4099999999999966,0.8799999999999955,101.41,100.88
naive_lag_1,val_2019_2022,2022-07-01,total,-0.39000000000000057,-0.3499999999999943,99.61,99.65
naive_lag_1,val_2019_2022,2022-08-01,services,0.04999999999999716,1.4099999999999966,100.05,101.41
naive_lag_1,val_2019_2022,2022-08-01,total,-0.519999999999996,-0.39000000000000057,99.48,99.61
naive_lag_1,val_2019_2022,2022-08-01,food,-1.3599999999999994,-1.5300000000000011,98.64,98.47
naive_lag_1,val_2019_2022,2022-08-01,non_food,-0.04999999999999716,-0.4399999999999977,99.95,99.56
naive_lag_1,val_2019_2022,2022-09-01,non_food,0.15000000000000568,-0.04999999999999716,100.15,99.95
naive_lag_1,val_2019_2022,2022-09-01,services,0.5100000000000051,0.04999999999999716,100.51,100.05
naive_lag_1,val_2019_2022,2022-09-01,total,0.04999999999999716,-0.519999999999996,100.05,99.48
naive_lag_1,val_2019_2022,2022-09-01,food,-0.37999999999999545,-1.3599999999999994,99.62,98.64
naive_lag_1,val_2019_2022,2022-10-01,services,0.23999999999999488,0.5100000000000051,100.24,100.51
naive_lag_1,val_2019_2022,2022-10-01,food,0.28000000000000114,-0.37999999999999545,100.28,99.62
naive_lag_1,val_2019_2022,2022-10-01,non_food,0.04000000000000625,0.15000000000000568,100.04,100.15
naive_lag_1,val_2019_2022,2022-10-01,total,0.18000000000000682,0.04999999999999716,100.18,100.05
naive_lag_1,val_2019_2022,2022-11-01,services,0.7600000000000051,0.23999999999999488,100.76,100.24
naive_lag_1,val_2019_2022,2022-11-01,non_food,0.060000000000002274,0.04000000000000625,100.06,100.04
naive_lag_1,val_2019_2022,2022-11-01,food,0.4000000000000057,0.28000000000000114,100.4,100.28
naive_lag_1,val_2019_2022,2022-11-01,total,0.37000000000000455,0.18000000000000682,100.37,100.18
naive_lag_1,val_2019_2022,2022-12-01,food,0.5999999999999943,0.4000000000000057,100.6,100.4
naive_lag_1,val_2019_2022,2022-12-01,services,2.0400000000000063,0.7600000000000051,102.04,100.76
naive_lag_1,val_2019_2022,2022-12-01,non_food,0.04999999999999716,0.060000000000002274,100.05,100.06
naive_lag_1,val_2019_2022,2022-12-01,total,0.7800000000000011,0.37000000000000455,100.78,100.37
naive_lag_12,val_2019_2022,2019-01-01,non_food,0.6400000000000006,0.29999999999999716,100.64,100.3
naive_lag_12,val_2019_2022,2019-01-01,services,1.1299999999999955,0.0799999999999983,101.13,100.08
naive_lag_12,val_2019_2022,2019-01-01,food,1.269999999999996,0.5,101.27,100.5
naive_lag_12,val_2019_2022,2019-01-01,total,1.0100000000000051,0.3100000000000023,101.01,100.31
naive_lag_12,val_2019_2022,2019-02-01,food,0.7900000000000063,0.3499999999999943,100.79,100.35
naive_lag_12,val_2019_2022,2019-02-01,non_food,0.2600000000000051,0.12999999999999545,100.26,100.13
naive_lag_12,val_2019_2022,2019-02-01,services,0.20000000000000284,0.12000000000000455,100.2,100.12
naive_lag_12,val_2019_2022,2019-02-01,total,0.4399999999999977,0.20999999999999375,100.44,100.21
naive_lag_12,val_2019_2022,2019-03-01,total,0.3199999999999932,0.29000000000000625,100.32,100.29
naive_lag_12,val_2019_2022,2019-03-01,services,0.12999999999999545,0.12000000000000455,100.13,100.12
naive_lag_12,val_2019_2022,2019-03-01,non_food,0.25,0.1599999999999966,100.25,100.16
naive_lag_12,val_2019_2022,2019-03-01,food,0.5300000000000011,0.5300000000000011,100.53,100.53
naive_lag_12,val_2019_2022,2019-04-01,non_food,0.18999999999999773,0.37000000000000455,100.19,100.37
naive_lag_12,val_2019_2022,2019-04-01,food,0.4300000000000068,0.4300000000000068,100.43,100.43
naive_lag_12,val_2019_2022,2019-04-01,services,0.20999999999999375,0.3199999999999932,100.21,100.32
naive_lag_12,val_2019_2022,2019-04-01,total,0.29000000000000625,0.37999999999999545,100.29,100.38
naive_lag_12,val_2019_2022,2019-05-01,non_food,0.20999999999999375,0.8799999999999955,100.21,100.88
naive_lag_12,val_2019_2022,2019-05-01,services,0.39000000000000057,0.3499999999999943,100.39,100.35
naive_lag_12,val_2019_2022,2019-05-01,food,0.4099999999999966,-0.060000000000002274,100.41,99.94
naive_lag_12,val_2019_2022,2019-05-01,total,0.3400000000000034,0.37999999999999545,100.34,100.38
naive_lag_12,val_2019_2022,2019-06-01,non_food,0.1700000000000017,0.4099999999999966,100.17,100.41
naive_lag_12,val_2019_2022,2019-06-01,total,0.04000000000000625,0.4899999999999949,100.04,100.49
naive_lag_12,val_2019_2022,2019-06-01,services,0.5999999999999943,0.7399999999999949,100.6,100.74
naive_lag_12,val_2019_2022,2019-06-01,food,-0.480000000000004,0.37999999999999545,99.52,100.38
naive_lag_12,val_2019_2022,2019-07-01,non_food,0.1700000000000017,0.12000000000000455,100.17,100.12
naive_lag_12,val_2019_2022,2019-07-01,food,-0.29999999999999716,-0.3299999999999983,99.7,99.67
naive_lag_12,val_2019_2022,2019-07-01,services,0.9300000000000068,1.2800000000000011,100.93,101.28
naive_lag_12,val_2019_2022,2019-07-01,total,0.20000000000000284,0.269999999999996,100.2,100.27
naive_lag_12,val_2019_2022,2019-08-01,services,0.18000000000000682,0.269999999999996,100.18,100.27
naive_lag_12,val_2019_2022,2019-08-01,non_food,0.1700000000000017,0.21999999999999886,100.17,100.22
naive_lag_12,val_2019_2022,2019-08-01,total,-0.23999999999999488,0.010000000000005116,99.76,100.01
naive_lag_12,val_2019_2022,2019-08-01,food,-0.9099999999999966,-0.37999999999999545,99.09,99.62
naive_lag_12,val_2019_2022,2019-09-01,services,-0.23000000000000398,0.23999999999999488,99.77,100.24
naive_lag_12,val_2019_2022,2019-09-01,non_food,0.18999999999999773,0.35999999999999943,100.19,100.36
naive_lag_12,val_2019_2022,2019-09-01,total,-0.1599999999999966,0.1599999999999966,99.84,100.16
naive_lag_12,val_2019_2022,2019-09-01,food,-0.4399999999999977,-0.0799999999999983,99.56,99.92
naive_lag_12,val_2019_2022,2019-10-01,non_food,0.3100000000000023,0.45000000000000284,100.31,100.45
naive_lag_12,val_2019_2022,2019-10-01,total,0.12999999999999545,0.3499999999999943,100.13,100.35
naive_lag_12,val_2019_2022,2019-10-01,food,0.18000000000000682,0.5499999999999972,100.18,100.55
naive_lag_12,val_2019_2022,2019-10-01,services,-0.18000000000000682,-0.060000000000002274,99.82,99.94
naive_lag_12,val_2019_2022,2019-11-01,total,0.28000000000000114,0.5,100.28,100.5
naive_lag_12,val_2019_2022,2019-11-01,services,0.10999999999999943,0.0,100.11,100.0
naive_lag_12,val_2019_2022,2019-11-01,food,0.45000000000000284,0.9899999999999949,100.45,100.99
naive_lag_12,val_2019_2022,2019-11-01,non_food,0.23000000000000398,0.39000000000000057,100.23,100.39
naive_lag_12,val_2019_2022,2019-12-01,total,0.35999999999999943,0.8400000000000034,100.36,100.84
naive_lag_12,val_2019_2022,2019-12-01,services,0.23999999999999488,0.4200000000000017,100.24,100.42
naive_lag_12,val_2019_2022,2019-12-01,non_food,0.14000000000000057,0.23999999999999488,100.14,100.24
naive_lag_12,val_2019_2022,2019-12-01,food,0.6500000000000057,1.7000000000000028,100.65,101.7
naive_lag_12,val_2019_2022,2020-01-01,non_food,0.23000000000000398,0.6400000000000006,100.23,100.64
naive_lag_12,val_2019_2022,2020-01-01,services,0.23999999999999488,1.1299999999999955,100.24,101.13
naive_lag_12,val_2019_2022,2020-01-01,total,0.4000000000000057,1.0100000000000051,100.4,101.01
naive_lag_12,val_2019_2022,2020-01-01,food,0.6899999999999977,1.269999999999996,100.69,101.27
naive_lag_12,val_2019_2022,2020-02-01,food,0.5699999999999932,0.7900000000000063,100.57,100.79
naive_lag_12,val_2019_2022,2020-02-01,non_food,0.04000000000000625,0.2600000000000051,100.04,100.26
naive_lag_12,val_2019_2022,2020-02-01,services,0.37000000000000455,0.20000000000000284,100.37,100.2
naive_lag_12,val_2019_2022,2020-02-01,total,0.3299999999999983,0.4399999999999977,100.33,100.44
naive_lag_12,val_2019_2022,2020-03-01,total,0.5499999999999972,0.3199999999999932,100.55,100.32
naive_lag_12,val_2019_2022,2020-03-01,food,0.9599999999999937,0.5300000000000011,100.96,100.53
naive_lag_12,val_2019_2022,2020-03-01,services,0.09000000000000341,0.12999999999999545,100.09,100.13
naive_lag_12,val_2019_2022,2020-03-01,non_food,0.480000000000004,0.25,100.48,100.25
naive_lag_12,val_2019_2022,2020-04-01,food,1.7199999999999989,0.4300000000000068,101.72,100.43
naive_lag_12,val_2019_2022,2020-04-01,services,0.12000000000000455,0.20999999999999375,100.12,100.21
naive_lag_12,val_2019_2022,2020-04-01,non_food,0.4399999999999977,0.18999999999999773,100.44,100.19
naive_lag_12,val_2019_2022,2020-04-01,total,0.8299999999999983,0.29000000000000625,100.83,100.29
naive_lag_12,val_2019_2022,2020-05-01,food,0.1599999999999966,0.4099999999999966,100.16,100.41
naive_lag_12,val_2019_2022,2020-05-01,services,0.45999999999999375,0.39000000000000057,100.46,100.39
naive_lag_12,val_2019_2022,2020-05-01,total,0.269999999999996,0.3400000000000034,100.27,100.34
naive_lag_12,val_2019_2022,2020-05-01,non_food,0.25,0.20999999999999375,100.25,100.21
naive_lag_12,val_2019_2022,2020-06-01,food,0.1700000000000017,-0.480000000000004,100.17,99.52
naive_lag_12,val_2019_2022,2020-06-01,services,0.12000000000000455,0.5999999999999943,100.12,100.6
naive_lag_12,val_2019_2022,2020-06-01,total,0.21999999999999886,0.04000000000000625,100.22,100.04
naive_lag_12,val_2019_2022,2020-06-01,non_food,0.3400000000000034,0.1700000000000017,100.34,100.17
naive_lag_12,val_2019_2022,2020-07-01,total,0.3499999999999943,0.20000000000000284,100.35,100.2
naive_lag_12,val_2019_2022,2020-07-01,services,0.9899999999999949,0.9300000000000068,100.99,100.93
naive_lag_12,val_2019_2022,2020-07-01,food,-0.06999999999999318,-0.29999999999999716,99.93,99.7
naive_lag_12,val_2019_2022,2020-07-01,non_food,0.29000000000000625,0.1700000000000017,100.29,100.17
naive_lag_12,val_2019_2022,2020-08-01,total,-0.04000000000000625,-0.23999999999999488,99.96,99.76
naive_lag_12,val_2019_2022,2020-08-01,food,-0.769999999999996,-0.9099999999999966,99.23,99.09
naive_lag_12,val_2019_2022,2020-08-01,non_food,0.4099999999999966,0.1700000000000017,100.41,100.17
naive_lag_12,val_2019_2022,2020-08-01,services,0.37000000000000455,0.18000000000000682,100.37,100.18
naive_lag_12,val_2019_2022,2020-09-01,total,-0.06999999999999318,-0.1599999999999966,99.93,99.84
naive_lag_12,val_2019_2022,2020-09-01,food,-0.4099999999999966,-0.4399999999999977,99.59,99.56
naive_lag_12,val_2019_2022,2020-09-01,non_food,0.5600000000000023,0.18999999999999773,100.56,100.19
naive_lag_12,val_2019_2022,2020-09-01,services,-0.4200000000000017,-0.23000000000000398,99.58,99.77
naive_lag_12,val_2019_2022,2020-10-01,services,-0.12999999999999545,-0.18000000000000682,99.87,99.82
naive_lag_12,val_2019_2022,2020-10-01,total,0.4300000000000068,0.12999999999999545,100.43,100.13
naive_lag_12,val_2019_2022,2020-10-01,food,0.6200000000000045,0.18000000000000682,100.62,100.18
naive_lag_12,val_2019_2022,2020-10-01,non_food,0.6800000000000068,0.3100000000000023,100.68,100.31
naive_lag_12,val_2019_2022,2020-11-01,non_food,0.5799999999999983,0.23000000000000398,100.58,100.23
naive_lag_12,val_2019_2022,2020-11-01,total,0.7099999999999937,0.28000000000000114,100.71,100.28
naive_lag_12,val_2019_2022,2020-11-01,services,0.04999999999999716,0.10999999999999943,100.05,100.11
naive_lag_12,val_2019_2022,2020-11-01,food,1.3400000000000034,0.45000000000000284,101.34,100.45
naive_lag_12,val_2019_2022,2020-12-01,services,0.4200000000000017,0.23999999999999488,100.42,100.24
naive_lag_12,val_2019_2022,2020-12-01,non_food,0.4000000000000057,0.14000000000000057,100.4,100.14
naive_lag_12,val_2019_2022,2020-12-01,food,1.5300000000000011,0.6500000000000057,101.53,100.65
naive_lag_12,val_2019_2022,2020-12-01,total,0.8299999999999983,0.35999999999999943,100.83,100.36
naive_lag_12,val_2019_2022,2021-01-01,non_food,0.5300000000000011,0.23000000000000398,100.53,100.23
naive_lag_12,val_2019_2022,2021-01-01,food,1.0100000000000051,0.6899999999999977,101.01,100.69
naive_lag_12,val_2019_2022,2021-01-01,total,0.6700000000000017,0.4000000000000057,100.67,100.4
naive_lag_12,val_2019_2022,2021-01-01,services,0.37999999999999545,0.23999999999999488,100.38,100.24
naive_lag_12,val_2019_2022,2021-02-01,total,0.7800000000000011,0.3299999999999983,100.78,100.33
naive_lag_12,val_2019_2022,2021-02-01,food,1.2199999999999989,0.5699999999999932,101.22,100.57
naive_lag_12,val_2019_2022,2021-02-01,services,0.4399999999999977,0.37000000000000455,100.44,100.37
naive_lag_12,val_2019_2022,2021-02-01,non_food,0.5799999999999983,0.04000000000000625,100.58,100.04
naive_lag_12,val_2019_2022,2021-03-01,total,0.6599999999999966,0.5499999999999972,100.66,100.55
naive_lag_12,val_2019_2022,2021-03-01,food,0.8199999999999932,0.9599999999999937,100.82,100.96
naive_lag_12,val_2019_2022,2021-03-01,non_food,0.7199999999999989,0.480000000000004,100.72,100.48
naive_lag_12,val_2019_2022,2021-03-01,services,0.37000000000000455,0.09000000000000341,100.37,100.09
naive_lag_12,val_2019_2022,2021-04-01,total,0.5799999999999983,0.8299999999999983,100.58,100.83
naive_lag_12,val_2019_2022,2021-04-01,services,0.21999999999999886,0.12000000000000455,100.22,100.12
naive_lag_12,val_2019_2022,2021-04-01,non_food,0.6599999999999966,0.4399999999999977,100.66,100.44
naive_lag_12,val_2019_2022,2021-04-01,food,0.75,1.7199999999999989,100.75,101.72
naive_lag_12,val_2019_2022,2021-05-01,non_food,0.7399999999999949,0.25,100.74,100.25
naive_lag_12,val_2019_2022,2021-05-01,services,0.4399999999999977,0.45999999999999375,100.44,100.46
naive_lag_12,val_2019_2022,2021-05-01,total,0.7399999999999949,0.269999999999996,100.74,100.27
naive_lag_12,val_2019_2022,2021-05-01,food,0.9599999999999937,0.1599999999999966,100.96,100.16
naive_lag_12,val_2019_2022,2021-06-01,total,0.6899999999999977,0.21999999999999886,100.69,100.22
naive_lag_12,val_2019_2022,2021-06-01,non_food,0.6800000000000068,0.3400000000000034,100.68,100.34
naive_lag_12,val_2019_2022,2021-06-01,services,0.7600000000000051,0.12000000000000455,100.76,100.12
naive_lag_12,val_2019_2022,2021-06-01,food,0.6400000000000006,0.1700000000000017,100.64,100.17
naive_lag_12,val_2019_2022,2021-07-01,food,-0.5,-0.06999999999999318,99.5,99.93
naive_lag_12,val_2019_2022,2021-07-01,total,0.3100000000000023,0.3499999999999943,100.31,100.35
naive_lag_12,val_2019_2022,2021-07-01,non_food,0.769999999999996,0.29000000000000625,100.77,100.29
naive_lag_12,val_2019_2022,2021-07-01,services,0.8799999999999955,0.9899999999999949,100.88,100.99
naive_lag_12,val_2019_2022,2021-08-01,total,0.1700000000000017,-0.04000000000000625,100.17,99.96
naive_lag_12,val_2019_2022,2021-08-01,non_food,0.7999999999999972,0.4099999999999966,100.8,100.41
naive_lag_12,val_2019_2022,2021-08-01,food,-0.5100000000000051,-0.769999999999996,99.49,99.23
naive_lag_12,val_2019_2022,2021-08-01,services,0.3199999999999932,0.37000000000000455,100.32,100.37
naive_lag_12,val_2019_2022,2021-09-01,food,0.9899999999999949,-0.4099999999999966,100.99,99.59
naive_lag_12,val_2019_2022,2021-09-01,total,0.5999999999999943,-0.06999999999999318,100.6,99.93
naive_lag_12,val_2019_2022,2021-09-01,non_food,0.6400000000000006,0.5600000000000023,100.64,100.56
naive_lag_12,val_2019_2022,2021-09-01,services,0.0,-0.4200000000000017,100.0,99.58
naive_lag_12,val_2019_2022,2021-10-01,non_food,0.7800000000000011,0.6800000000000068,100.78,100.68
naive_lag_12,val_2019_2022,2021-10-01,services,0.010000000000005116,-0.12999999999999545,100.01,99.87
naive_lag_12,val_2019_2022,2021-10-01,food,2.1700000000000017,0.6200000000000045,102.17,100.62
naive_lag_12,val_2019_2022,2021-10-01,total,1.1099999999999994,0.4300000000000068,101.11,100.43
naive_lag_12,val_2019_2022,2021-11-01,services,0.8100000000000023,0.04999999999999716,100.81,100.05
naive_lag_12,val_2019_2022,2021-11-01,total,0.9599999999999937,0.7099999999999937,100.96,100.71
naive_lag_12,val_2019_2022,2021-11-01,food,1.269999999999996,1.3400000000000034,101.27,101.34
naive_lag_12,val_2019_2022,2021-11-01,non_food,0.7199999999999989,0.5799999999999983,100.72,100.58
naive_lag_12,val_2019_2022,2021-12-01,total,0.8199999999999932,0.8299999999999983,100.82,100.83
naive_lag_12,val_2019_2022,2021-12-01,non_food,0.6400000000000006,0.4000000000000057,100.64,100.4
naive_lag_12,val_2019_2022,2021-12-01,food,1.3599999999999994,1.5300000000000011,101.36,101.53
naive_lag_12,val_2019_2022,2021-12-01,services,0.2600000000000051,0.4200000000000017,100.26,100.42
naive_lag_12,val_2019_2022,2022-01-01,food,1.4399999999999977,1.0100000000000051,101.44,101.01
naive_lag_12,val_2019_2022,2022-01-01,services,0.7600000000000051,0.37999999999999545,100.76,100.38
naive_lag_12,val_2019_2022,2022-01-01,non_food,0.6700000000000017,0.5300000000000011,100.67,100.53
naive_lag_12,val_2019_2022,2022-01-01,total,0.9899999999999949,0.6700000000000017,100.99,100.67
naive_lag_12,val_2019_2022,2022-02-01,non_food,0.7800000000000011,0.5799999999999983,100.78,100.58
naive_lag_12,val_2019_2022,2022-02-01,food,1.5600000000000023,1.2199999999999989,101.56,101.22
naive_lag_12,val_2019_2022,2022-02-01,services,1.1299999999999955,0.4399999999999977,101.13,100.44
naive_lag_12,val_2019_2022,2022-02-01,total,1.1700000000000017,0.7800000000000011,101.17,100.78
naive_lag_12,val_2019_2022,2022-03-01,food,6.730000000000004,0.8199999999999932,106.73,100.82
naive_lag_12,val_2019_2022,2022-03-01,services,3.989999999999995,0.37000000000000455,103.99,100.37
naive_lag_12,val_2019_2022,2022-03-01,non_food,11.25,0.7199999999999989,111.25,100.72
naive_lag_12,val_2019_2022,2022-03-01,total,7.609999999999999,0.6599999999999966,107.61,100.66
naive_lag_12,val_2019_2022,2022-04-01,total,1.5600000000000023,0.5799999999999983,101.56,100.58
naive_lag_12,val_2019_2022,2022-04-01,services,1.0699999999999932,0.21999999999999886,101.07,100.22
naive_lag_12,val_2019_2022,2022-04-01,food,2.8700000000000045,0.75,102.87,100.75
naive_lag_12,val_2019_2022,2022-04-01,non_food,0.5300000000000011,0.6599999999999966,100.53,100.66
naive_lag_12,val_2019_2022,2022-05-01,total,0.12000000000000455,0.7399999999999949,100.12,100.74
naive_lag_12,val_2019_2022,2022-05-01,services,-0.3199999999999932,0.4399999999999977,99.68,100.44
naive_lag_12,val_2019_2022,2022-05-01,food,0.5999999999999943,0.9599999999999937,100.6,100.96
naive_lag_12,val_2019_2022,2022-05-01,non_food,-0.09000000000000341,0.7399999999999949,99.91,100.74
naive_lag_12,val_2019_2022,2022-06-01,total,-0.3499999999999943,0.6899999999999977,99.65,100.69
naive_lag_12,val_2019_2022,2022-06-01,services,0.8799999999999955,0.7600000000000051,100.88,100.76
naive_lag_12,val_2019_2022,2022-06-01,non_food,-0.4099999999999966,0.6800000000000068,99.59,100.68
naive_lag_12,val_2019_2022,2022-06-01,food,-1.0999999999999943,0.6400000000000006,98.9,100.64
naive_lag_12,val_2019_2022,2022-07-01,food,-1.5300000000000011,-0.5,98.47,99.5
naive_lag_12,val_2019_2022,2022-07-01,non_food,-0.4399999999999977,0.769999999999996,99.56,100.77
naive_lag_12,val_2019_2022,2022-07-01,services,1.4099999999999966,0.8799999999999955,101.41,100.88
naive_lag_12,val_2019_2022,2022-07-01,total,-0.39000000000000057,0.3100000000000023,99.61,100.31
naive_lag_12,val_2019_2022,2022-08-01,services,0.04999999999999716,0.3199999999999932,100.05,100.32
naive_lag_12,val_2019_2022,2022-08-01,total,-0.519999999999996,0.1700000000000017,99.48,100.17
naive_lag_12,val_2019_2022,2022-08-01,food,-1.3599999999999994,-0.5100000000000051,98.64,99.49
naive_lag_12,val_2019_2022,2022-08-01,non_food,-0.04999999999999716,0.7999999999999972,99.95,100.8
naive_lag_12,val_2019_2022,2022-09-01,non_food,0.15000000000000568,0.6400000000000006,100.15,100.64
naive_lag_12,val_2019_2022,2022-09-01,services,0.5100000000000051,0.0,100.51,100.0
naive_lag_12,val_2019_2022,2022-09-01,total,0.04999999999999716,0.5999999999999943,100.05,100.6
naive_lag_12,val_2019_2022,2022-09-01,food,-0.37999999999999545,0.9899999999999949,99.62,100.99
naive_lag_12,val_2019_2022,2022-10-01,services,0.23999999999999488,0.010000000000005116,100.24,100.01
naive_lag_12,val_2019_2022,2022-10-01,food,0.28000000000000114,2.1700000000000017,100.28,102.17
naive_lag_12,val_2019_2022,2022-10-01,non_food,0.04000000000000625,0.7800000000000011,100.04,100.78
naive_lag_12,val_2019_2022,2022-10-01,total,0.18000000000000682,1.1099999999999994,100.18,101.11
naive_lag_12,val_2019_2022,2022-11-01,services,0.7600000000000051,0.8100000000000023,100.76,100.81
naive_lag_12,val_2019_2022,2022-11-01,non_food,0.060000000000002274,0.7199999999999989,100.06,100.72
naive_lag_12,val_2019_2022,2022-11-01,food,0.4000000000000057,1.269999999999996,100.4,101.27
naive_lag_12,val_2019_2022,2022-11-01,total,0.37000000000000455,0.9599999999999937,100.37,100.96
naive_lag_12,val_2019_2022,2022-12-01,food,0.5999999999999943,1.3599999999999994,100.6,101.36
naive_lag_12,val_2019_2022,2022-12-01,services,2.0400000000000063,0.2600000000000051,102.04,100.26
naive_lag_12,val_2019_2022,2022-12-01,non_food,0.04999999999999716,0.6400000000000006,100.05,100.64
naive_lag_12,val_2019_2022,2022-12-01,total,0.7800000000000011,0.8199999999999932,100.78,100.82
rolling_3,val_2019_2022,2019-01-01,non_food,0.6400000000000006,0.35999999999999943,100.64,100.36
rolling_3,val_2019_2022,2019-01-01,services,1.1299999999999955,0.12000000000001876,101.13,100.12000000000002
rolling_3,val_2019_2022,2019-01-01,food,1.269999999999996,1.0799999999999699,101.27,101.07999999999997
rolling_3,val_2019_2022,2019-01-01,total,1.0100000000000051,0.5633333333333326,101.01,100.56333333333333
rolling_3,val_2019_2022,2019-02-01,food,0.7900000000000063,1.319999999999979,100.79,101.31999999999998
rolling_3,val_2019_2022,2019-02-01,non_food,0.2600000000000051,0.423333333333332,100.26,100.42333333333333
rolling_3,val_2019_2022,2019-02-01,services,0.20000000000000284,0.5166666666666941,100.2,100.5166666666667
rolling_3,val_2019_2022,2019-02-01,total,0.4399999999999977,0.7833333333333456,100.44,100.78333333333335
rolling_3,val_2019_2022,2019-03-01,total,0.3199999999999932,0.7633333333333354,100.32,100.76333333333334
rolling_3,val_2019_2022,2019-03-01,services,0.12999999999999545,0.583333333333357,100.13,100.58333333333336
rolling_3,val_2019_2022,2019-03-01,non_food,0.25,0.37999999999999545,100.25,100.38
rolling_3,val_2019_2022,2019-03-01,food,0.5300000000000011,1.2533333333332877,100.53,101.25333333333329
rolling_3,val_2019_2022,2019-04-01,non_food,0.18999999999999773,0.38333333333332575,100.19,100.38333333333333
rolling_3,val_2019_2022,2019-04-01,food,0.4300000000000068,0.8633333333333013,100.43,100.8633333333333
rolling_3,val_2019_2022,2019-04-01,services,0.20999999999999375,0.4866666666666788,100.21,100.48666666666668
rolling_3,val_2019_2022,2019-04-01,total,0.29000000000000625,0.5899999999999892,100.29,100.58999999999999
rolling_3,val_2019_2022,2019-05-01,non_food,0.20999999999999375,0.2333333333333485,100.21,100.23333333333335
rolling_3,val_2019_2022,2019-05-01,services,0.39000000000000057,0.18000000000000682,100.39,100.18
rolling_3,val_2019_2022,2019-05-01,food,0.4099999999999966,0.5833333333333144,100.41,100.58333333333331
rolling_3,val_2019_2022,2019-05-01,total,0.3400000000000034,0.3500000000000085,100.34,100.35000000000001
rolling_3,val_2019_2022,2019-06-01,non_food,0.1700000000000017,0.21666666666665435,100.17,100.21666666666665
rolling_3,val_2019_2022,2019-06-01,total,0.04000000000000625,0.3166666666666771,100.04,100.31666666666668
rolling_3,val_2019_2022,2019-06-01,services,0.5999999999999943,0.2433333333333394,100.6,100.24333333333334
rolling_3,val_2019_2022,2019-06-01,food,-0.480000000000004,0.456666666666635,99.52,100.45666666666664
rolling_3,val_2019_2022,2019-07-01,non_food,0.1700000000000017,0.18999999999999773,100.17,100.19
rolling_3,val_2019_2022,2019-07-01,food,-0.29999999999999716,0.11999999999996191,99.7,100.11999999999996
rolling_3,val_2019_2022,2019-07-01,services,0.9300000000000068,0.4000000000000199,100.93,100.40000000000002
rolling_3,val_2019_2022,2019-07-01,total,0.20000000000000284,0.22333333333334338,100.2,100.22333333333334
rolling_3,val_2019_2022,2019-08-01,services,0.18000000000000682,0.640000000000029,100.18,100.64000000000003
rolling_3,val_2019_2022,2019-08-01,non_food,0.1700000000000017,0.18333333333333712,100.17,100.18333333333334
rolling_3,val_2019_2022,2019-08-01,total,-0.23999999999999488,0.19333333333334224,99.76,100.19333333333334
rolling_3,val_2019_2022,2019-08-01,food,-0.9099999999999966,-0.12333333333337748,99.09,99.87666666666662
rolling_3,val_2019_2022,2019-09-01,services,-0.23000000000000398,0.5700000000000074,99.77,100.57000000000001
rolling_3,val_2019_2022,2019-09-01,non_food,0.18999999999999773,0.1700000000000017,100.19,100.17
rolling_3,val_2019_2022,2019-09-01,total,-0.1599999999999966,0.0,99.84,100.0
rolling_3,val_2019_2022,2019-09-01,food,-0.4399999999999977,-0.5633333333333468,99.56,99.43666666666665
rolling_3,val_2019_2022,2019-10-01,non_food,0.3100000000000023,0.1766666666666623,100.31,100.17666666666666
rolling_3,val_2019_2022,2019-10-01,total,0.12999999999999545,-0.06666666666666288,100.13,99.93333333333334
rolling_3,val_2019_2022,2019-10-01,food,0.18000000000000682,-0.5500000000000256,100.18,99.44999999999997
rolling_3,val_2019_2022,2019-10-01,services,-0.18000000000000682,0.29333333333335077,99.82,100.29333333333335
rolling_3,val_2019_2022,2019-11-01,total,0.28000000000000114,-0.0899999999999892,100.28,99.91000000000001
rolling_3,val_2019_2022,2019-11-01,services,0.10999999999999943,-0.07666666666665378,100.11,99.92333333333335
rolling_3,val_2019_2022,2019-11-01,food,0.45000000000000284,-0.390000000000029,100.45,99.60999999999997
rolling_3,val_2019_2022,2019-11-01,non_food,0.23000000000000398,0.22333333333331495,100.23,100.22333333333331
rolling_3,val_2019_2022,2019-12-01,total,0.35999999999999943,0.0833333333333286,100.36,100.08333333333333
rolling_3,val_2019_2022,2019-12-01,services,0.23999999999999488,-0.0999999999999801,100.24,99.90000000000002
rolling_3,val_2019_2022,2019-12-01,non_food,0.14000000000000057,0.2433333333333394,100.14,100.24333333333334
rolling_3,val_2019_2022,2019-12-01,food,0.6500000000000057,0.06333333333331836,100.65,100.06333333333332
rolling_3,val_2019_2022,2020-01-01,non_food,0.23000000000000398,0.22666666666667368,100.23,100.22666666666667
rolling_3,val_2019_2022,2020-01-01,services,0.23999999999999488,0.05666666666668618,100.24,100.05666666666669
rolling_3,val_2019_2022,2020-01-01,total,0.4000000000000057,0.2566666666666606,100.4,100.25666666666666
rolling_3,val_2019_2022,2020-01-01,food,0.6899999999999977,0.4266666666666339,100.69,100.42666666666663
rolling_3,val_2019_2022,2020-02-01,food,0.5699999999999932,0.5966666666666356,100.57,100.59666666666664
rolling_3,val_2019_2022,2020-02-01,non_food,0.04000000000000625,0.20000000000000284,100.04,100.2
rolling_3,val_2019_2022,2020-02-01,services,0.37000000000000455,0.19666666666667254,100.37,100.19666666666667
rolling_3,val_2019_2022,2020-02-01,total,0.3299999999999983,0.3466666666666498,100.33,100.34666666666665
rolling_3,val_2019_2022,2020-03-01,total,0.5499999999999972,0.36333333333334394,100.55,100.36333333333334
rolling_3,val_2019_2022,2020-03-01,food,0.9599999999999937,0.6366666666666418,100.96,100.63666666666664
rolling_3,val_2019_2022,2020-03-01,services,0.09000000000000341,0.28333333333334565,100.09,100.28333333333335
rolling_3,val_2019_2022,2020-03-01,non_food,0.480000000000004,0.13666666666665606,100.48,100.13666666666666
rolling_3,val_2019_2022,2020-04-01,food,1.7199999999999989,0.7399999999999665,101.72,100.73999999999997
rolling_3,val_2019_2022,2020-04-01,services,0.12000000000000455,0.2333333333333485,100.12,100.23333333333335
rolling_3,val_2019_2022,2020-04-01,non_food,0.4399999999999977,0.25,100.44,100.25
rolling_3,val_2019_2022,2020-04-01,total,0.8299999999999983,0.4266666666666623,100.83,100.42666666666666
rolling_3,val_2019_2022,2020-05-01,food,0.1599999999999966,1.0833333333333002,100.16,101.0833333333333
rolling_3,val_2019_2022,2020-05-01,services,0.45999999999999375,0.19333333333334224,100.46,100.19333333333334
rolling_3,val_2019_2022,2020-05-01,total,0.269999999999996,0.5699999999999932,100.27,100.57
rolling_3,val_2019_2022,2020-05-01,non_food,0.25,0.3199999999999932,100.25,100.32
rolling_3,val_2019_2022,2020-06-01,food,0.1700000000000017,0.9466666666666441,100.17,100.94666666666664
rolling_3,val_2019_2022,2020-06-01,services,0.12000000000000455,0.2233333333333576,100.12,100.22333333333336
rolling_3,val_2019_2022,2020-06-01,total,0.21999999999999886,0.5499999999999972,100.22,100.55
rolling_3,val_2019_2022,2020-06-01,non_food,0.3400000000000034,0.39000000000000057,100.34,100.39
rolling_3,val_2019_2022,2020-07-01,total,0.3499999999999943,0.4399999999999977,100.35,100.44
rolling_3,val_2019_2022,2020-07-01,services,0.9899999999999949,0.2333333333333485,100.99,100.23333333333335
rolling_3,val_2019_2022,2020-07-01,food,-0.06999999999999318,0.6833333333332945,99.93,100.6833333333333
rolling_3,val_2019_2022,2020-07-01,non_food,0.29000000000000625,0.3433333333333195,100.29,100.34333333333332
rolling_3,val_2019_2022,2020-08-01,total,-0.04000000000000625,0.28000000000001535,99.96,100.28000000000002
rolling_3,val_2019_2022,2020-08-01,food,-0.769999999999996,0.08666666666664469,99.23,100.08666666666664
rolling_3,val_2019_2022,2020-08-01,non_food,0.4099999999999966,0.29333333333333655,100.41,100.29333333333334
rolling_3,val_2019_2022,2020-08-01,services,0.37000000000000455,0.5233333333333547,100.37,100.52333333333335
rolling_3,val_2019_2022,2020-09-01,total,-0.06999999999999318,0.1766666666666623,99.93,100.17666666666666
rolling_3,val_2019_2022,2020-09-01,food,-0.4099999999999966,-0.2233333333333576,99.59,99.77666666666664
rolling_3,val_2019_2022,2020-09-01,non_food,0.5600000000000023,0.3466666666666498,100.56,100.34666666666665
rolling_3,val_2019_2022,2020-09-01,services,-0.4200000000000017,0.4933333333333536,99.58,100.49333333333335
rolling_3,val_2019_2022,2020-10-01,services,-0.12999999999999545,0.3133333333333468,99.87,100.31333333333335
rolling_3,val_2019_2022,2020-10-01,total,0.4300000000000068,0.0799999999999983,100.43,100.08
rolling_3,val_2019_2022,2020-10-01,food,0.6200000000000045,-0.4166666666666998,100.62,99.5833333333333
rolling_3,val_2019_2022,2020-10-01,non_food,0.6800000000000068,0.4200000000000017,100.68,100.42
rolling_3,val_2019_2022,2020-11-01,non_food,0.5799999999999983,0.5499999999999972,100.58,100.55
rolling_3,val_2019_2022,2020-11-01,total,0.7099999999999937,0.10666666666666913,100.71,100.10666666666667
rolling_3,val_2019_2022,2020-11-01,services,0.04999999999999716,-0.05999999999998806,100.05,99.94000000000001
rolling_3,val_2019_2022,2020-11-01,food,1.3400000000000034,-0.18666666666668164,101.34,99.81333333333332
rolling_3,val_2019_2022,2020-12-01,services,0.4200000000000017,-0.16666666666664298,100.42,99.83333333333336
rolling_3,val_2019_2022,2020-12-01,non_food,0.4000000000000057,0.6066666666666691,100.4,100.60666666666667
rolling_3,val_2019_2022,2020-12-01,food,1.5300000000000011,0.5166666666666515,101.53,100.51666666666665
rolling_3,val_2019_2022,2020-12-01,total,0.8299999999999983,0.35666666666668334,100.83,100.35666666666668
rolling_3,val_2019_2022,2021-01-01,non_food,0.5300000000000011,0.5533333333333417,100.53,100.55333333333334
rolling_3,val_2019_2022,2021-01-01,food,1.0100000000000051,1.1633333333332985,101.01,101.1633333333333
rolling_3,val_2019_2022,2021-01-01,total,0.6700000000000017,0.6566666666666805,100.67,100.65666666666668
rolling_3,val_2019_2022,2021-01-01,services,0.37999999999999545,0.11333333333335815,100.38,100.11333333333336
rolling_3,val_2019_2022,2021-02-01,total,0.7800000000000011,0.7366666666666788,100.78,100.73666666666668
rolling_3,val_2019_2022,2021-02-01,food,1.2199999999999989,1.2933333333333081,101.22,101.29333333333331
rolling_3,val_2019_2022,2021-02-01,services,0.4399999999999977,0.28333333333335986,100.44,100.28333333333336
rolling_3,val_2019_2022,2021-02-01,non_food,0.5799999999999983,0.5033333333333303,100.58,100.50333333333333
rolling_3,val_2019_2022,2021-03-01,total,0.6599999999999966,0.7599999999999909,100.66,100.75999999999999
rolling_3,val_2019_2022,2021-03-01,food,0.8199999999999932,1.253333333333316,100.82,101.25333333333332
rolling_3,val_2019_2022,2021-03-01,non_food,0.7199999999999989,0.5033333333333303,100.72,100.50333333333333
rolling_3,val_2019_2022,2021-03-01,services,0.37000000000000455,0.4133333333333553,100.37,100.41333333333336
rolling_3,val_2019_2022,2021-04-01,total,0.5799999999999983,0.7033333333333331,100.58,100.70333333333333
rolling_3,val_2019_2022,2021-04-01,services,0.21999999999999886,0.3966666666666896,100.22,100.39666666666669
rolling_3,val_2019_2022,2021-04-01,non_food,0.6599999999999966,0.6099999999999994,100.66,100.61
rolling_3,val_2019_2022,2021-04-01,food,0.75,1.0166666666666373,100.75,101.01666666666664
rolling_3,val_2019_2022,2021-05-01,non_food,0.7399999999999949,0.6533333333333502,100.74,100.65333333333335
rolling_3,val_2019_2022,2021-05-01,services,0.4399999999999977,0.3433333333333479,100.44,100.34333333333335
rolling_3,val_2019_2022,2021-05-01,total,0.7399999999999949,0.673333333333332,100.74,100.67333333333333
rolling_3,val_2019_2022,2021-05-01,food,0.9599999999999937,0.9299999999999642,100.96,100.92999999999996
rolling_3,val_2019_2022,2021-06-01,total,0.6899999999999977,0.6600000000000108,100.69,100.66000000000001
rolling_3,val_2019_2022,2021-06-01,non_food,0.6800000000000068,0.7066666666666634,100.68,100.70666666666666
rolling_3,val_2019_2022,2021-06-01,services,0.7600000000000051,0.3433333333333479,100.76,100.34333333333335
rolling_3,val_2019_2022,2021-06-01,food,0.6400000000000006,0.8433333333332911,100.64,100.84333333333329
rolling_3,val_2019_2022,2021-07-01,food,-0.5,0.783333333333303,99.5,100.7833333333333
rolling_3,val_2019_2022,2021-07-01,total,0.3100000000000023,0.6700000000000017,100.31,100.67
rolling_3,val_2019_2022,2021-07-01,non_food,0.769999999999996,0.693333333333328,100.77,100.69333333333333
rolling_3,val_2019_2022,2021-07-01,services,0.8799999999999955,0.4733333333333576,100.88,100.47333333333336
rolling_3,val_2019_2022,2021-08-01,total,0.1700000000000017,0.5799999999999983,100.17,100.58
rolling_3,val_2019_2022,2021-08-01,non_food,0.7999999999999972,0.730000000000004,100.8,100.73
rolling_3,val_2019_2022,2021-08-01,food,-0.5100000000000051,0.3666666666666316,99.49,100.36666666666663
rolling_3,val_2019_2022,2021-08-01,services,0.3199999999999932,0.6933333333333422,100.32,100.69333333333334
rolling_3,val_2019_2022,2021-09-01,food,0.9899999999999949,-0.12333333333337748,100.99,99.87666666666662
rolling_3,val_2019_2022,2021-09-01,total,0.5999999999999943,0.39000000000000057,100.6,100.39
rolling_3,val_2019_2022,2021-09-01,non_food,0.6400000000000006,0.75,100.64,100.75
rolling_3,val_2019_2022,2021-09-01,services,0.0,0.6533333333333502,100.0,100.65333333333335
rolling_3,val_2019_2022,2021-10-01,non_food,0.7800000000000011,0.7366666666666646,100.78,100.73666666666666
rolling_3,val_2019_2022,2021-10-01,services,0.010000000000005116,0.4000000000000199,100.01,100.40000000000002
rolling_3,val_2019_2022,2021-10-01,food,2.1700000000000017,-0.006666666666703236,102.17,99.9933333333333
rolling_3,val_2019_2022,2021-10-01,total,1.1099999999999994,0.35999999999999943,101.11,100.36
rolling_3,val_2019_2022,2021-11-01,services,0.8100000000000023,0.11000000000001364,100.81,100.11000000000001
rolling_3,val_2019_2022,2021-11-01,total,0.9599999999999937,0.6266666666666652,100.96,100.62666666666667
rolling_3,val_2019_2022,2021-11-01,food,1.269999999999996,0.8833333333333115,101.27,100.88333333333331
rolling_3,val_2019_2022,2021-11-01,non_food,0.7199999999999989,0.7400000000000091,100.72,100.74000000000001
rolling_3,val_2019_2022,2021-12-01,total,0.8199999999999932,0.8899999999999864,100.82,100.88999999999999
rolling_3,val_2019_2022,2021-12-01,non_food,0.6400000000000006,0.713333333333324,100.64,100.71333333333332
rolling_3,val_2019_2022,2021-12-01,food,1.3599999999999994,1.476666666666631,101.36,101.47666666666663
rolling_3,val_2019_2022,2021-12-01,services,0.2600000000000051,0.27333333333335474,100.26,100.27333333333335
rolling_3,val_2019_2022,2022-01-01,food,1.4399999999999977,1.599999999999966,101.44,101.59999999999997
rolling_3,val_2019_2022,2022-01-01,services,0.7600000000000051,0.36000000000001364,100.76,100.36000000000001
rolling_3,val_2019_2022,2022-01-01,non_food,0.6700000000000017,0.713333333333324,100.67,100.71333333333332
rolling_3,val_2019_2022,2022-01-01,total,0.9899999999999949,0.963333333333324,100.99,100.96333333333332
rolling_3,val_2019_2022,2022-02-01,non_food,0.7800000000000011,0.6766666666666623,100.78,100.67666666666666
rolling_3,val_2019_2022,2022-02-01,food,1.5600000000000023,1.3566666666666407,101.56,101.35666666666664
rolling_3,val_2019_2022,2022-02-01,services,1.1299999999999955,0.6100000000000279,101.13,100.61000000000003
rolling_3,val_2019_2022,2022-02-01,total,1.1700000000000017,0.923333333333332,101.17,100.92333333333333
rolling_3,val_2019_2022,2022-03-01,food,6.730000000000004,1.4533333333333047,106.73,101.4533333333333
rolling_3,val_2019_2022,2022-03-01,services,3.989999999999995,0.716666666666697,103.99,100.7166666666667
rolling_3,val_2019_2022,2022-03-01,non_food,11.25,0.6966666666666725,111.25,100.69666666666667
rolling_3,val_2019_2022,2022-03-01,total,7.609999999999999,0.9933333333333394,107.61,100.99333333333334
rolling_3,val_2019_2022,2022-04-01,total,1.5600000000000023,3.2566666666666606,101.56,103.25666666666666
rolling_3,val_2019_2022,2022-04-01,services,1.0699999999999932,1.9600000000000222,101.07,101.96000000000002
rolling_3,val_2019_2022,2022-04-01,food,2.8700000000000045,3.2433333333332968,102.87,103.2433333333333
rolling_3,val_2019_2022,2022-04-01,non_food,0.5300000000000011,4.2333333333333485,100.53,104.23333333333335
rolling_3,val_2019_2022,2022-05-01,total,0.12000000000000455,3.4466666666666725,100.12,103.44666666666667
rolling_3,val_2019_2022,2022-05-01,services,-0.3199999999999932,2.063333333333347,99.68,102.06333333333335
rolling_3,val_2019_2022,2022-05-01,food,0.5999999999999943,3.7199999999999704,100.6,103.71999999999997
rolling_3,val_2019_2022,2022-05-01,non_food,-0.09000000000000341,4.186666666666667,99.91,104.18666666666667
rolling_3,val_2019_2022,2022-06-01,total,-0.3499999999999943,3.09666666666665,99.65,103.09666666666665
rolling_3,val_2019_2022,2022-06-01,services,0.8799999999999955,1.5800000000000267,100.88,101.58000000000003
rolling_3,val_2019_2022,2022-06-01,non_food,-0.4099999999999966,3.896666666666661,99.59,103.89666666666666
rolling_3,val_2019_2022,2022-06-01,food,-1.0999999999999943,3.3999999999999773,98.9,103.39999999999998
rolling_3,val_2019_2022,2022-07-01,food,-1.5300000000000011,0.7899999999999636,98.47,100.78999999999996
rolling_3,val_2019_2022,2022-07-01,non_food,-0.4399999999999977,0.009999999999990905,99.56,100.00999999999999
rolling_3,val_2019_2022,2022-07-01,services,1.4099999999999966,0.5433333333333508,101.41,100.54333333333335
rolling_3,val_2019_2022,2022-07-01,total,-0.39000000000000057,0.44333333333334224,99.61,100.44333333333334
rolling_3,val_2019_2022,2022-08-01,services,0.04999999999999716,0.6566666666666805,100.05,100.65666666666668
rolling_3,val_2019_2022,2022-08-01,total,-0.519999999999996,-0.20666666666666345,99.48,99.79333333333334
rolling_3,val_2019_2022,2022-08-01,food,-1.3599999999999994,-0.6766666666666907,98.64,99.32333333333331
rolling_3,val_2019_2022,2022-08-01,non_food,-0.04999999999999716,-0.3133333333333326,99.95,99.68666666666667
rolling_3,val_2019_2022,2022-09-01,non_food,0.15000000000000568,-0.29999999999999716,100.15,99.7
rolling_3,val_2019_2022,2022-09-01,services,0.5100000000000051,0.7800000000000153,100.51,100.78000000000002
rolling_3,val_2019_2022,2022-09-01,total,0.04999999999999716,-0.4200000000000017,100.05,99.58
rolling_3,val_2019_2022,2022-09-01,food,-0.37999999999999545,-1.3300000000000267,99.62,98.66999999999997
rolling_3,val_2019_2022,2022-10-01,services,0.23999999999999488,0.6566666666666805,100.24,100.65666666666668
rolling_3,val_2019_2022,2022-10-01,food,0.28000000000000114,-1.0900000000000318,100.28,98.90999999999997
rolling_3,val_2019_2022,2022-10-01,non_food,0.04000000000000625,-0.11333333333332973,100.04,99.88666666666667
rolling_3,val_2019_2022,2022-10-01,total,0.18000000000000682,-0.28666666666667595,100.18,99.71333333333332
rolling_3,val_2019_2022,2022-11-01,services,0.7600000000000051,0.26666666666669414,100.76,100.2666666666667
rolling_3,val_2019_2022,2022-11-01,non_food,0.060000000000002274,0.046666666666666856,100.06,100.04666666666667
rolling_3,val_2019_2022,2022-11-01,food,0.4000000000000057,-0.4866666666666788,100.4,99.51333333333332
rolling_3,val_2019_2022,2022-11-01,total,0.37000000000000455,-0.09666666666667822,100.37,99.90333333333332
rolling_3,val_2019_2022,2022-12-01,food,0.5999999999999943,0.0999999999999801,100.6,100.09999999999998
rolling_3,val_2019_2022,2022-12-01,services,2.0400000000000063,0.5033333333333445,102.04,100.50333333333334
rolling_3,val_2019_2022,2022-12-01,non_food,0.04999999999999716,0.0833333333333286,100.05,100.08333333333333
rolling_3,val_2019_2022,2022-12-01,total,0.7800000000000011,0.20000000000000284,100.78,100.2
rolling_12,val_2019_2022,2019-01-01,non_food,0.6400000000000006,0.3358333333333263,100.64,100.33583333333333
rolling_12,val_2019_2022,2019-01-01,services,1.1299999999999955,0.3233333333333377,101.13,100.32333333333334
rolling_12,val_2019_2022,2019-01-01,food,1.269999999999996,0.3816666666666606,101.27,100.38166666666666
rolling_12,val_2019_2022,2019-01-01,total,1.0100000000000051,0.34916666666667595,101.01,100.34916666666668
rolling_12,val_2019_2022,2019-02-01,food,0.7900000000000063,0.44583333333333997,100.79,100.44583333333334
rolling_12,val_2019_2022,2019-02-01,non_food,0.2600000000000051,0.3641666666666765,100.26,100.36416666666668
rolling_12,val_2019_2022,2019-02-01,services,0.20000000000000284,0.4108333333333434,100.2,100.41083333333334
rolling_12,val_2019_2022,2019-02-01,total,0.4399999999999977,0.40749999999998465,100.44,100.40749999999998
rolling_12,val_2019_2022,2019-03-01,total,0.3199999999999932,0.4266666666666623,100.32,100.42666666666666
rolling_12,val_2019_2022,2019-03-01,services,0.12999999999999545,0.417500000000004,100.13,100.4175
rolling_12,val_2019_2022,2019-03-01,non_food,0.25,0.375,100.25,100.375
rolling_12,val_2019_2022,2019-03-01,food,0.5300000000000011,0.4825000000000017,100.53,100.4825
rolling_12,val_2019_2022,2019-04-01,non_food,0.18999999999999773,0.3825000000000074,100.19,100.38250000000001
rolling_12,val_2019_2022,2019-04-01,food,0.4300000000000068,0.4825000000000017,100.43,100.4825
rolling_12,val_2019_2022,2019-04-01,services,0.20999999999999375,0.41833333333333655,100.21,100.41833333333334
rolling_12,val_2019_2022,2019-04-01,total,0.29000000000000625,0.42916666666666003,100.29,100.42916666666666
rolling_12,val_2019_2022,2019-05-01,non_food,0.20999999999999375,0.3674999999999926,100.21,100.36749999999999
rolling_12,val_2019_2022,2019-05-01,services,0.39000000000000057,0.4091666666666498,100.39,100.40916666666665
rolling_12,val_2019_2022,2019-05-01,food,0.4099999999999966,0.4825000000000159,100.41,100.48250000000002
rolling_12,val_2019_2022,2019-05-01,total,0.3400000000000034,0.42166666666666686,100.34,100.42166666666667
rolling_12,val_2019_2022,2019-06-01,non_food,0.1700000000000017,0.3116666666666674,100.17,100.31166666666667
rolling_12,val_2019_2022,2019-06-01,total,0.04000000000000625,0.41833333333333655,100.04,100.41833333333334
rolling_12,val_2019_2022,2019-06-01,services,0.5999999999999943,0.4125000000000085,100.6,100.41250000000001
rolling_12,val_2019_2022,2019-06-01,food,-0.480000000000004,0.5216666666666612,99.52,100.52166666666666
rolling_12,val_2019_2022,2019-07-01,non_food,0.1700000000000017,0.2916666666666714,100.17,100.29166666666667
rolling_12,val_2019_2022,2019-07-01,food,-0.29999999999999716,0.44999999999998863,99.7,100.44999999999999
rolling_12,val_2019_2022,2019-07-01,services,0.9300000000000068,0.40083333333332405,100.93,100.40083333333332
rolling_12,val_2019_2022,2019-07-01,total,0.20000000000000284,0.38083333333332803,100.2,100.38083333333333
rolling_12,val_2019_2022,2019-08-01,services,0.18000000000000682,0.3716666666666697,100.18,100.37166666666667
rolling_12,val_2019_2022,2019-08-01,non_food,0.1700000000000017,0.2958333333333485,100.17,100.29583333333335
rolling_12,val_2019_2022,2019-08-01,total,-0.23999999999999488,0.375,99.76,100.375
rolling_12,val_2019_2022,2019-08-01,food,-0.9099999999999966,0.45250000000000057,99.09,100.4525
rolling_12,val_2019_2022,2019-09-01,services,-0.23000000000000398,0.3641666666666765,99.77,100.36416666666668
rolling_12,val_2019_2022,2019-09-01,non_food,0.18999999999999773,0.2916666666666714,100.19,100.29166666666667
rolling_12,val_2019_2022,2019-09-01,total,-0.1599999999999966,0.3541666666666714,99.84,100.35416666666667
rolling_12,val_2019_2022,2019-09-01,food,-0.4399999999999977,0.40833333333334565,99.56,100.40833333333335
rolling_12,val_2019_2022,2019-10-01,non_food,0.3100000000000023,0.2774999999999892,100.31,100.27749999999999
rolling_12,val_2019_2022,2019-10-01,total,0.12999999999999545,0.32750000000000057,100.13,100.3275
rolling_12,val_2019_2022,2019-10-01,food,0.18000000000000682,0.3783333333333303,100.18,100.37833333333333
rolling_12,val_2019_2022,2019-10-01,services,-0.18000000000000682,0.32500000000000284,99.82,100.325
rolling_12,val_2019_2022,2019-11-01,total,0.28000000000000114,0.3091666666666697,100.28,100.30916666666667
rolling_12,val_2019_2022,2019-11-01,services,0.10999999999999943,0.3149999999999977,100.11,100.315
rolling_12,val_2019_2022,2019-11-01,food,0.45000000000000284,0.3475000000000108,100.45,100.34750000000001
rolling_12,val_2019_2022,2019-11-01,non_food,0.23000000000000398,0.26583333333331893,100.23,100.26583333333332
rolling_12,val_2019_2022,2019-12-01,total,0.35999999999999943,0.29083333333333883,100.36,100.29083333333334
rolling_12,val_2019_2022,2019-12-01,services,0.23999999999999488,0.32416666666665606,100.24,100.32416666666666
rolling_12,val_2019_2022,2019-12-01,non_food,0.14000000000000057,0.2524999999999977,100.14,100.2525
rolling_12,val_2019_2022,2019-12-01,food,0.6500000000000057,0.3024999999999949,100.65,100.3025
rolling_12,val_2019_2022,2020-01-01,non_food,0.23000000000000398,0.24416666666667197,100.23,100.24416666666667
rolling_12,val_2019_2022,2020-01-01,services,0.23999999999999488,0.3091666666666555,100.24,100.30916666666666
rolling_12,val_2019_2022,2020-01-01,total,0.4000000000000057,0.2508333333333326,100.4,100.25083333333333
rolling_12,val_2019_2022,2020-01-01,food,0.6899999999999977,0.2149999999999892,100.69,100.21499999999999
rolling_12,val_2019_2022,2020-02-01,food,0.5699999999999932,0.1666666666666714,100.57,100.16666666666667
rolling_12,val_2019_2022,2020-02-01,non_food,0.04000000000000625,0.20999999999999375,100.04,100.21
rolling_12,val_2019_2022,2020-02-01,services,0.37000000000000455,0.23499999999999943,100.37,100.235
rolling_12,val_2019_2022,2020-02-01,total,0.3299999999999983,0.20000000000000284,100.33,100.2
rolling_12,val_2019_2022,2020-03-01,total,0.5499999999999972,0.1908333333333303,100.55,100.19083333333333
rolling_12,val_2019_2022,2020-03-01,food,0.9599999999999937,0.14833333333332632,100.96,100.14833333333333
rolling_12,val_2019_2022,2020-03-01,services,0.09000000000000341,0.24916666666666742,100.09,100.24916666666667
rolling_12,val_2019_2022,2020-03-01,non_food,0.480000000000004,0.19166666666666288,100.48,100.19166666666666
rolling_12,val_2019_2022,2020-04-01,food,1.7199999999999989,0.1841666666666697,101.72,100.18416666666667
rolling_12,val_2019_2022,2020-04-01,services,0.12000000000000455,0.24583333333333712,100.12,100.24583333333334
rolling_12,val_2019_2022,2020-04-01,non_food,0.4399999999999977,0.21083333333332632,100.44,100.21083333333333
rolling_12,val_2019_2022,2020-04-01,total,0.8299999999999983,0.20999999999999375,100.83,100.21
rolling_12,val_2019_2022,2020-05-01,food,0.1599999999999966,0.2916666666666714,100.16,100.29166666666667
rolling_12,val_2019_2022,2020-05-01,services,0.45999999999999375,0.23833333333334394,100.46,100.23833333333334
rolling_12,val_2019_2022,2020-05-01,total,0.269999999999996,0.25500000000000966,100.27,100.25500000000001
rolling_12,val_2019_2022,2020-05-01,non_food,0.25,0.23166666666668334,100.25,100.23166666666668
rolling_12,val_2019_2022,2020-06-01,food,0.1700000000000017,0.2708333333333286,100.17,100.27083333333333
rolling_12,val_2019_2022,2020-06-01,services,0.12000000000000455,0.24416666666665776,100.12,100.24416666666666
rolling_12,val_2019_2022,2020-06-01,total,0.21999999999999886,0.24916666666666742,100.22,100.24916666666667
rolling_12,val_2019_2022,2020-06-01,non_food,0.3400000000000034,0.23500000000001364,100.34,100.23500000000001
rolling_12,val_2019_2022,2020-07-01,total,0.3499999999999943,0.264166666666668,100.35,100.26416666666667
rolling_12,val_2019_2022,2020-07-01,services,0.9899999999999949,0.20416666666666572,100.99,100.20416666666667
rolling_12,val_2019_2022,2020-07-01,food,-0.06999999999999318,0.32500000000000284,99.93,100.325
rolling_12,val_2019_2022,2020-07-01,non_food,0.29000000000000625,0.24916666666666742,100.29,100.24916666666667
rolling_12,val_2019_2022,2020-08-01,total,-0.04000000000000625,0.2766666666666566,99.96,100.27666666666666
rolling_12,val_2019_2022,2020-08-01,food,-0.769999999999996,0.3441666666666805,99.23,100.34416666666668
rolling_12,val_2019_2022,2020-08-01,non_food,0.4099999999999966,0.25916666666665833,100.41,100.25916666666666
rolling_12,val_2019_2022,2020-08-01,services,0.37000000000000455,0.20916666666666117,100.37,100.20916666666666
rolling_12,val_2019_2022,2020-09-01,total,-0.06999999999999318,0.29333333333333655,99.93,100.29333333333334
rolling_12,val_2019_2022,2020-09-01,food,-0.4099999999999966,0.35583333333333655,99.59,100.35583333333334
rolling_12,val_2019_2022,2020-09-01,non_food,0.5600000000000023,0.2791666666666828,100.56,100.27916666666668
rolling_12,val_2019_2022,2020-09-01,services,-0.4200000000000017,0.2249999999999801,99.58,100.22499999999998
rolling_12,val_2019_2022,2020-10-01,services,-0.12999999999999545,0.20916666666666117,99.87,100.20916666666666
rolling_12,val_2019_2022,2020-10-01,total,0.4300000000000068,0.30083333333334394,100.43,100.30083333333334
rolling_12,val_2019_2022,2020-10-01,food,0.6200000000000045,0.3583333333333343,100.62,100.35833333333333
rolling_12,val_2019_2022,2020-10-01,non_food,0.6800000000000068,0.3100000000000023,100.68,100.31
rolling_12,val_2019_2022,2020-11-01,non_food,0.5799999999999983,0.3408333333333502,100.58,100.34083333333335
rolling_12,val_2019_2022,2020-11-01,total,0.7099999999999937,0.3258333333333212,100.71,100.32583333333332
rolling_12,val_2019_2022,2020-11-01,services,0.04999999999999716,0.21333333333332405,100.05,100.21333333333332
rolling_12,val_2019_2022,2020-11-01,food,1.3400000000000034,0.3949999999999818,101.34,100.39499999999998
rolling_12,val_2019_2022,2020-12-01,services,0.4200000000000017,0.2083333333333286,100.42,100.20833333333333
rolling_12,val_2019_2022,2020-12-01,non_food,0.4000000000000057,0.37000000000000455,100.4,100.37
rolling_12,val_2019_2022,2020-12-01,food,1.5300000000000011,0.4691666666666805,101.53,100.46916666666668
rolling_12,val_2019_2022,2020-12-01,total,0.8299999999999983,0.3616666666666646,100.83,100.36166666666666
rolling_12,val_2019_2022,2021-01-01,non_food,0.5300000000000011,0.3916666666666657,100.53,100.39166666666667
rolling_12,val_2019_2022,2021-01-01,food,1.0100000000000051,0.542500000000004,101.01,100.5425
rolling_12,val_2019_2022,2021-01-01,total,0.6700000000000017,0.40083333333332405,100.67,100.40083333333332
rolling_12,val_2019_2022,2021-01-01,services,0.37999999999999545,0.22333333333334338,100.38,100.22333333333334
rolling_12,val_2019_2022,2021-02-01,total,0.7800000000000011,0.423333333333332,100.78,100.42333333333333
rolling_12,val_2019_2022,2021-02-01,food,1.2199999999999989,0.5691666666666606,101.22,100.56916666666666
rolling_12,val_2019_2022,2021-02-01,services,0.4399999999999977,0.23500000000001364,100.44,100.23500000000001
rolling_12,val_2019_2022,2021-02-01,non_food,0.5799999999999983,0.4166666666666714,100.58,100.41666666666667
rolling_12,val_2019_2022,2021-03-01,total,0.6599999999999966,0.4608333333333263,100.66,100.46083333333333
rolling_12,val_2019_2022,2021-03-01,food,0.8199999999999932,0.6233333333333348,100.82,100.62333333333333
rolling_12,val_2019_2022,2021-03-01,non_food,0.7199999999999989,0.4616666666666589,100.72,100.46166666666666
rolling_12,val_2019_2022,2021-03-01,services,0.37000000000000455,0.24083333333332746,100.37,100.24083333333333
rolling_12,val_2019_2022,2021-04-01,total,0.5799999999999983,0.4700000000000131,100.58,100.47000000000001
rolling_12,val_2019_2022,2021-04-01,services,0.21999999999999886,0.264166666666668,100.22,100.26416666666667
rolling_12,val_2019_2022,2021-04-01,non_food,0.6599999999999966,0.48166666666666913,100.66,100.48166666666667
rolling_12,val_2019_2022,2021-04-01,food,0.75,0.6116666666666646,100.75,100.61166666666666
rolling_12,val_2019_2022,2021-05-01,non_food,0.7399999999999949,0.5,100.74,100.5
rolling_12,val_2019_2022,2021-05-01,services,0.4399999999999977,0.27249999999999375,100.44,100.2725
rolling_12,val_2019_2022,2021-05-01,total,0.7399999999999949,0.44916666666665606,100.74,100.44916666666666
rolling_12,val_2019_2022,2021-05-01,food,0.9599999999999937,0.5308333333333195,100.96,100.53083333333332
rolling_12,val_2019_2022,2021-06-01,total,0.6899999999999977,0.48833333333332973,100.69,100.48833333333333
rolling_12,val_2019_2022,2021-06-01,non_food,0.6800000000000068,0.5408333333333388,100.68,100.54083333333334
rolling_12,val_2019_2022,2021-06-01,services,0.7600000000000051,0.2708333333333286,100.76,100.27083333333333
rolling_12,val_2019_2022,2021-06-01,food,0.6400000000000006,0.5975000000000108,100.64,100.59750000000001
rolling_12,val_2019_2022,2021-07-01,food,-0.5,0.6366666666666703,99.5,100.63666666666667
rolling_12,val_2019_2022,2021-07-01,total,0.3100000000000023,0.5274999999999892,100.31,100.52749999999999
rolling_12,val_2019_2022,2021-07-01,non_food,0.769999999999996,0.5691666666666606,100.77,100.56916666666666
rolling_12,val_2019_2022,2021-07-01,services,0.8799999999999955,0.32416666666665606,100.88,100.32416666666666
rolling_12,val_2019_2022,2021-08-01,total,0.1700000000000017,0.5241666666666589,100.17,100.52416666666666
rolling_12,val_2019_2022,2021-08-01,non_food,0.7999999999999972,0.6091666666666669,100.8,100.60916666666667
rolling_12,val_2019_2022,2021-08-01,food,-0.5100000000000051,0.6008333333333411,99.49,100.60083333333334
rolling_12,val_2019_2022,2021-08-01,services,0.3199999999999932,0.3149999999999977,100.32,100.315
rolling_12,val_2019_2022,2021-09-01,food,0.9899999999999949,0.6224999999999881,100.99,100.62249999999999
rolling_12,val_2019_2022,2021-09-01,total,0.5999999999999943,0.5416666666666714,100.6,100.54166666666667
rolling_12,val_2019_2022,2021-09-01,non_food,0.6400000000000006,0.6416666666666657,100.64,100.64166666666667
rolling_12,val_2019_2022,2021-09-01,services,0.0,0.31083333333333485,100.0,100.31083333333333
rolling_12,val_2019_2022,2021-10-01,non_food,0.7800000000000011,0.6483333333333263,100.78,100.64833333333333
rolling_12,val_2019_2022,2021-10-01,services,0.010000000000005116,0.3458333333333172,100.01,100.34583333333332
rolling_12,val_2019_2022,2021-10-01,food,2.1700000000000017,0.7391666666666623,102.17,100.73916666666666
rolling_12,val_2019_2022,2021-10-01,total,1.1099999999999994,0.5974999999999824,101.11,100.59749999999998
rolling_12,val_2019_2022,2021-11-01,services,0.8100000000000023,0.3575000000000017,100.81,100.3575
rolling_12,val_2019_2022,2021-11-01,total,0.9599999999999937,0.6541666666666828,100.96,100.65416666666668
rolling_12,val_2019_2022,2021-11-01,food,1.269999999999996,0.8683333333333394,101.27,100.86833333333334
rolling_12,val_2019_2022,2021-11-01,non_food,0.7199999999999989,0.6566666666666521,100.72,100.65666666666665
rolling_12,val_2019_2022,2021-12-01,total,0.8199999999999932,0.6749999999999972,100.82,100.675
rolling_12,val_2019_2022,2021-12-01,non_food,0.6400000000000006,0.6683333333333366,100.64,100.66833333333334
rolling_12,val_2019_2022,2021-12-01,food,1.3599999999999994,0.8624999999999972,101.36,100.8625
rolling_12,val_2019_2022,2021-12-01,services,0.2600000000000051,0.4208333333333485,100.26,100.42083333333335
rolling_12,val_2019_2022,2022-01-01,food,1.4399999999999977,0.8483333333333434,101.44,100.84833333333334
rolling_12,val_2019_2022,2022-01-01,services,0.7600000000000051,0.4075000000000131,100.76,100.40750000000001
rolling_12,val_2019_2022,2022-01-01,non_food,0.6700000000000017,0.6883333333333326,100.67,100.68833333333333
rolling_12,val_2019_2022,2022-01-01,total,0.9899999999999949,0.6741666666666788,100.99,100.67416666666668
rolling_12,val_2019_2022,2022-02-01,non_food,0.7800000000000011,0.7000000000000028,100.78,100.7
rolling_12,val_2019_2022,2022-02-01,food,1.5600000000000023,0.8841666666666583,101.56,100.88416666666666
rolling_12,val_2019_2022,2022-02-01,services,1.1299999999999955,0.43916666666666515,101.13,100.43916666666667
rolling_12,val_2019_2022,2022-02-01,total,1.1700000000000017,0.7008333333333354,101.17,100.70083333333334
rolling_12,val_2019_2022,2022-03-01,food,6.730000000000004,0.9125000000000085,106.73,100.91250000000001
rolling_12,val_2019_2022,2022-03-01,services,3.989999999999995,0.4966666666666697,103.99,100.49666666666667
rolling_12,val_2019_2022,2022-03-01,non_food,11.25,0.7166666666666828,111.25,100.71666666666668
rolling_12,val_2019_2022,2022-03-01,total,7.609999999999999,0.7333333333333343,107.61,100.73333333333333
rolling_12,val_2019_2022,2022-04-01,total,1.5600000000000023,1.3125,101.56,101.3125
rolling_12,val_2019_2022,2022-04-01,services,1.0699999999999932,0.798333333333332,101.07,100.79833333333333
rolling_12,val_2019_2022,2022-04-01,food,2.8700000000000045,1.4050000000000153,102.87,101.40500000000002
rolling_12,val_2019_2022,2022-04-01,non_food,0.5300000000000011,1.5941666666666805,100.53,101.59416666666668
rolling_12,val_2019_2022,2022-05-01,total,0.12000000000000455,1.3941666666666634,100.12,101.39416666666666
rolling_12,val_2019_2022,2022-05-01,services,-0.3199999999999932,0.8691666666666578,99.68,100.86916666666666
rolling_12,val_2019_2022,2022-05-01,food,0.5999999999999943,1.5816666666666634,100.6,101.58166666666666
rolling_12,val_2019_2022,2022-05-01,non_food,-0.09000000000000341,1.5833333333333286,99.91,101.58333333333333
rolling_12,val_2019_2022,2022-06-01,total,-0.3499999999999943,1.3425000000000153,99.65,101.34250000000002
rolling_12,val_2019_2022,2022-06-01,services,0.8799999999999955,0.8058333333333394,100.88,100.80583333333334
rolling_12,val_2019_2022,2022-06-01,non_food,-0.4099999999999966,1.5141666666666538,99.59,101.51416666666665
rolling_12,val_2019_2022,2022-06-01,food,-1.0999999999999943,1.5516666666666623,98.9,101.55166666666666
rolling_12,val_2019_2022,2022-07-01,food,-1.5300000000000011,1.406666666666652,98.47,101.40666666666665
rolling_12,val_2019_2022,2022-07-01,non_food,-0.4399999999999977,1.4233333333333462,99.56,101.42333333333335
rolling_12,val_2019_2022,2022-07-01,services,1.4099999999999966,0.8158333333333303,101.41,100.81583333333333
rolling_12,val_2019_2022,2022-07-01,total,-0.39000000000000057,1.255833333333328,99.61,101.25583333333333
rolling_12,val_2019_2022,2022-08-01,services,0.04999999999999716,0.8599999999999994,100.05,100.86
rolling_12,val_2019_2022,2022-08-01,total,-0.519999999999996,1.1975000000000051,99.48,101.1975
rolling_12,val_2019_2022,2022-08-01,food,-1.3599999999999994,1.3208333333333258,98.64,101.32083333333333
rolling_12,val_2019_2022,2022-08-01,non_food,-0.04999999999999716,1.322499999999991,99.95,101.32249999999999
rolling_12,val_2019_2022,2022-09-01,non_food,0.15000000000000568,1.2516666666666652,100.15,101.25166666666667
rolling_12,val_2019_2022,2022-09-01,services,0.5100000000000051,0.8374999999999915,100.51,100.83749999999999
rolling_12,val_2019_2022,2022-09-01,total,0.04999999999999716,1.1399999999999864,100.05,101.13999999999999
rolling_12,val_2019_2022,2022-09-01,food,-0.37999999999999545,1.25,99.62,101.25
rolling_12,val_2019_2022,2022-10-01,services,0.23999999999999488,0.8799999999999955,100.24,100.88
rolling_12,val_2019_2022,2022-10-01,food,0.28000000000000114,1.1358333333333377,100.28,101.13583333333334
rolling_12,val_2019_2022,2022-10-01,non_food,0.04000000000000625,1.2108333333333263,100.04,101.21083333333333
rolling_12,val_2019_2022,2022-10-01,total,0.18000000000000682,1.0941666666666805,100.18,101.09416666666668
rolling_12,val_2019_2022,2022-11-01,services,0.7600000000000051,0.8991666666666589,100.76,100.89916666666666
rolling_12,val_2019_2022,2022-11-01,non_food,0.060000000000002274,1.1491666666666873,100.06,101.14916666666669
rolling_12,val_2019_2022,2022-11-01,food,0.4000000000000057,0.9783333333333388,100.4,100.97833333333334
rolling_12,val_2019_2022,2022-11-01,total,0.37000000000000455,1.0166666666666515,100.37,101.01666666666665
rolling_12,val_2019_2022,2022-12-01,food,0.5999999999999943,0.9058333333333479,100.6,100.90583333333335
rolling_12,val_2019_2022,2022-12-01,services,2.0400000000000063,0.8949999999999818,102.04,100.89499999999998
rolling_12,val_2019_2022,2022-12-01,non_food,0.04999999999999716,1.0941666666666805,100.05,101.09416666666668
rolling_12,val_2019_2022,2022-12-01,total,0.7800000000000011,0.9675000000000153,100.78,100.96750000000002
naive_lag_1,test_2023_2024,2023-01-01,food,1.3199999999999932,0.5999999999999943,101.32,100.6
naive_lag_1,test_2023_2024,2023-01-01,total,0.8400000000000034,0.7800000000000011,100.84,100.78
naive_lag_1,test_2023_2024,2023-01-01,services,1.0100000000000051,2.0400000000000063,101.01,102.04
naive_lag_1,test_2023_2024,2023-01-01,non_food,0.20999999999999375,0.04999999999999716,100.21,100.05
naive_lag_1,test_2023_2024,2023-02-01,non_food,-0.0799999999999983,0.20999999999999375,99.92,100.21
naive_lag_1,test_2023_2024,2023-02-01,food,0.7900000000000063,1.3199999999999932,100.79,101.32
naive_lag_1,test_2023_2024,2023-02-01,services,0.7199999999999989,1.0100000000000051,100.72,101.01
naive_lag_1,test_2023_2024,2023-02-01,total,0.45999999999999375,0.8400000000000034,100.46,100.84
naive_lag_1,test_2023_2024,2023-03-01,non_food,0.14000000000000057,-0.0799999999999983,100.14,99.92
naive_lag_1,test_2023_2024,2023-03-01,services,0.9699999999999989,0.7199999999999989,100.97,100.72
naive_lag_1,test_2023_2024,2023-03-01,food,0.12999999999999545,0.7900000000000063,100.13,100.79
naive_lag_1,test_2023_2024,2023-03-01,total,0.37000000000000455,0.45999999999999375,100.37,100.46
naive_lag_1,test_2023_2024,2023-04-01,non_food,0.15000000000000568,0.14000000000000057,100.15,100.14
naive_lag_1,test_2023_2024,2023-04-01,total,0.37999999999999545,0.37000000000000455,100.38,100.37
naive_lag_1,test_2023_2024,2023-04-01,food,0.29000000000000625,0.12999999999999545,100.29,100.13
naive_lag_1,test_2023_2024,2023-04-01,services,0.7900000000000063,0.9699999999999989,100.79,100.97
naive_lag_1,test_2023_2024,2023-05-01,services,1.1299999999999955,0.7900000000000063,101.13,100.79
naive_lag_1,test_2023_2024,2023-05-01,total,0.3100000000000023,0.37999999999999545,100.31,100.38
naive_lag_1,test_2023_2024,2023-05-01,food,-0.3100000000000023,0.29000000000000625,99.69,100.29
naive_lag_1,test_2023_2024,2023-05-01,non_food,0.3400000000000034,0.15000000000000568,100.34,100.15
naive_lag_1,test_2023_2024,2023-06-01,total,0.37000000000000455,0.3100000000000023,100.37,100.31
naive_lag_1,test_2023_2024,2023-06-01,food,-0.010000000000005116,-0.3100000000000023,99.99,99.69
naive_lag_1,test_2023_2024,2023-06-01,non_food,0.4200000000000017,0.3400000000000034,100.42,100.34
naive_lag_1,test_2023_2024,2023-06-01,services,0.8299999999999983,1.1299999999999955,100.83,101.13
naive_lag_1,test_2023_2024,2023-07-01,total,0.6299999999999955,0.37000000000000455,100.63,100.37
naive_lag_1,test_2023_2024,2023-07-01,services,0.480000000000004,0.8299999999999983,100.48,100.83
naive_lag_1,test_2023_2024,2023-07-01,non_food,0.9099999999999966,0.4200000000000017,100.91,100.42
naive_lag_1,test_2023_2024,2023-07-01,food,0.4899999999999949,-0.010000000000005116,100.49,99.99
naive_lag_1,test_2023_2024,2023-08-01,total,0.28000000000000114,0.6299999999999955,100.28,100.63
naive_lag_1,test_2023_2024,2023-08-01,food,-0.060000000000002274,0.4899999999999949,99.94,100.49
naive_lag_1,test_2023_2024,2023-08-01,non_food,1.1400000000000006,0.9099999999999966,101.14,100.91
naive_lag_1,test_2023_2024,2023-08-01,services,-0.3199999999999932,0.480000000000004,99.68,100.48
naive_lag_1,test_2023_2024,2023-09-01,total,0.8700000000000045,0.28000000000000114,100.87,100.28
naive_lag_1,test_2023_2024,2023-09-01,food,0.8599999999999994,-0.060000000000002274,100.86,99.94
naive_lag_1,test_2023_2024,2023-09-01,services,0.6099999999999994,-0.3199999999999932,100.61,99.68
naive_lag_1,test_2023_2024,2023-09-01,non_food,1.0900000000000034,1.1400000000000006,101.09,101.14
naive_lag_1,test_2023_2024,2023-10-01,food,1.3499999999999943,0.8599999999999994,101.35,100.86
naive_lag_1,test_2023_2024,2023-10-01,services,0.480000000000004,0.6099999999999994,100.48,100.61
naive_lag_1,test_2023_2024,2023-10-01,total,0.8299999999999983,0.8700000000000045,100.83,100.87
naive_lag_1,test_2023_2024,2023-10-01,non_food,0.5499999999999972,1.0900000000000034,100.55,101.09
naive_lag_1,test_2023_2024,2023-11-01,non_food,0.5300000000000011,0.5499999999999972,100.53,100.55
naive_lag_1,test_2023_2024,2023-11-01,services,1.230000000000004,0.480000000000004,101.23,100.48
naive_lag_1,test_2023_2024,2023-11-01,total,1.1099999999999994,0.8299999999999983,101.11,100.83
naive_lag_1,test_2023_2024,2023-11-01,food,1.5499999999999972,1.3499999999999943,101.55,101.35
naive_lag_1,test_2023_2024,2023-12-01,services,0.09999999999999432,1.230000000000004,100.1,101.23
naive_lag_1,test_2023_2024,2023-12-01,total,0.730000000000004,1.1099999999999994,100.73,101.11
naive_lag_1,test_2023_2024,2023-12-01,food,1.4899999999999949,1.5499999999999972,101.49,101.55
naive_lag_1,test_2023_2024,2023-12-01,non_food,0.4200000000000017,0.5300000000000011,100.42,100.53
naive_lag_1,test_2023_2024,2024-01-01,total,0.8599999999999994,0.730000000000004,100.86,100.73
naive_lag_1,test_2023_2024,2024-01-01,non_food,0.46999999999999886,0.4200000000000017,100.47,100.42
naive_lag_1,test_2023_2024,2024-01-01,services,0.7800000000000011,0.09999999999999432,100.78,100.1
naive_lag_1,test_2023_2024,2024-01-01,food,1.2600000000000051,1.4899999999999949,101.26,101.49
naive_lag_1,test_2023_2024,2024-02-01,non_food,0.2600000000000051,0.46999999999999886,100.26,100.47
naive_lag_1,test_2023_2024,2024-02-01,food,0.769999999999996,1.2600000000000051,100.77,101.26
naive_lag_1,test_2023_2024,2024-02-01,services,1.0600000000000023,0.7800000000000011,101.06,100.78
naive_lag_1,test_2023_2024,2024-02-01,total,0.6800000000000068,0.8599999999999994,100.68,100.86
naive_lag_1,test_2023_2024,2024-03-01,non_food,0.269999999999996,0.2600000000000051,100.27,100.26
naive_lag_1,test_2023_2024,2024-03-01,total,0.39000000000000057,0.6800000000000068,100.39,100.68
naive_lag_1,test_2023_2024,2024-03-01,services,0.8299999999999983,1.0600000000000023,100.83,101.06
naive_lag_1,test_2023_2024,2024-03-01,food,0.1700000000000017,0.769999999999996,100.17,100.77
naive_lag_1,test_2023_2024,2024-04-01,total,0.5,0.39000000000000057,100.5,100.39
naive_lag_1,test_2023_2024,2024-04-01,services,0.6200000000000045,0.8299999999999983,100.62,100.83
naive_lag_1,test_2023_2024,2024-04-01,food,0.4899999999999949,0.1700000000000017,100.49,100.17
naive_lag_1,test_2023_2024,2024-04-01,non_food,0.4099999999999966,0.269999999999996,100.41,100.27
naive_lag_1,test_2023_2024,2024-05-01,services,1.5300000000000011,0.6200000000000045,101.53,100.62
naive_lag_1,test_2023_2024,2024-05-01,non_food,0.45999999999999375,0.4099999999999966,100.46,100.41
naive_lag_1,test_2023_2024,2024-05-01,total,0.7399999999999949,0.5,100.74,100.5
naive_lag_1,test_2023_2024,2024-05-01,food,0.4099999999999966,0.4899999999999949,100.41,100.49
naive_lag_1,test_2023_2024,2024-06-01,total,0.6400000000000006,0.7399999999999949,100.64,100.74
naive_lag_1,test_2023_2024,2024-06-01,non_food,0.29000000000000625,0.45999999999999375,100.29,100.46
naive_lag_1,test_2023_2024,2024-06-01,services,1.0600000000000023,1.5300000000000011,101.06,101.53
naive_lag_1,test_2023_2024,2024-06-01,food,0.6299999999999955,0.4099999999999966,100.63,100.41
naive_lag_1,test_2023_2024,2024-07-01,total,1.1400000000000006,0.6400000000000006,101.14,100.64
naive_lag_1,test_2023_2024,2024-07-01,non_food,0.5799999999999983,0.29000000000000625,100.58,100.29
naive_lag_1,test_2023_2024,2024-07-01,food,0.35999999999999943,0.6299999999999955,100.36,100.63
naive_lag_1,test_2023_2024,2024-07-01,services,2.8599999999999994,1.0600000000000023,102.86,101.06
naive_lag_1,test_2023_2024,2024-08-01,total,0.20000000000000284,1.1400000000000006,100.2,101.14
naive_lag_1,test_2023_2024,2024-08-01,non_food,0.5999999999999943,0.5799999999999983,100.6,100.58
naive_lag_1,test_2023_2024,2024-08-01,food,-0.010000000000005116,0.35999999999999943,99.99,100.36
naive_lag_1,test_2023_2024,2024-08-01,services,0.010000000000005116,2.8599999999999994,100.01,102.86
naive_lag_1,test_2023_2024,2024-09-01,non_food,0.6200000000000045,0.5999999999999943,100.62,100.6
naive_lag_1,test_2023_2024,2024-09-01,services,0.5100000000000051,0.010000000000005116,100.51,100.01
naive_lag_1,test_2023_2024,2024-09-01,total,0.480000000000004,0.20000000000000284,100.48,100.2
naive_lag_1,test_2023_2024,2024-09-01,food,0.3400000000000034,-0.010000000000005116,100.34,99.99
naive_lag_1,test_2023_2024,2024-10-01,non_food,0.6800000000000068,0.6200000000000045,100.68,100.62
naive_lag_1,test_2023_2024,2024-10-01,services,0.20999999999999375,0.5100000000000051,100.21,100.51
naive_lag_1,test_2023_2024,2024-10-01,food,1.230000000000004,0.3400000000000034,101.23,100.34
naive_lag_1,test_2023_2024,2024-10-01,total,0.75,0.480000000000004,100.75,100.48
naive_lag_1,test_2023_2024,2024-11-01,services,1.3100000000000023,0.20999999999999375,101.31,100.21
naive_lag_1,test_2023_2024,2024-11-01,non_food,0.5100000000000051,0.6800000000000068,100.51,100.68
naive_lag_1,test_2023_2024,2024-11-01,food,2.3299999999999983,1.230000000000004,102.33,101.23
naive_lag_1,test_2023_2024,2024-11-01,total,1.4300000000000068,0.75,101.43,100.75
naive_lag_1,test_2023_2024,2024-12-01,non_food,0.8100000000000023,0.5100000000000051,100.81,100.51
naive_lag_1,test_2023_2024,2024-12-01,services,0.20000000000000284,1.3100000000000023,100.2,101.31
naive_lag_1,test_2023_2024,2024-12-01,food,2.5999999999999943,2.3299999999999983,102.6,102.33
naive_lag_1,test_2023_2024,2024-12-01,total,1.3199999999999932,1.4300000000000068,101.32,101.43
naive_lag_12,test_2023_2024,2023-01-01,food,1.3199999999999932,1.4399999999999977,101.32,101.44
naive_lag_12,test_2023_2024,2023-01-01,total,0.8400000000000034,0.9899999999999949,100.84,100.99
naive_lag_12,test_2023_2024,2023-01-01,services,1.0100000000000051,0.7600000000000051,101.01,100.76
naive_lag_12,test_2023_2024,2023-01-01,non_food,0.20999999999999375,0.6700000000000017,100.21,100.67
naive_lag_12,test_2023_2024,2023-02-01,non_food,-0.0799999999999983,0.7800000000000011,99.92,100.78
naive_lag_12,test_2023_2024,2023-02-01,food,0.7900000000000063,1.5600000000000023,100.79,101.56
naive_lag_12,test_2023_2024,2023-02-01,services,0.7199999999999989,1.1299999999999955,100.72,101.13
naive_lag_12,test_2023_2024,2023-02-01,total,0.45999999999999375,1.1700000000000017,100.46,101.17
naive_lag_12,test_2023_2024,2023-03-01,non_food,0.14000000000000057,11.25,100.14,111.25
naive_lag_12,test_2023_2024,2023-03-01,services,0.9699999999999989,3.989999999999995,100.97,103.99
naive_lag_12,test_2023_2024,2023-03-01,food,0.12999999999999545,6.730000000000004,100.13,106.73
naive_lag_12,test_2023_2024,2023-03-01,total,0.37000000000000455,7.609999999999999,100.37,107.61
naive_lag_12,test_2023_2024,2023-04-01,non_food,0.15000000000000568,0.5300000000000011,100.15,100.53
naive_lag_12,test_2023_2024,2023-04-01,total,0.37999999999999545,1.5600000000000023,100.38,101.56
naive_lag_12,test_2023_2024,2023-04-01,food,0.29000000000000625,2.8700000000000045,100.29,102.87
naive_lag_12,test_2023_2024,2023-04-01,services,0.7900000000000063,1.0699999999999932,100.79,101.07
naive_lag_12,test_2023_2024,2023-05-01,services,1.1299999999999955,-0.3199999999999932,101.13,99.68
naive_lag_12,test_2023_2024,2023-05-01,total,0.3100000000000023,0.12000000000000455,100.31,100.12
naive_lag_12,test_2023_2024,2023-05-01,food,-0.3100000000000023,0.5999999999999943,99.69,100.6
naive_lag_12,test_2023_2024,2023-05-01,non_food,0.3400000000000034,-0.09000000000000341,100.34,99.91
naive_lag_12,test_2023_2024,2023-06-01,total,0.37000000000000455,-0.3499999999999943,100.37,99.65
naive_lag_12,test_2023_2024,2023-06-01,food,-0.010000000000005116,-1.0999999999999943,99.99,98.9
naive_lag_12,test_2023_2024,2023-06-01,non_food,0.4200000000000017,-0.4099999999999966,100.42,99.59
naive_lag_12,test_2023_2024,2023-06-01,services,0.8299999999999983,0.8799999999999955,100.83,100.88
naive_lag_12,test_2023_2024,2023-07-01,total,0.6299999999999955,-0.39000000000000057,100.63,99.61
naive_lag_12,test_2023_2024,2023-07-01,services,0.480000000000004,1.4099999999999966,100.48,101.41
naive_lag_12,test_2023_2024,2023-07-01,non_food,0.9099999999999966,-0.4399999999999977,100.91,99.56
naive_lag_12,test_2023_2024,2023-07-01,food,0.4899999999999949,-1.5300000000000011,100.49,98.47
naive_lag_12,test_2023_2024,2023-08-01,total,0.28000000000000114,-0.519999999999996,100.28,99.48
naive_lag_12,test_2023_2024,2023-08-01,food,-0.060000000000002274,-1.3599999999999994,99.94,98.64
naive_lag_12,test_2023_2024,2023-08-01,non_food,1.1400000000000006,-0.04999999999999716,101.14,99.95
naive_lag_12,test_2023_2024,2023-08-01,services,-0.3199999999999932,0.04999999999999716,99.68,100.05
naive_lag_12,test_2023_2024,2023-09-01,total,0.8700000000000045,0.04999999999999716,100.87,100.05
naive_lag_12,test_2023_2024,2023-09-01,food,0.8599999999999994,-0.37999999999999545,100.86,99.62
naive_lag_12,test_2023_2024,2023-09-01,services,0.6099999999999994,0.5100000000000051,100.61,100.51
naive_lag_12,test_2023_2024,2023-09-01,non_food,1.0900000000000034,0.15000000000000568,101.09,100.15
naive_lag_12,test_2023_2024,2023-10-01,food,1.3499999999999943,0.28000000000000114,101.35,100.28
naive_lag_12,test_2023_2024,2023-10-01,services,0.480000000000004,0.23999999999999488,100.48,100.24
naive_lag_12,test_2023_2024,2023-10-01,total,0.8299999999999983,0.18000000000000682,100.83,100.18
naive_lag_12,test_2023_2024,2023-10-01,non_food,0.5499999999999972,0.04000000000000625,100.55,100.04
naive_lag_12,test_2023_2024,2023-11-01,non_food,0.5300000000000011,0.060000000000002274,100.53,100.06
naive_lag_12,test_2023_2024,2023-11-01,services,1.230000000000004,0.7600000000000051,101.23,100.76
naive_lag_12,test_2023_2024,2023-11-01,total,1.1099999999999994,0.37000000000000455,101.11,100.37
naive_lag_12,test_2023_2024,2023-11-01,food,1.5499999999999972,0.4000000000000057,101.55,100.4
naive_lag_12,test_2023_2024,2023-12-01,services,0.09999999999999432,2.0400000000000063,100.1,102.04
naive_lag_12,test_2023_2024,2023-12-01,total,0.730000000000004,0.7800000000000011,100.73,100.78
naive_lag_12,test_2023_2024,2023-12-01,food,1.4899999999999949,0.5999999999999943,101.49,100.6
naive_lag_12,test_2023_2024,2023-12-01,non_food,0.4200000000000017,0.04999999999999716,100.42,100.05
naive_lag_12,test_2023_2024,2024-01-01,total,0.8599999999999994,0.8400000000000034,100.86,100.84
naive_lag_12,test_2023_2024,2024-01-01,non_food,0.46999999999999886,0.20999999999999375,100.47,100.21
naive_lag_12,test_2023_2024,2024-01-01,services,0.7800000000000011,1.0100000000000051,100.78,101.01
naive_lag_12,test_2023_2024,2024-01-01,food,1.2600000000000051,1.3199999999999932,101.26,101.32
naive_lag_12,test_2023_2024,2024-02-01,non_food,0.2600000000000051,-0.0799999999999983,100.26,99.92
naive_lag_12,test_2023_2024,2024-02-01,food,0.769999999999996,0.7900000000000063,100.77,100.79
naive_lag_12,test_2023_2024,2024-02-01,services,1.0600000000000023,0.7199999999999989,101.06,100.72
naive_lag_12,test_2023_2024,2024-02-01,total,0.6800000000000068,0.45999999999999375,100.68,100.46
naive_lag_12,test_2023_2024,2024-03-01,non_food,0.269999999999996,0.14000000000000057,100.27,100.14
naive_lag_12,test_2023_2024,2024-03-01,total,0.39000000000000057,0.37000000000000455,100.39,100.37
naive_lag_12,test_2023_2024,2024-03-01,services,0.8299999999999983,0.9699999999999989,100.83,100.97
naive_lag_12,test_2023_2024,2024-03-01,food,0.1700000000000017,0.12999999999999545,100.17,100.13
naive_lag_12,test_2023_2024,2024-04-01,total,0.5,0.37999999999999545,100.5,100.38
naive_lag_12,test_2023_2024,2024-04-01,services,0.6200000000000045,0.7900000000000063,100.62,100.79
naive_lag_12,test_2023_2024,2024-04-01,food,0.4899999999999949,0.29000000000000625,100.49,100.29
naive_lag_12,test_2023_2024,2024-04-01,non_food,0.4099999999999966,0.15000000000000568,100.41,100.15
naive_lag_12,test_2023_2024,2024-05-01,services,1.5300000000000011,1.1299999999999955,101.53,101.13
naive_lag_12,test_2023_2024,2024-05-01,non_food,0.45999999999999375,0.3400000000000034,100.46,100.34
naive_lag_12,test_2023_2024,2024-05-01,total,0.7399999999999949,0.3100000000000023,100.74,100.31
naive_lag_12,test_2023_2024,2024-05-01,food,0.4099999999999966,-0.3100000000000023,100.41,99.69
naive_lag_12,test_2023_2024,2024-06-01,total,0.6400000000000006,0.37000000000000455,100.64,100.37
naive_lag_12,test_2023_2024,2024-06-01,non_food,0.29000000000000625,0.4200000000000017,100.29,100.42
naive_lag_12,test_2023_2024,2024-06-01,services,1.0600000000000023,0.8299999999999983,101.06,100.83
naive_lag_12,test_2023_2024,2024-06-01,food,0.6299999999999955,-0.010000000000005116,100.63,99.99
naive_lag_12,test_2023_2024,2024-07-01,total,1.1400000000000006,0.6299999999999955,101.14,100.63
naive_lag_12,test_2023_2024,2024-07-01,non_food,0.5799999999999983,0.9099999999999966,100.58,100.91
naive_lag_12,test_2023_2024,2024-07-01,food,0.35999999999999943,0.4899999999999949,100.36,100.49
naive_lag_12,test_2023_2024,2024-07-01,services,2.8599999999999994,0.480000000000004,102.86,100.48
naive_lag_12,test_2023_2024,2024-08-01,total,0.20000000000000284,0.28000000000000114,100.2,100.28
naive_lag_12,test_2023_2024,2024-08-01,non_food,0.5999999999999943,1.1400000000000006,100.6,101.14
naive_lag_12,test_2023_2024,2024-08-01,food,-0.010000000000005116,-0.060000000000002274,99.99,99.94
naive_lag_12,test_2023_2024,2024-08-01,services,0.010000000000005116,-0.3199999999999932,100.01,99.68
naive_lag_12,test_2023_2024,2024-09-01,non_food,0.6200000000000045,1.0900000000000034,100.62,101.09
naive_lag_12,test_2023_2024,2024-09-01,services,0.5100000000000051,0.6099999999999994,100.51,100.61
naive_lag_12,test_2023_2024,2024-09-01,total,0.480000000000004,0.8700000000000045,100.48,100.87
naive_lag_12,test_2023_2024,2024-09-01,food,0.3400000000000034,0.8599999999999994,100.34,100.86
naive_lag_12,test_2023_2024,2024-10-01,non_food,0.6800000000000068,0.5499999999999972,100.68,100.55
naive_lag_12,test_2023_2024,2024-10-01,services,0.20999999999999375,0.480000000000004,100.21,100.48
naive_lag_12,test_2023_2024,2024-10-01,food,1.230000000000004,1.3499999999999943,101.23,101.35
naive_lag_12,test_2023_2024,2024-10-01,total,0.75,0.8299999999999983,100.75,100.83
naive_lag_12,test_2023_2024,2024-11-01,services,1.3100000000000023,1.230000000000004,101.31,101.23
naive_lag_12,test_2023_2024,2024-11-01,non_food,0.5100000000000051,0.5300000000000011,100.51,100.53
naive_lag_12,test_2023_2024,2024-11-01,food,2.3299999999999983,1.5499999999999972,102.33,101.55
naive_lag_12,test_2023_2024,2024-11-01,total,1.4300000000000068,1.1099999999999994,101.43,101.11
naive_lag_12,test_2023_2024,2024-12-01,non_food,0.8100000000000023,0.4200000000000017,100.81,100.42
naive_lag_12,test_2023_2024,2024-12-01,services,0.20000000000000284,0.09999999999999432,100.2,100.1
naive_lag_12,test_2023_2024,2024-12-01,food,2.5999999999999943,1.4899999999999949,102.6,101.49
naive_lag_12,test_2023_2024,2024-12-01,total,1.3199999999999932,0.730000000000004,101.32,100.73
rolling_3,test_2023_2024,2023-01-01,food,1.3199999999999932,0.4266666666666339,101.32,100.42666666666663
rolling_3,test_2023_2024,2023-01-01,total,0.8400000000000034,0.44333333333332803,100.84,100.44333333333333
rolling_3,test_2023_2024,2023-01-01,services,1.0100000000000051,1.0133333333333638,101.01,101.01333333333336
rolling_3,test_2023_2024,2023-01-01,non_food,0.20999999999999375,0.04999999999999716,100.21,100.05
rolling_3,test_2023_2024,2023-02-01,non_food,-0.0799999999999983,0.10666666666666913,99.92,100.10666666666667
rolling_3,test_2023_2024,2023-02-01,food,0.7900000000000063,0.7733333333333121,100.79,100.77333333333331
rolling_3,test_2023_2024,2023-02-01,services,0.7199999999999989,1.2700000000000244,100.72,101.27000000000002
rolling_3,test_2023_2024,2023-02-01,total,0.45999999999999375,0.6633333333333411,100.46,100.66333333333334
rolling_3,test_2023_2024,2023-03-01,non_food,0.14000000000000057,0.060000000000002274,100.14,100.06
rolling_3,test_2023_2024,2023-03-01,services,0.9699999999999989,1.2566666666667032,100.97,101.2566666666667
rolling_3,test_2023_2024,2023-03-01,food,0.12999999999999545,0.9033333333333076,100.13,100.90333333333331
rolling_3,test_2023_2024,2023-03-01,total,0.37000000000000455,0.693333333333328,100.37,100.69333333333333
rolling_3,test_2023_2024,2023-04-01,non_food,0.15000000000000568,0.0899999999999892,100.15,100.08999999999999
rolling_3,test_2023_2024,2023-04-01,total,0.37999999999999545,0.556666666666672,100.38,100.55666666666667
rolling_3,test_2023_2024,2023-04-01,food,0.29000000000000625,0.7466666666666271,100.29,100.74666666666663
rolling_3,test_2023_2024,2023-04-01,services,0.7900000000000063,0.9000000000000199,100.79,100.90000000000002
rolling_3,test_2023_2024,2023-05-01,services,1.1299999999999955,0.8266666666666964,101.13,100.8266666666667
rolling_3,test_2023_2024,2023-05-01,total,0.3100000000000023,0.4033333333333218,100.31,100.40333333333332
rolling_3,test_2023_2024,2023-05-01,food,-0.3100000000000023,0.40333333333330756,99.69,100.40333333333331
rolling_3,test_2023_2024,2023-05-01,non_food,0.3400000000000034,0.07000000000000739,100.34,100.07000000000001
rolling_3,test_2023_2024,2023-06-01,total,0.37000000000000455,0.35333333333333883,100.37,100.35333333333334
rolling_3,test_2023_2024,2023-06-01,food,-0.010000000000005116,0.03666666666663332,99.99,100.03666666666663
rolling_3,test_2023_2024,2023-06-01,non_food,0.4200000000000017,0.20999999999999375,100.42,100.21
rolling_3,test_2023_2024,2023-06-01,services,0.8299999999999983,0.9633333333333525,100.83,100.96333333333335
rolling_3,test_2023_2024,2023-07-01,total,0.6299999999999955,0.35333333333333883,100.63,100.35333333333334
rolling_3,test_2023_2024,2023-07-01,services,0.480000000000004,0.9166666666666856,100.48,100.91666666666669
rolling_3,test_2023_2024,2023-07-01,non_food,0.9099999999999966,0.30333333333334167,100.91,100.30333333333334
rolling_3,test_2023_2024,2023-07-01,food,0.4899999999999949,-0.010000000000033538,100.49,99.98999999999997
rolling_3,test_2023_2024,2023-08-01,total,0.28000000000000114,0.4366666666666674,100.28,100.43666666666667
rolling_3,test_2023_2024,2023-08-01,food,-0.060000000000002274,0.05666666666662934,99.94,100.05666666666663
rolling_3,test_2023_2024,2023-08-01,non_food,1.1400000000000006,0.556666666666672,101.14,100.55666666666667
rolling_3,test_2023_2024,2023-08-01,services,-0.3199999999999932,0.8133333333333468,99.68,100.81333333333335
rolling_3,test_2023_2024,2023-09-01,total,0.8700000000000045,0.4266666666666623,100.87,100.42666666666666
rolling_3,test_2023_2024,2023-09-01,food,0.8599999999999994,0.13999999999997215,100.86,100.13999999999997
rolling_3,test_2023_2024,2023-09-01,services,0.6099999999999994,0.3300000000000267,100.61,100.33000000000003
rolling_3,test_2023_2024,2023-09-01,non_food,1.0900000000000034,0.8233333333333377,101.09,100.82333333333334
rolling_3,test_2023_2024,2023-10-01,food,1.3499999999999943,0.4299999999999642,101.35,100.42999999999996
rolling_3,test_2023_2024,2023-10-01,services,0.480000000000004,0.25666666666670324,100.48,100.2566666666667
rolling_3,test_2023_2024,2023-10-01,total,0.8299999999999983,0.5933333333333195,100.83,100.59333333333332
rolling_3,test_2023_2024,2023-10-01,non_food,0.5499999999999972,1.0466666666666669,100.55,101.04666666666667
rolling_3,test_2023_2024,2023-11-01,non_food,0.5300000000000011,0.9266666666666765,100.53,100.92666666666668
rolling_3,test_2023_2024,2023-11-01,services,1.230000000000004,0.2566666666666748,101.23,100.25666666666667
rolling_3,test_2023_2024,2023-11-01,total,1.1099999999999994,0.6600000000000108,101.11,100.66000000000001
rolling_3,test_2023_2024,2023-11-01,food,1.5499999999999972,0.7166666666666401,101.55,100.71666666666664
rolling_3,test_2023_2024,2023-12-01,services,0.09999999999999432,0.7733333333333547,100.1,100.77333333333335
rolling_3,test_2023_2024,2023-12-01,total,0.730000000000004,0.9366666666666674,100.73,100.93666666666667
rolling_3,test_2023_2024,2023-12-01,food,1.4899999999999949,1.2533333333332877,101.49,101.25333333333329
rolling_3,test_2023_2024,2023-12-01,non_food,0.4200000000000017,0.7233333333333434,100.42,100.72333333333334
rolling_3,test_2023_2024,2024-01-01,total,0.8599999999999994,0.8900000000000006,100.86,100.89
rolling_3,test_2023_2024,2024-01-01,non_food,0.46999999999999886,0.5,100.47,100.5
rolling_3,test_2023_2024,2024-01-01,services,0.7800000000000011,0.603333333333353,100.78,100.60333333333335
rolling_3,test_2023_2024,2024-01-01,food,1.2600000000000051,1.4633333333332956,101.26,101.4633333333333
rolling_3,test_2023_2024,2024-02-01,non_food,0.2600000000000051,0.47333333333331495,100.26,100.47333333333331
rolling_3,test_2023_2024,2024-02-01,food,0.769999999999996,1.433333333333323,100.77,101.43333333333332
rolling_3,test_2023_2024,2024-02-01,services,1.0600000000000023,0.7033333333333331,101.06,100.70333333333333
rolling_3,test_2023_2024,2024-02-01,total,0.6800000000000068,0.9000000000000199,100.68,100.90000000000002
rolling_3,test_2023_2024,2024-03-01,non_food,0.269999999999996,0.38333333333333997,100.27,100.38333333333334
rolling_3,test_2023_2024,2024-03-01,total,0.39000000000000057,0.7566666666666606,100.39,100.75666666666666
rolling_3,test_2023_2024,2024-03-01,services,0.8299999999999983,0.6466666666666896,100.83,100.64666666666669
rolling_3,test_2023_2024,2024-03-01,food,0.1700000000000017,1.1733333333333036,100.17,101.1733333333333
rolling_3,test_2023_2024,2024-04-01,total,0.5,0.6433333333333309,100.5,100.64333333333333
rolling_3,test_2023_2024,2024-04-01,services,0.6200000000000045,0.890000000000029,100.62,100.89000000000003
rolling_3,test_2023_2024,2024-04-01,food,0.4899999999999949,0.7333333333333059,100.49,100.7333333333333
rolling_3,test_2023_2024,2024-04-01,non_food,0.4099999999999966,0.3333333333333286,100.41,100.33333333333333
rolling_3,test_2023_2024,2024-05-01,services,1.5300000000000011,0.8366666666666873,101.53,100.83666666666669
rolling_3,test_2023_2024,2024-05-01,non_food,0.45999999999999375,0.3133333333333326,100.46,100.31333333333333
rolling_3,test_2023_2024,2024-05-01,total,0.7399999999999949,0.5233333333333263,100.74,100.52333333333333
rolling_3,test_2023_2024,2024-05-01,food,0.4099999999999966,0.47666666666663104,100.41,100.47666666666663
rolling_3,test_2023_2024,2024-06-01,total,0.6400000000000006,0.5433333333333366,100.64,100.54333333333334
rolling_3,test_2023_2024,2024-06-01,non_food,0.29000000000000625,0.37999999999999545,100.29,100.38
rolling_3,test_2023_2024,2024-06-01,services,1.0600000000000023,0.9933333333333536,101.06,100.99333333333335
rolling_3,test_2023_2024,2024-06-01,food,0.6299999999999955,0.3566666666666407,100.63,100.35666666666664
rolling_3,test_2023_2024,2024-07-01,total,1.1400000000000006,0.6266666666666652,101.14,100.62666666666667
rolling_3,test_2023_2024,2024-07-01,non_food,0.5799999999999983,0.38666666666665606,100.58,100.38666666666666
rolling_3,test_2023_2024,2024-07-01,food,0.35999999999999943,0.5099999999999767,100.36,100.50999999999998
rolling_3,test_2023_2024,2024-07-01,services,2.8599999999999994,1.0700000000000358,102.86,101.07000000000004
rolling_3,test_2023_2024,2024-08-01,total,0.20000000000000284,0.8399999999999892,100.2,100.83999999999999
rolling_3,test_2023_2024,2024-08-01,non_food,0.5999999999999943,0.44333333333332803,100.6,100.44333333333333
rolling_3,test_2023_2024,2024-08-01,food,-0.010000000000005116,0.46666666666662593,99.99,100.46666666666663
rolling_3,test_2023_2024,2024-08-01,services,0.010000000000005116,1.816666666666677,100.01,101.81666666666668
rolling_3,test_2023_2024,2024-09-01,non_food,0.6200000000000045,0.4900000000000091,100.62,100.49000000000001
rolling_3,test_2023_2024,2024-09-01,services,0.5100000000000051,1.3100000000000165,100.51,101.31000000000002
rolling_3,test_2023_2024,2024-09-01,total,0.480000000000004,0.6600000000000108,100.48,100.66000000000001
rolling_3,test_2023_2024,2024-09-01,food,0.3400000000000034,0.32666666666663957,100.34,100.32666666666664
rolling_3,test_2023_2024,2024-10-01,non_food,0.6800000000000068,0.6000000000000085,100.68,100.60000000000001
rolling_3,test_2023_2024,2024-10-01,services,0.20999999999999375,1.1266666666666794,100.21,101.12666666666668
rolling_3,test_2023_2024,2024-10-01,food,1.230000000000004,0.22999999999997556,101.23,100.22999999999998
rolling_3,test_2023_2024,2024-10-01,total,0.75,0.6066666666666833,100.75,100.60666666666668
rolling_3,test_2023_2024,2024-11-01,services,1.3100000000000023,0.2433333333333536,101.31,100.24333333333335
rolling_3,test_2023_2024,2024-11-01,non_food,0.5100000000000051,0.63333333333334,100.51,100.63333333333334
rolling_3,test_2023_2024,2024-11-01,food,2.3299999999999983,0.5199999999999818,102.33,100.51999999999998
rolling_3,test_2023_2024,2024-11-01,total,1.4300000000000068,0.4766666666666737,101.43,100.47666666666667
rolling_3,test_2023_2024,2024-12-01,non_food,0.8100000000000023,0.6033333333333388,100.81,100.60333333333334
rolling_3,test_2023_2024,2024-12-01,services,0.20000000000000284,0.6766666666666907,100.2,100.67666666666669
rolling_3,test_2023_2024,2024-12-01,food,2.5999999999999943,1.2999999999999687,102.6,101.29999999999997
rolling_3,test_2023_2024,2024-12-01,total,1.3199999999999932,0.8866666666666703,101.32,100.88666666666667
rolling_12,test_2023_2024,2023-01-01,food,1.3199999999999932,0.8424999999999869,101.32,100.84249999999999
rolling_12,test_2023_2024,2023-01-01,total,0.8400000000000034,0.9641666666666566,100.84,100.96416666666666
rolling_12,test_2023_2024,2023-01-01,services,1.0100000000000051,1.0433333333333366,101.01,101.04333333333334
rolling_12,test_2023_2024,2023-01-01,non_food,0.20999999999999375,1.0450000000000017,100.21,101.045
rolling_12,test_2023_2024,2023-02-01,non_food,-0.0799999999999983,1.0066666666666606,99.92,101.00666666666666
rolling_12,test_2023_2024,2023-02-01,food,0.7900000000000063,0.832499999999996,100.79,100.8325
rolling_12,test_2023_2024,2023-02-01,services,0.7199999999999989,1.0641666666666652,100.72,101.06416666666667
rolling_12,test_2023_2024,2023-02-01,total,0.45999999999999375,0.9516666666666538,100.46,100.95166666666665
rolling_12,test_2023_2024,2023-03-01,non_food,0.14000000000000057,0.9350000000000023,100.14,100.935
rolling_12,test_2023_2024,2023-03-01,services,0.9699999999999989,1.0300000000000153,100.97,101.03000000000002
rolling_12,test_2023_2024,2023-03-01,food,0.12999999999999545,0.7683333333333309,100.13,100.76833333333333
rolling_12,test_2023_2024,2023-03-01,total,0.37000000000000455,0.8924999999999983,100.37,100.8925
rolling_12,test_2023_2024,2023-04-01,non_food,0.15000000000000568,0.00916666666665833,100.15,100.00916666666666
rolling_12,test_2023_2024,2023-04-01,total,0.37999999999999545,0.2891666666666737,100.38,100.28916666666667
rolling_12,test_2023_2024,2023-04-01,food,0.29000000000000625,0.2183333333333195,100.29,100.21833333333332
rolling_12,test_2023_2024,2023-04-01,services,0.7900000000000063,0.7783333333333502,100.79,100.77833333333335
rolling_12,test_2023_2024,2023-05-01,services,1.1299999999999955,0.7550000000000097,101.13,100.75500000000001
rolling_12,test_2023_2024,2023-05-01,total,0.3100000000000023,0.1908333333333303,100.31,100.19083333333333
rolling_12,test_2023_2024,2023-05-01,food,-0.3100000000000023,0.0033333333333303017,99.69,100.00333333333333
rolling_12,test_2023_2024,2023-05-01,non_food,0.3400000000000034,-0.022499999999993747,100.34,99.9775
rolling_12,test_2023_2024,2023-06-01,total,0.37000000000000455,0.20666666666666345,100.37,100.20666666666666
rolling_12,test_2023_2024,2023-06-01,food,-0.010000000000005116,-0.0724999999999909,99.99,99.92750000000001
rolling_12,test_2023_2024,2023-06-01,non_food,0.4200000000000017,0.013333333333335418,100.42,100.01333333333334
rolling_12,test_2023_2024,2023-06-01,services,0.8299999999999983,0.8758333333333326,100.83,100.87583333333333
rolling_12,test_2023_2024,2023-07-01,total,0.6299999999999955,0.2666666666666657,100.63,100.26666666666667
rolling_12,test_2023_2024,2023-07-01,services,0.480000000000004,0.8716666666666697,100.48,100.87166666666667
rolling_12,test_2023_2024,2023-07-01,non_food,0.9099999999999966,0.08249999999999602,100.91,100.0825
rolling_12,test_2023_2024,2023-07-01,food,0.4899999999999949,0.01833333333333087,100.49,100.01833333333333
rolling_12,test_2023_2024,2023-08-01,total,0.28000000000000114,0.35166666666664526,100.28,100.35166666666665
rolling_12,test_2023_2024,2023-08-01,food,-0.060000000000002274,0.18666666666666742,99.94,100.18666666666667
rolling_12,test_2023_2024,2023-08-01,non_food,1.1400000000000006,0.19499999999999318,101.14,100.195
rolling_12,test_2023_2024,2023-08-01,services,-0.3199999999999932,0.7941666666666691,99.68,100.79416666666667
rolling_12,test_2023_2024,2023-09-01,total,0.8700000000000045,0.41833333333333655,100.87,100.41833333333334
rolling_12,test_2023_2024,2023-09-01,food,0.8599999999999994,0.2950000000000017,100.86,100.295
rolling_12,test_2023_2024,2023-09-01,services,0.6099999999999994,0.7633333333333354,100.61,100.76333333333334
rolling_12,test_2023_2024,2023-09-01,non_food,1.0900000000000034,0.29416666666666913,101.09,100.29416666666667
rolling_12,test_2023_2024,2023-10-01,food,1.3499999999999943,0.3983333333333263,101.35,100.39833333333333
rolling_12,test_2023_2024,2023-10-01,services,0.480000000000004,0.7716666666666896,100.48,100.77166666666669
rolling_12,test_2023_2024,2023-10-01,total,0.8299999999999983,0.4866666666666646,100.83,100.48666666666666
rolling_12,test_2023_2024,2023-10-01,non_food,0.5499999999999972,0.3725000000000023,100.55,100.3725
rolling_12,test_2023_2024,2023-11-01,non_food,0.5300000000000011,0.41500000000000625,100.53,100.415
rolling_12,test_2023_2024,2023-11-01,services,1.230000000000004,0.7916666666666856,101.23,100.79166666666669
rolling_12,test_2023_2024,2023-11-01,total,1.1099999999999994,0.5408333333333388,101.11,100.54083333333334
rolling_12,test_2023_2024,2023-11-01,food,1.5499999999999972,0.48749999999999716,101.55,100.4875
rolling_12,test_2023_2024,2023-12-01,services,0.09999999999999432,0.8308333333333593,100.1,100.83083333333336
rolling_12,test_2023_2024,2023-12-01,total,0.730000000000004,0.6025000000000063,100.73,100.6025
rolling_12,test_2023_2024,2023-12-01,food,1.4899999999999949,0.5833333333333286,101.49,100.58333333333333
rolling_12,test_2023_2024,2023-12-01,non_food,0.4200000000000017,0.4541666666666657,100.42,100.45416666666667
rolling_12,test_2023_2024,2024-01-01,total,0.8599999999999994,0.5983333333333434,100.86,100.59833333333334
rolling_12,test_2023_2024,2024-01-01,non_food,0.46999999999999886,0.48499999999999943,100.47,100.485
rolling_12,test_2023_2024,2024-01-01,services,0.7800000000000011,0.6691666666666691,100.78,100.66916666666667
rolling_12,test_2023_2024,2024-01-01,food,1.2600000000000051,0.6575000000000131,101.26,100.65750000000001
rolling_12,test_2023_2024,2024-02-01,non_food,0.2600000000000051,0.5066666666666606,100.26,100.50666666666666
rolling_12,test_2023_2024,2024-02-01,food,0.769999999999996,0.6525000000000176,100.77,100.65250000000002
rolling_12,test_2023_2024,2024-02-01,services,1.0600000000000023,0.6499999999999915,101.06,100.64999999999999
rolling_12,test_2023_2024,2024-02-01,total,0.6800000000000068,0.6000000000000085,100.68,100.60000000000001
rolling_12,test_2023_2024,2024-03-01,non_food,0.269999999999996,0.5349999999999824,100.27,100.53499999999998
rolling_12,test_2023_2024,2024-03-01,total,0.39000000000000057,0.6183333333333394,100.39,100.61833333333334
rolling_12,test_2023_2024,2024-03-01,services,0.8299999999999983,0.6783333333333275,100.83,100.67833333333333
rolling_12,test_2023_2024,2024-03-01,food,0.1700000000000017,0.650833333333324,100.17,100.65083333333332
rolling_12,test_2023_2024,2024-04-01,total,0.5,0.6200000000000045,100.5,100.62
rolling_12,test_2023_2024,2024-04-01,services,0.6200000000000045,0.6666666666666856,100.62,100.66666666666669
rolling_12,test_2023_2024,2024-04-01,food,0.4899999999999949,0.6541666666666544,100.49,100.65416666666665
rolling_12,test_2023_2024,2024-04-01,non_food,0.4099999999999966,0.5458333333333343,100.41,100.54583333333333
rolling_12,test_2023_2024,2024-05-01,services,1.5300000000000011,0.6524999999999892,101.53,100.65249999999999
rolling_12,test_2023_2024,2024-05-01,non_food,0.45999999999999375,0.5674999999999955,100.46,100.5675
rolling_12,test_2023_2024,2024-05-01,total,0.7399999999999949,0.6300000000000097,100.74,100.63000000000001
rolling_12,test_2023_2024,2024-05-01,food,0.4099999999999966,0.6708333333333343,100.41,100.67083333333333
rolling_12,test_2023_2024,2024-06-01,total,0.6400000000000006,0.6658333333333104,100.64,100.66583333333331
rolling_12,test_2023_2024,2024-06-01,non_food,0.29000000000000625,0.5775000000000006,100.29,100.5775
rolling_12,test_2023_2024,2024-06-01,services,1.0600000000000023,0.6858333333333348,101.06,100.68583333333333
rolling_12,test_2023_2024,2024-06-01,food,0.6299999999999955,0.7308333333333366,100.63,100.73083333333334
rolling_12,test_2023_2024,2024-07-01,total,1.1400000000000006,0.6883333333333326,101.14,100.68833333333333
rolling_12,test_2023_2024,2024-07-01,non_food,0.5799999999999983,0.5666666666666629,100.58,100.56666666666666
rolling_12,test_2023_2024,2024-07-01,food,0.35999999999999943,0.7841666666666498,100.36,100.78416666666665
rolling_12,test_2023_2024,2024-07-01,services,2.8599999999999994,0.7049999999999983,102.86,100.705
rolling_12,test_2023_2024,2024-08-01,total,0.20000000000000284,0.7308333333333508,100.2,100.73083333333335
rolling_12,test_2023_2024,2024-08-01,non_food,0.5999999999999943,0.5391666666666737,100.6,100.53916666666667
rolling_12,test_2023_2024,2024-08-01,food,-0.010000000000005116,0.7733333333333263,99.99,100.77333333333333
rolling_12,test_2023_2024,2024-08-01,services,0.010000000000005116,0.9033333333333502,100.01,100.90333333333335
rolling_12,test_2023_2024,2024-09-01,non_food,0.6200000000000045,0.49416666666667197,100.62,100.49416666666667
rolling_12,test_2023_2024,2024-09-01,services,0.5100000000000051,0.9308333333333394,100.51,100.93083333333334
rolling_12,test_2023_2024,2024-09-01,total,0.480000000000004,0.7241666666666475,100.48,100.72416666666665
rolling_12,test_2023_2024,2024-09-01,food,0.3400000000000034,0.7774999999999892,100.34,100.77749999999999
rolling_12,test_2023_2024,2024-10-01,non_food,0.6800000000000068,0.4549999999999983,100.68,100.455
rolling_12,test_2023_2024,2024-10-01,services,0.20999999999999375,0.9224999999999994,100.21,100.9225
rolling_12,test_2023_2024,2024-10-01,food,1.230000000000004,0.7341666666666669,101.23,100.73416666666667
rolling_12,test_2023_2024,2024-10-01,total,0.75,0.6916666666666629,100.75,100.69166666666666
rolling_12,test_2023_2024,2024-11-01,services,1.3100000000000023,0.8999999999999915,101.31,100.89999999999999
rolling_12,test_2023_2024,2024-11-01,non_food,0.5100000000000051,0.4658333333333218,100.51,100.46583333333332
rolling_12,test_2023_2024,2024-11-01,food,2.3299999999999983,0.724166666666676,102.33,100.72416666666668
rolling_12,test_2023_2024,2024-11-01,total,1.4300000000000068,0.6850000000000023,101.43,100.685
rolling_12,test_2023_2024,2024-12-01,non_food,0.8100000000000023,0.4641666666666566,100.81,100.46416666666666
rolling_12,test_2023_2024,2024-12-01,services,0.20000000000000284,0.9066666666666805,100.2,100.90666666666668
rolling_12,test_2023_2024,2024-12-01,food,2.5999999999999943,0.7891666666666453,102.6,100.78916666666665
rolling_12,test_2023_2024,2024-12-01,total,1.3199999999999932,0.7116666666666589,101.32,100.71166666666666
naive_lag_1,holdout_2025,2025-01-01,non_food,0.4200000000000017,0.8100000000000023,100.42,100.81
naive_lag_1,holdout_2025,2025-01-01,food,1.3299999999999983,2.5999999999999943,101.33,102.6
naive_lag_1,holdout_2025,2025-01-01,services,2.069999999999993,0.20000000000000284,102.07,100.2
naive_lag_1,holdout_2025,2025-01-01,total,1.230000000000004,1.3199999999999932,101.23,101.32
naive_lag_1,holdout_2025,2025-02-01,total,0.8100000000000023,1.230000000000004,100.81,101.23
naive_lag_1,holdout_2025,2025-02-01,non_food,0.2600000000000051,0.4200000000000017,100.26,100.42
naive_lag_1,holdout_2025,2025-02-01,services,0.8100000000000023,2.069999999999993,100.81,102.07
naive_lag_1,holdout_2025,2025-02-01,food,1.269999999999996,1.3299999999999983,101.27,101.33
naive_lag_1,holdout_2025,2025-03-01,food,0.8299999999999983,1.269999999999996,100.83,101.27
naive_lag_1,holdout_2025,2025-03-01,non_food,0.14000000000000057,0.2600000000000051,100.14,100.26
naive_lag_1,holdout_2025,2025-03-01,services,1.0100000000000051,0.8100000000000023,101.01,100.81
naive_lag_1,holdout_2025,2025-03-01,total,0.6500000000000057,0.8100000000000023,100.65,100.81
naive_lag_1,holdout_2025,2025-04-01,services,0.5300000000000011,1.0100000000000051,100.53,101.01
naive_lag_1,holdout_2025,2025-04-01,total,0.4000000000000057,0.6500000000000057,100.4,100.65
naive_lag_1,holdout_2025,2025-04-01,food,0.7099999999999937,0.8299999999999983,100.71,100.83
naive_lag_1,holdout_2025,2025-04-01,non_food,-0.06999999999999318,0.14000000000000057,99.93,100.14
naive_lag_1,holdout_2025,2025-05-01,non_food,-0.12999999999999545,-0.06999999999999318,99.87,99.93
naive_lag_1,holdout_2025,2025-05-01,services,1.3400000000000034,0.5300000000000011,101.34,100.53
naive_lag_1,holdout_2025,2025-05-01,total,0.4300000000000068,0.4000000000000057,100.43,100.4
naive_lag_1,holdout_2025,2025-05-01,food,0.2600000000000051,0.7099999999999937,100.26,100.71
naive_lag_1,holdout_2025,2025-06-01,services,0.5900000000000034,1.3400000000000034,100.59,101.34
naive_lag_1,holdout_2025,2025-06-01,food,0.10999999999999943,0.2600000000000051,100.11,100.26
naive_lag_1,holdout_2025,2025-06-01,non_food,-0.030000000000001137,-0.12999999999999545,99.97,99.87
naive_lag_1,holdout_2025,2025-06-01,total,0.20000000000000284,0.4300000000000068,100.2,100.43
naive_lag_1,holdout_2025,2025-07-01,food,-0.6400000000000006,0.10999999999999943,99.36,100.11
naive_lag_1,holdout_2025,2025-07-01,total,0.5699999999999932,0.20000000000000284,100.57,100.2
naive_lag_1,holdout_2025,2025-07-01,services,2.6899999999999977,0.5900000000000034,102.69,100.59
naive_lag_1,holdout_2025,2025-07-01,non_food,0.18999999999999773,-0.030000000000001137,100.19,99.97
naive_lag_1,holdout_2025,2025-08-01,food,-0.9099999999999966,-0.6400000000000006,99.09,99.36
naive_lag_1,holdout_2025,2025-08-01,total,-0.4000000000000057,0.5699999999999932,99.6,100.57
naive_lag_1,holdout_2025,2025-08-01,services,-0.6200000000000045,2.6899999999999977,99.38,102.69
naive_lag_1,holdout_2025,2025-08-01,non_food,0.4200000000000017,0.18999999999999773,100.42,100.19
naive_lag_1,holdout_2025,2025-09-01,services,0.46999999999999886,-0.6200000000000045,100.47,99.38
naive_lag_1,holdout_2025,2025-09-01,food,0.030000000000001137,-0.9099999999999966,100.03,99.09
naive_lag_1,holdout_2025,2025-09-01,total,0.3400000000000034,-0.4000000000000057,100.34,99.6
naive_lag_1,holdout_2025,2025-09-01,non_food,0.5900000000000034,0.4200000000000017,100.59,100.42
naive_lag_1,holdout_2025,2025-10-01,non_food,0.6700000000000017,0.5900000000000034,100.67,100.59
naive_lag_1,holdout_2025,2025-10-01,total,0.5,0.3400000000000034,100.5,100.34
naive_lag_1,holdout_2025,2025-10-01,services,-0.4200000000000017,0.46999999999999886,99.58,100.47
naive_lag_1,holdout_2025,2025-10-01,food,1.0499999999999972,0.030000000000001137,101.05,100.03
naive_lag_1,holdout_2025,2025-11-01,total,0.4200000000000017,0.5,100.42,100.5
naive_lag_1,holdout_2025,2025-11-01,services,0.35999999999999943,-0.4200000000000017,100.36,99.58
naive_lag_1,holdout_2025,2025-11-01,non_food,0.1599999999999966,0.6700000000000017,100.16,100.67
naive_lag_1,holdout_2025,2025-11-01,food,0.6899999999999977,1.0499999999999972,100.69,101.05
naive_lag_1,holdout_2025,2025-12-01,services,0.15000000000000568,0.35999999999999943,100.15,100.36
naive_lag_1,holdout_2025,2025-12-01,non_food,0.3400000000000034,0.1599999999999966,100.34,100.16
naive_lag_1,holdout_2025,2025-12-01,food,0.4300000000000068,0.6899999999999977,100.43,100.69
naive_lag_1,holdout_2025,2025-12-01,total,0.3199999999999932,0.4200000000000017,100.32,100.42
naive_lag_12,holdout_2025,2025-01-01,non_food,0.4200000000000017,0.46999999999999886,100.42,100.47
naive_lag_12,holdout_2025,2025-01-01,food,1.3299999999999983,1.2600000000000051,101.33,101.26
naive_lag_12,holdout_2025,2025-01-01,services,2.069999999999993,0.7800000000000011,102.07,100.78
naive_lag_12,holdout_2025,2025-01-01,total,1.230000000000004,0.8599999999999994,101.23,100.86
naive_lag_12,holdout_2025,2025-02-01,total,0.8100000000000023,0.6800000000000068,100.81,100.68
naive_lag_12,holdout_2025,2025-02-01,non_food,0.2600000000000051,0.2600000000000051,100.26,100.26
naive_lag_12,holdout_2025,2025-02-01,services,0.8100000000000023,1.0600000000000023,100.81,101.06
naive_lag_12,holdout_2025,2025-02-01,food,1.269999999999996,0.769999999999996,101.27,100.77
naive_lag_12,holdout_2025,2025-03-01,food,0.8299999999999983,0.1700000000000017,100.83,100.17
naive_lag_12,holdout_2025,2025-03-01,non_food,0.14000000000000057,0.269999999999996,100.14,100.27
naive_lag_12,holdout_2025,2025-03-01,services,1.0100000000000051,0.8299999999999983,101.01,100.83
naive_lag_12,holdout_2025,2025-03-01,total,0.6500000000000057,0.39000000000000057,100.65,100.39
naive_lag_12,holdout_2025,2025-04-01,services,0.5300000000000011,0.6200000000000045,100.53,100.62
naive_lag_12,holdout_2025,2025-04-01,total,0.4000000000000057,0.5,100.4,100.5
naive_lag_12,holdout_2025,2025-04-01,food,0.7099999999999937,0.4899999999999949,100.71,100.49
naive_lag_12,holdout_2025,2025-04-01,non_food,-0.06999999999999318,0.4099999999999966,99.93,100.41
naive_lag_12,holdout_2025,2025-05-01,non_food,-0.12999999999999545,0.45999999999999375,99.87,100.46
naive_lag_12,holdout_2025,2025-05-01,services,1.3400000000000034,1.5300000000000011,101.34,101.53
naive_lag_12,holdout_2025,2025-05-01,total,0.4300000000000068,0.7399999999999949,100.43,100.74
naive_lag_12,holdout_2025,2025-05-01,food,0.2600000000000051,0.4099999999999966,100.26,100.41
naive_lag_12,holdout_2025,2025-06-01,services,0.5900000000000034,1.0600000000000023,100.59,101.06
naive_lag_12,holdout_2025,2025-06-01,food,0.10999999999999943,0.6299999999999955,100.11,100.63
naive_lag_12,holdout_2025,2025-06-01,non_food,-0.030000000000001137,0.29000000000000625,99.97,100.29
naive_lag_12,holdout_2025,2025-06-01,total,0.20000000000000284,0.6400000000000006,100.2,100.64
naive_lag_12,holdout_2025,2025-07-01,food,-0.6400000000000006,0.35999999999999943,99.36,100.36
naive_lag_12,holdout_2025,2025-07-01,total,0.5699999999999932,1.1400000000000006,100.57,101.14
naive_lag_12,holdout_2025,2025-07-01,services,2.6899999999999977,2.8599999999999994,102.69,102.86
naive_lag_12,holdout_2025,2025-07-01,non_food,0.18999999999999773,0.5799999999999983,100.19,100.58
naive_lag_12,holdout_2025,2025-08-01,food,-0.9099999999999966,-0.010000000000005116,99.09,99.99
naive_lag_12,holdout_2025,2025-08-01,total,-0.4000000000000057,0.20000000000000284,99.6,100.2
naive_lag_12,holdout_2025,2025-08-01,services,-0.6200000000000045,0.010000000000005116,99.38,100.01
naive_lag_12,holdout_2025,2025-08-01,non_food,0.4200000000000017,0.5999999999999943,100.42,100.6
naive_lag_12,holdout_2025,2025-09-01,services,0.46999999999999886,0.5100000000000051,100.47,100.51
naive_lag_12,holdout_2025,2025-09-01,food,0.030000000000001137,0.3400000000000034,100.03,100.34
naive_lag_12,holdout_2025,2025-09-01,total,0.3400000000000034,0.480000000000004,100.34,100.48
naive_lag_12,holdout_2025,2025-09-01,non_food,0.5900000000000034,0.6200000000000045,100.59,100.62
naive_lag_12,holdout_2025,2025-10-01,non_food,0.6700000000000017,0.6800000000000068,100.67,100.68
naive_lag_12,holdout_2025,2025-10-01,total,0.5,0.75,100.5,100.75
naive_lag_12,holdout_2025,2025-10-01,services,-0.4200000000000017,0.20999999999999375,99.58,100.21
naive_lag_12,holdout_2025,2025-10-01,food,1.0499999999999972,1.230000000000004,101.05,101.23
naive_lag_12,holdout_2025,2025-11-01,total,0.4200000000000017,1.4300000000000068,100.42,101.43
naive_lag_12,holdout_2025,2025-11-01,services,0.35999999999999943,1.3100000000000023,100.36,101.31
naive_lag_12,holdout_2025,2025-11-01,non_food,0.1599999999999966,0.5100000000000051,100.16,100.51
naive_lag_12,holdout_2025,2025-11-01,food,0.6899999999999977,2.3299999999999983,100.69,102.33
naive_lag_12,holdout_2025,2025-12-01,services,0.15000000000000568,0.20000000000000284,100.15,100.2
naive_lag_12,holdout_2025,2025-12-01,non_food,0.3400000000000034,0.8100000000000023,100.34,100.81
naive_lag_12,holdout_2025,2025-12-01,food,0.4300000000000068,2.5999999999999943,100.43,102.6
naive_lag_12,holdout_2025,2025-12-01,total,0.3199999999999932,1.3199999999999932,100.32,101.32
rolling_3,holdout_2025,2025-01-01,non_food,0.4200000000000017,0.6666666666666714,100.42,100.66666666666667
rolling_3,holdout_2025,2025-01-01,food,1.3299999999999983,2.053333333333299,101.33,102.0533333333333
rolling_3,holdout_2025,2025-01-01,services,2.069999999999993,0.5733333333333377,102.07,100.57333333333334
rolling_3,holdout_2025,2025-01-01,total,1.230000000000004,1.1666666666666714,101.23,101.16666666666667
rolling_3,holdout_2025,2025-02-01,total,0.8100000000000023,1.326666666666668,100.81,101.32666666666667
rolling_3,holdout_2025,2025-02-01,non_food,0.2600000000000051,0.5799999999999983,100.26,100.58
rolling_3,holdout_2025,2025-02-01,services,0.8100000000000023,1.1933333333333422,100.81,101.19333333333334
rolling_3,holdout_2025,2025-02-01,food,1.269999999999996,2.0866666666666305,101.27,102.08666666666663
rolling_3,holdout_2025,2025-03-01,food,0.8299999999999983,1.7333333333333059,100.83,101.7333333333333
rolling_3,holdout_2025,2025-03-01,non_food,0.14000000000000057,0.4966666666666697,100.14,100.49666666666667
rolling_3,holdout_2025,2025-03-01,services,1.0100000000000051,1.026666666666685,101.01,101.02666666666669
rolling_3,holdout_2025,2025-03-01,total,0.6500000000000057,1.1200000000000045,100.65,101.12
rolling_3,holdout_2025,2025-04-01,services,0.5300000000000011,1.296666666666681,100.53,101.29666666666668
rolling_3,holdout_2025,2025-04-01,total,0.4000000000000057,0.8966666666666612,100.4,100.89666666666666
rolling_3,holdout_2025,2025-04-01,food,0.7099999999999937,1.1433333333333024,100.71,101.1433333333333
rolling_3,holdout_2025,2025-04-01,non_food,-0.06999999999999318,0.2733333333333263,99.93,100.27333333333333
rolling_3,holdout_2025,2025-05-01,non_food,-0.12999999999999545,0.10999999999999943,99.87,100.11
rolling_3,holdout_2025,2025-05-01,services,1.3400000000000034,0.7833333333333599,101.34,100.78333333333336
rolling_3,holdout_2025,2025-05-01,total,0.4300000000000068,0.6200000000000045,100.43,100.62
rolling_3,holdout_2025,2025-05-01,food,0.2600000000000051,0.9366666666666248,100.26,100.93666666666662
rolling_3,holdout_2025,2025-06-01,services,0.5900000000000034,0.9600000000000222,100.59,100.96000000000002
rolling_3,holdout_2025,2025-06-01,food,0.10999999999999943,0.5999999999999801,100.11,100.59999999999998
rolling_3,holdout_2025,2025-06-01,non_food,-0.030000000000001137,-0.01999999999999602,99.97,99.98
rolling_3,holdout_2025,2025-06-01,total,0.20000000000000284,0.4933333333333394,100.2,100.49333333333334
rolling_3,holdout_2025,2025-07-01,food,-0.6400000000000006,0.359999999999971,99.36,100.35999999999997
rolling_3,holdout_2025,2025-07-01,total,0.5699999999999932,0.3433333333333479,100.57,100.34333333333335
rolling_3,holdout_2025,2025-07-01,services,2.6899999999999977,0.8200000000000358,102.69,100.82000000000004
rolling_3,holdout_2025,2025-07-01,non_food,0.18999999999999773,-0.07666666666665378,100.19,99.92333333333335
rolling_3,holdout_2025,2025-08-01,food,-0.9099999999999966,-0.09000000000003183,99.09,99.90999999999997
rolling_3,holdout_2025,2025-08-01,total,-0.4000000000000057,0.3999999999999915,99.6,100.39999999999999
rolling_3,holdout_2025,2025-08-01,services,-0.6200000000000045,1.5400000000000205,99.38,101.54000000000002
rolling_3,holdout_2025,2025-08-01,non_food,0.4200000000000017,0.010000000000005116,100.42,100.01
rolling_3,holdout_2025,2025-09-01,services,0.46999999999999886,0.8866666666666987,100.47,100.8866666666667
rolling_3,holdout_2025,2025-09-01,food,0.030000000000001137,-0.4800000000000182,100.03,99.51999999999998
rolling_3,holdout_2025,2025-09-01,total,0.3400000000000034,0.12333333333333485,100.34,100.12333333333333
rolling_3,holdout_2025,2025-09-01,non_food,0.5900000000000034,0.19333333333334224,100.59,100.19333333333334
rolling_3,holdout_2025,2025-10-01,non_food,0.6700000000000017,0.3999999999999915,100.67,100.39999999999999
rolling_3,holdout_2025,2025-10-01,total,0.5,0.1700000000000017,100.5,100.17
rolling_3,holdout_2025,2025-10-01,services,-0.4200000000000017,0.8466666666666782,99.58,100.84666666666668
rolling_3,holdout_2025,2025-10-01,food,1.0499999999999972,-0.5066666666667032,101.05,99.4933333333333
rolling_3,holdout_2025,2025-11-01,total,0.4200000000000017,0.14666666666666117,100.42,100.14666666666666
rolling_3,holdout_2025,2025-11-01,services,0.35999999999999943,-0.18999999999998352,100.36,99.81000000000002
rolling_3,holdout_2025,2025-11-01,non_food,0.1599999999999966,0.5600000000000023,100.16,100.56
rolling_3,holdout_2025,2025-11-01,food,0.6899999999999977,0.05666666666662934,100.69,100.05666666666663
rolling_3,holdout_2025,2025-12-01,services,0.15000000000000568,0.13666666666667027,100.15,100.13666666666667
rolling_3,holdout_2025,2025-12-01,non_food,0.3400000000000034,0.4733333333333434,100.34,100.47333333333334
rolling_3,holdout_2025,2025-12-01,food,0.4300000000000068,0.589999999999975,100.43,100.58999999999997
rolling_3,holdout_2025,2025-12-01,total,0.3199999999999932,0.4200000000000017,100.32,100.42
rolling_12,holdout_2025,2025-01-01,non_food,0.4200000000000017,0.4966666666666697,100.42,100.49666666666667
rolling_12,holdout_2025,2025-01-01,food,1.3299999999999983,0.8816666666666606,101.33,100.88166666666666
rolling_12,holdout_2025,2025-01-01,services,2.069999999999993,0.9150000000000063,102.07,100.915
rolling_12,holdout_2025,2025-01-01,total,1.230000000000004,0.7608333333333235,101.23,100.76083333333332
rolling_12,holdout_2025,2025-02-01,total,0.8100000000000023,0.7916666666666714,100.81,100.79166666666667
rolling_12,holdout_2025,2025-02-01,non_food,0.2600000000000051,0.4925000000000068,100.26,100.4925
rolling_12,holdout_2025,2025-02-01,services,0.8100000000000023,1.0224999999999937,100.81,101.0225
rolling_12,holdout_2025,2025-02-01,food,1.269999999999996,0.8874999999999886,101.27,100.88749999999999
rolling_12,holdout_2025,2025-03-01,food,0.8299999999999983,0.92916666666666,100.83,100.92916666666666
rolling_12,holdout_2025,2025-03-01,non_food,0.14000000000000057,0.4925000000000068,100.14,100.4925
rolling_12,holdout_2025,2025-03-01,services,1.0100000000000051,1.0016666666666652,101.01,101.00166666666667
rolling_12,holdout_2025,2025-03-01,total,0.6500000000000057,0.8025000000000091,100.65,100.80250000000001
rolling_12,holdout_2025,2025-04-01,services,0.5300000000000011,1.0166666666666515,100.53,101.01666666666665
rolling_12,holdout_2025,2025-04-01,total,0.4000000000000057,0.8241666666666561,100.4,100.82416666666666
rolling_12,holdout_2025,2025-04-01,food,0.7099999999999937,0.9841666666666669,100.71,100.98416666666667
rolling_12,holdout_2025,2025-04-01,non_food,-0.06999999999999318,0.48166666666668334,99.93,100.48166666666668
rolling_12,holdout_2025,2025-05-01,non_food,-0.12999999999999545,0.4416666666666629,99.87,100.44166666666666
rolling_12,holdout_2025,2025-05-01,services,1.3400000000000034,1.0091666666666725,101.34,101.00916666666667
rolling_12,holdout_2025,2025-05-01,total,0.4300000000000068,0.8158333333333303,100.43,100.81583333333333
rolling_12,holdout_2025,2025-05-01,food,0.2600000000000051,1.0024999999999977,100.26,101.0025
rolling_12,holdout_2025,2025-06-01,services,0.5900000000000034,0.9933333333333394,100.59,100.99333333333334
rolling_12,holdout_2025,2025-06-01,food,0.10999999999999943,0.9899999999999949,100.11,100.99
rolling_12,holdout_2025,2025-06-01,non_food,-0.030000000000001137,0.3924999999999983,99.97,100.3925
rolling_12,holdout_2025,2025-06-01,total,0.20000000000000284,0.7900000000000205,100.2,100.79000000000002
rolling_12,holdout_2025,2025-07-01,food,-0.6400000000000006,0.9466666666666725,99.36,100.94666666666667
rolling_12,holdout_2025,2025-07-01,total,0.5699999999999932,0.7533333333333303,100.57,100.75333333333333
rolling_12,holdout_2025,2025-07-01,services,2.6899999999999977,0.9541666666666657,102.69,100.95416666666667
rolling_12,holdout_2025,2025-07-01,non_food,0.18999999999999773,0.36583333333334167,100.19,100.36583333333334
rolling_12,holdout_2025,2025-08-01,food,-0.9099999999999966,0.8633333333333297,99.09,100.86333333333333
rolling_12,holdout_2025,2025-08-01,total,-0.4000000000000057,0.7058333333333309,99.6,100.70583333333333
rolling_12,holdout_2025,2025-08-01,services,-0.6200000000000045,0.9399999999999977,99.38,100.94
rolling_12,holdout_2025,2025-08-01,non_food,0.4200000000000017,0.3333333333333286,100.42,100.33333333333333
rolling_12,holdout_2025,2025-09-01,services,0.46999999999999886,0.8875000000000028,100.47,100.8875
rolling_12,holdout_2025,2025-09-01,food,0.030000000000001137,0.7883333333333411,100.03,100.78833333333334
rolling_12,holdout_2025,2025-09-01,total,0.3400000000000034,0.6558333333333479,100.34,100.65583333333335
rolling_12,holdout_2025,2025-09-01,non_food,0.5900000000000034,0.31833333333332803,100.59,100.31833333333333
rolling_12,holdout_2025,2025-10-01,non_food,0.6700000000000017,0.3158333333333303,100.67,100.31583333333333
rolling_12,holdout_2025,2025-10-01,total,0.5,0.6441666666666634,100.5,100.64416666666666
rolling_12,holdout_2025,2025-10-01,services,-0.4200000000000017,0.8841666666666583,99.58,100.88416666666666
rolling_12,holdout_2025,2025-10-01,food,1.0499999999999972,0.7625000000000028,101.05,100.7625
rolling_12,holdout_2025,2025-11-01,total,0.4200000000000017,0.6233333333333348,100.42,100.62333333333333
rolling_12,holdout_2025,2025-11-01,services,0.35999999999999943,0.8316666666666634,100.36,100.83166666666666
rolling_12,holdout_2025,2025-11-01,non_food,0.1599999999999966,0.3149999999999977,100.16,100.315
rolling_12,holdout_2025,2025-11-01,food,0.6899999999999977,0.7475000000000023,100.69,100.7475
rolling_12,holdout_2025,2025-12-01,services,0.15000000000000568,0.7524999999999977,100.15,100.7525
rolling_12,holdout_2025,2025-12-01,non_food,0.3400000000000034,0.2858333333333434,100.34,100.28583333333334
rolling_12,holdout_2025,2025-12-01,food,0.4300000000000068,0.6108333333333462,100.43,100.61083333333335
rolling_12,holdout_2025,2025-12-01,total,0.3199999999999932,0.5391666666666737,100.32,100.53916666666667
naive_lag_1,recent_actual,2026-01-01,services,2.3299999999999983,0.15000000000000568,102.33,100.15
naive_lag_1,recent_actual,2026-01-01,total,1.6200000000000045,0.3199999999999932,101.62,100.32
naive_lag_1,recent_actual,2026-01-01,food,1.9500000000000028,0.4300000000000068,101.95,100.43
naive_lag_1,recent_actual,2026-01-01,non_food,0.6099999999999994,0.3400000000000034,100.61,100.34
naive_lag_1,recent_actual,2026-02-01,services,1.0999999999999943,2.3299999999999983,101.1,102.33
naive_lag_1,recent_actual,2026-02-01,total,0.730000000000004,1.6200000000000045,100.73,101.62
naive_lag_1,recent_actual,2026-02-01,non_food,0.28000000000000114,0.6099999999999994,100.28,100.61
naive_lag_1,recent_actual,2026-02-01,food,0.8400000000000034,1.9500000000000028,100.84,101.95
naive_lag_1,recent_actual,2026-03-01,non_food,0.46999999999999886,0.28000000000000114,100.47,100.28
naive_lag_1,recent_actual,2026-03-01,food,0.37999999999999545,0.8400000000000034,100.38,100.84
naive_lag_1,recent_actual,2026-03-01,services,1.0699999999999932,1.0999999999999943,101.07,101.1
naive_lag_1,recent_actual,2026-03-01,total,0.5999999999999943,0.730000000000004,100.6,100.73
naive_lag_12,recent_actual,2026-01-01,services,2.3299999999999983,2.069999999999993,102.33,102.07
naive_lag_12,recent_actual,2026-01-01,total,1.6200000000000045,1.230000000000004,101.62,101.23
naive_lag_12,recent_actual,2026-01-01,food,1.9500000000000028,1.3299999999999983,101.95,101.33
naive_lag_12,recent_actual,2026-01-01,non_food,0.6099999999999994,0.4200000000000017,100.61,100.42
naive_lag_12,recent_actual,2026-02-01,services,1.0999999999999943,0.8100000000000023,101.1,100.81
naive_lag_12,recent_actual,2026-02-01,total,0.730000000000004,0.8100000000000023,100.73,100.81
naive_lag_12,recent_actual,2026-02-01,non_food,0.28000000000000114,0.2600000000000051,100.28,100.26
naive_lag_12,recent_actual,2026-02-01,food,0.8400000000000034,1.269999999999996,100.84,101.27
naive_lag_12,recent_actual,2026-03-01,non_food,0.46999999999999886,0.14000000000000057,100.47,100.14
naive_lag_12,recent_actual,2026-03-01,food,0.37999999999999545,0.8299999999999983,100.38,100.83
naive_lag_12,recent_actual,2026-03-01,services,1.0699999999999932,1.0100000000000051,101.07,101.01
naive_lag_12,recent_actual,2026-03-01,total,0.5999999999999943,0.6500000000000057,100.6,100.65
rolling_3,recent_actual,2026-01-01,services,2.3299999999999983,0.03000000000002956,102.33,100.03000000000003
rolling_3,recent_actual,2026-01-01,total,1.6200000000000045,0.4133333333333411,101.62,100.41333333333334
rolling_3,recent_actual,2026-01-01,food,1.9500000000000028,0.7233333333333007,101.95,100.7233333333333
rolling_3,recent_actual,2026-01-01,non_food,0.6099999999999994,0.39000000000000057,100.61,100.39
rolling_3,recent_actual,2026-02-01,services,1.0999999999999943,0.9466666666666725,101.1,100.94666666666667
rolling_3,recent_actual,2026-02-01,total,0.730000000000004,0.786666666666676,100.73,100.78666666666668
rolling_3,recent_actual,2026-02-01,non_food,0.28000000000000114,0.37000000000000455,100.28,100.37
rolling_3,recent_actual,2026-02-01,food,0.8400000000000034,1.0233333333333121,100.84,101.02333333333331
rolling_3,recent_actual,2026-03-01,non_food,0.46999999999999886,0.4100000000000108,100.47,100.41000000000001
rolling_3,recent_actual,2026-03-01,food,0.37999999999999545,1.0733333333333093,100.38,101.07333333333331
rolling_3,recent_actual,2026-03-01,services,1.0699999999999932,1.1933333333333422,101.07,101.19333333333334
rolling_3,recent_actual,2026-03-01,total,0.5999999999999943,0.8899999999999864,100.6,100.88999999999999
rolling_12,recent_actual,2026-01-01,services,2.3299999999999983,0.7483333333333348,102.33,100.74833333333333
rolling_12,recent_actual,2026-01-01,total,1.6200000000000045,0.45583333333333087,101.62,100.45583333333333
rolling_12,recent_actual,2026-01-01,food,1.9500000000000028,0.4299999999999926,101.95,100.42999999999999
rolling_12,recent_actual,2026-01-01,non_food,0.6099999999999994,0.2466666666666697,100.61,100.24666666666667
rolling_12,recent_actual,2026-02-01,services,1.0999999999999943,0.769999999999996,101.1,100.77
rolling_12,recent_actual,2026-02-01,total,0.730000000000004,0.48833333333334394,100.73,100.48833333333334
rolling_12,recent_actual,2026-02-01,non_food,0.28000000000000114,0.26250000000000284,100.28,100.2625
rolling_12,recent_actual,2026-02-01,food,0.8400000000000034,0.48166666666666913,100.84,100.48166666666667
rolling_12,recent_actual,2026-03-01,non_food,0.46999999999999886,0.264166666666668,100.47,100.26416666666667
rolling_12,recent_actual,2026-03-01,food,0.37999999999999545,0.44583333333333997,100.38,100.44583333333334
rolling_12,recent_actual,2026-03-01,services,1.0699999999999932,0.7941666666666833,101.07,100.79416666666668
rolling_12,recent_actual,2026-03-01,total,0.5999999999999943,0.48166666666666913,100.6,100.48166666666667
