date,year,month_num,month,inflation_type,source_type,value
1991-01-01,1991,1,январь,food,Индексы потребительских цен на продовольственные товары по Российской Федерации,104.6
1991-01-01,1991,1,январь,non_food,Индексы потребительских цен на непродовольственные товары по Российской Федерации,109.0
1991-01-01,1991,1,январь,services,Индексы потребительских цен на услуги по Российской Федерации,103.2
1991-01-01,1991,1,январь,total,Индексы потребительских цен на товары и услуги по Российской Федерации,106.2
1991-02-01,1991,2,февраль,food,Индексы потребительских цен на продовольственные товары по Российской Федерации,103.1
1991-02-01,1991,2,февраль,non_food,Индексы потребительских цен на непродовольственные товары по Российской Федерации,105.9
1991-02-01,1991,2,февраль,services,Индексы потребительских цен на услуги по Российской Федерации,105.2
1991-02-01,1991,2,февраль,total,Индексы потребительских цен на товары и услуги по Российской Федерации,104.8
1991-03-01,1991,3,март,food,Индексы потребительских цен на продовольственные товары по Российской Федерации,105.2
1991-03-01,1991,3,март,non_food,Индексы потребительских цен на непродовольственные товары по Российской Федерации,104.6
1991-03-01,1991,3,март,services,Индексы потребительских цен на услуги по Российской Федерации,105.5
1991-03-01,1991,3,март,total,Индексы потребительских цен на товары и услуги по Российской Федерации,106.3
1991-04-01,1991,4,апрель,food,Индексы потребительских цен на продовольственные товары по Российской Федерации,171.8
1991-04-01,1991,4,апрель,non_food,Индексы потребительских цен на непродовольственные товары по Российской Федерации,170.5
1991-04-01,1991,4,апрель,services,Индексы потребительских цен на услуги по Российской Федерации,121.5
1991-04-01,1991,4,апрель,total,Индексы потребительских цен на товары и услуги по Российской Федерации,163.5
1991-05-01,1991,5,май,food,Индексы потребительских цен на продовольственные товары по Российской Федерации,100.5
1991-05-01,1991,5,май,non_food,Индексы потребительских цен на непродовольственные товары по Российской Федерации,105.4
1991-05-01,1991,5,май,services,Индексы потребительских цен на услуги по Российской Федерации,103.9
1991-05-01,1991,5,май,total,Индексы потребительских цен на товары и услуги по Российской Федерации,103.0
1991-06-01,1991,6,июнь,food,Индексы потребительских цен на продовольственные товары по Российской Федерации,99.7
1991-06-01,1991,6,июнь,non_food,Индексы потребительских цен на непродовольственные товары по Российской Федерации,102.2
1991-06-01,1991,6,июнь,services,Индексы потребительских цен на услуги по Российской Федерации,103.5
1991-06-01,1991,6,июнь,total,Индексы потребительских цен на товары и услуги по Российской Федерации,101.2
1991-07-01,1991,7,июль,food,Индексы потребительских цен на продовольственные товары по Российской Федерации,97.2
1991-07-01,1991,7,июль,non_food,Индексы потребительских цен на непродовольственные товары по Российской Федерации,102.8
1991-07-01,1991,7,июль,services,Индексы потребительских цен на услуги по Российской Федерации,104.4
1991-07-01,1991,7,июль,total,Индексы потребительских цен на товары и услуги по Российской Федерации,100.6
1991-08-01,1991,8,август,food,Индексы потребительских цен на продовольственные товары по Российской Федерации,96.6
1991-08-01,1991,8,август,non_food,Индексы потребительских цен на непродовольственные товары по Российской Федерации,104.1
1991-08-01,1991,8,август,services,Индексы потребительских цен на услуги по Российской Федерации,101.9
1991-08-01,1991,8,август,total,Индексы потребительских цен на товары и услуги по Российской Федерации,100.5
1991-09-01,1991,9,сентябрь,food,Индексы потребительских цен на продовольственные товары по Российской Федерации,98.1
1991-09-01,1991,9,сентябрь,non_food,Индексы потребительских цен на непродовольственные товары по Российской Федерации,103.9
1991-09-01,1991,9,сентябрь,services,Индексы потребительских цен на услуги по Российской Федерации,101.8
1991-09-01,1991,9,сентябрь,total,Индексы потребительских цен на товары и услуги по Российской Федерации,101.1
1991-10-01,1991,10,октябрь,food,Индексы потребительских цен на продовольственные товары по Российской Федерации,102.3
1991-10-01,1991,10,октябрь,non_food,Индексы потребительских цен на непродовольственные товары по Российской Федерации,105.0
1991-10-01,1991,10,октябрь,services,Индексы потребительских цен на услуги по Российской Федерации,102.6
1991-10-01,1991,10,октябрь,total,Индексы потребительских цен на товары и услуги по Российской Федерации,103.5
1991-11-01,1991,11,ноябрь,food,Индексы потребительских цен на продовольственные товары по Российской Федерации,110.6
1991-11-01,1991,11,ноябрь,non_food,Индексы потребительских цен на непродовольственные товары по Российской Федерации,108.6
1991-11-01,1991,11,ноябрь,services,Индексы потребительских цен на услуги по Российской Федерации,103.9
1991-11-01,1991,11,ноябрь,total,Индексы потребительских цен на товары и услуги по Российской Федерации,108.9
1991-12-01,1991,12,декабрь,food,Индексы потребительских цен на продовольственные товары по Российской Федерации,116.1
1991-12-01,1991,12,декабрь,non_food,Индексы потребительских цен на непродовольственные товары по Российской Федерации,110.5
1991-12-01,1991,12,декабрь,services,Индексы потребительских цен на услуги по Российской Федерации,103.4
1991-12-01,1991,12,декабрь,total,Индексы потребительских цен на товары и услуги по Российской Федерации,112.1
1992-01-01,1992,1,январь,food,Индексы потребительских цен на продовольственные товары по Российской Федерации,405.1
1992-01-01,1992,1,январь,non_food,Индексы потребительских цен на непродовольственные товары по Российской Федерации,311.1
1992-01-01,1992,1,январь,services,Индексы потребительских цен на услуги по Российской Федерации,230.0
1992-01-01,1992,1,январь,total,Индексы потребительских цен на товары и услуги по Российской Федерации,345.3
1992-02-01,1992,2,февраль,food,Индексы потребительских цен на продовольственные товары по Российской Федерации,129.8
1992-02-01,1992,2,февраль,non_food,Индексы потребительских цен на непродовольственные товары по Российской Федерации,147.6
1992-02-01,1992,2,февраль,services,Индексы потребительских цен на услуги по Российской Федерации,140.0
1992-02-01,1992,2,февраль,total,Индексы потребительских цен на товары и услуги по Российской Федерации,138.0
1992-03-01,1992,3,март,food,Индексы потребительских цен на продовольственные товары по Российской Федерации,123.0
1992-03-01,1992,3,март,non_food,Индексы потребительских цен на непродовольственные товары по Российской Федерации,141.9
1992-03-01,1992,3,март,services,Индексы потребительских цен на услуги по Российской Федерации,118.0
1992-03-01,1992,3,март,total,Индексы потребительских цен на товары и услуги по Российской Федерации,129.9
1992-04-01,1992,4,апрель,food,Индексы потребительских цен на продовольственные товары по Российской Федерации,116.11
1992-04-01,1992,4,апрель,non_food,Индексы потребительских цен на непродовольственные товары по Российской Федерации,125.4
1992-04-01,1992,4,апрель,services,Индексы потребительских цен на услуги по Российской Федерации,131.2
1992-04-01,1992,4,апрель,total,Индексы потребительских цен на товары и услуги по Российской Федерации,121.7
1992-05-01,1992,5,май,food,Индексы потребительских цен на продовольственные товары по Российской Федерации,110.7
1992-05-01,1992,5,май,non_food,Индексы потребительских цен на непродовольственные товары по Российской Федерации,111.8
1992-05-01,1992,5,май,services,Индексы потребительских цен на услуги по Российской Федерации,117.8
1992-05-01,1992,5,май,total,Индексы потребительских цен на товары и услуги по Российской Федерации,111.9
1992-06-01,1992,6,июнь,food,Индексы потребительских цен на продовольственные товары по Российской Федерации,120.0
1992-06-01,1992,6,июнь,non_food,Индексы потребительских цен на непродовольственные товары по Российской Федерации,112.1
1992-06-01,1992,6,июнь,services,Индексы потребительских цен на услуги по Российской Федерации,139.1
1992-06-01,1992,6,июнь,total,Индексы потребительских цен на товары и услуги по Российской Федерации,119.1
1992-07-01,1992,7,июль,food,Индексы потребительских цен на продовольственные товары по Российской Федерации,108.9
1992-07-01,1992,7,июль,non_food,Индексы потребительских цен на непродовольственные товары по Российской Федерации,109.8
1992-07-01,1992,7,июль,services,Индексы потребительских цен на услуги по Российской Федерации,120.8
1992-07-01,1992,7,июль,total,Индексы потребительских цен на товары и услуги по Российской Федерации,110.6
1992-08-01,1992,8,август,food,Индексы потребительских цен на продовольственные товары по Российской Федерации,107.49
1992-08-01,1992,8,август,non_food,Индексы потребительских цен на непродовольственные товары по Российской Федерации,110.3
1992-08-01,1992,8,август,services,Индексы потребительских цен на услуги по Российской Федерации,110.52
1992-08-01,1992,8,август,total,Индексы потребительских цен на товары и услуги по Российской Федерации,108.6
1992-09-01,1992,9,сентябрь,food,Индексы потребительских цен на продовольственные товары по Российской Федерации,112.8
1992-09-01,1992,9,сентябрь,non_food,Индексы потребительских цен на непродовольственные товары по Российской Федерации,112.8
1992-09-01,1992,9,сентябрь,services,Индексы потребительских цен на услуги по Российской Федерации,110.9
1992-09-01,1992,9,сентябрь,total,Индексы потребительских цен на товары и услуги по Российской Федерации,111.5
1992-10-01,1992,10,октябрь,food,Индексы потребительских цен на продовольственные товары по Российской Федерации,124.7
1992-10-01,1992,10,октябрь,non_food,Индексы потребительских цен на непродовольственные товары по Российской Федерации,119.9
1992-10-01,1992,10,октябрь,services,Индексы потребительских цен на услуги по Российской Федерации,128.88
1992-10-01,1992,10,октябрь,total,Индексы потребительских цен на товары и услуги по Российской Федерации,122.9
1992-11-01,1992,11,ноябрь,food,Индексы потребительских цен на продовольственные товары по Российской Федерации,127.3
1992-11-01,1992,11,ноябрь,non_food,Индексы потребительских цен на непродовольственные товары по Российской Федерации,125.6
1992-11-01,1992,11,ноябрь,services,Индексы потребительских цен на услуги по Российской Федерации,122.6
1992-11-01,1992,11,ноябрь,total,Индексы потребительских цен на товары и услуги по Российской Федерации,126.1
1992-12-01,1992,12,декабрь,food,Индексы потребительских цен на продовольственные товары по Российской Федерации,125.6
1992-12-01,1992,12,декабрь,non_food,Индексы потребительских цен на непродовольственные товары по Российской Федерации,126.9
1992-12-01,1992,12,декабрь,services,Индексы потребительских цен на услуги по Российской Федерации,116.2
1992-12-01,1992,12,декабрь,total,Индексы потребительских цен на товары и услуги по Российской Федерации,125.2
1993-01-01,1993,1,январь,food,Индексы потребительских цен на продовольственные товары по Российской Федерации,129.0
1993-01-01,1993,1,январь,non_food,Индексы потребительских цен на непродовольственные товары по Российской Федерации,116.31
1993-01-01,1993,1,январь,services,Индексы потребительских цен на услуги по Российской Федерации,150.0
1993-01-01,1993,1,январь,total,Индексы потребительских цен на товары и услуги по Российской Федерации,125.8
1993-02-01,1993,2,февраль,food,Индексы потребительских цен на продовольственные товары по Российской Федерации,124.78
1993-02-01,1993,2,февраль,non_food,Индексы потребительских цен на непродовольственные товары по Российской Федерации,122.81
1993-02-01,1993,2,февраль,services,Индексы потребительских цен на услуги по Российской Федерации,132.0
1993-02-01,1993,2,февраль,total,Индексы потребительских цен на товары и услуги по Российской Федерации,124.7
1993-03-01,1993,3,март,food,Индексы потребительских цен на продовольственные товары по Российской Федерации,118.3
1993-03-01,1993,3,март,non_food,Индексы потребительских цен на непродовольственные товары по Российской Федерации,120.62
1993-03-01,1993,3,март,services,Индексы потребительских цен на услуги по Российской Федерации,128.79
1993-03-01,1993,3,март,total,Индексы потребительских цен на товары и услуги по Российской Федерации,120.1
1993-04-01,1993,4,апрель,food,Индексы потребительских цен на продовольственные товары по Российской Федерации,116.1
1993-04-01,1993,4,апрель,non_food,Индексы потребительских цен на непродовольственные товары по Российской Федерации,117.82
1993-04-01,1993,4,апрель,services,Индексы потребительских цен на услуги по Российской Федерации,140.0
1993-04-01,1993,4,апрель,total,Индексы потребительских цен на товары и услуги по Российской Федерации,118.7
1993-05-01,1993,5,май,food,Индексы потребительских цен на продовольственные товары по Российской Федерации,116.2
1993-05-01,1993,5,май,non_food,Индексы потребительских цен на непродовольственные товары по Российской Федерации,115.47
1993-05-01,1993,5,май,services,Индексы потребительских цен на услуги по Российской Федерации,134.8
1993-05-01,1993,5,май,total,Индексы потребительских цен на товары и услуги по Российской Федерации,118.1
1993-06-01,1993,6,июнь,food,Индексы потребительских цен на продовольственные товары по Российской Федерации,122.7
1993-06-01,1993,6,июнь,non_food,Индексы потребительских цен на непродовольственные товары по Российской Федерации,116.45
1993-06-01,1993,6,июнь,services,Индексы потребительских цен на услуги по Российской Федерации,117.3
1993-06-01,1993,6,июнь,total,Индексы потребительских цен на товары и услуги по Российской Федерации,119.9
1993-07-01,1993,7,июль,food,Индексы потребительских цен на продовольственные товары по Российской Федерации,122.51
1993-07-01,1993,7,июль,non_food,Индексы потребительских цен на непродовольственные товары по Российской Федерации,119.22
1993-07-01,1993,7,июль,services,Индексы потребительских цен на услуги по Российской Федерации,129.29
1993-07-01,1993,7,июль,total,Индексы потребительских цен на товары и услуги по Российской Федерации,122.39
1993-08-01,1993,8,август,food,Индексы потребительских цен на продовольственные товары по Российской Федерации,122.57
1993-08-01,1993,8,август,non_food,Индексы потребительских цен на непродовольственные товары по Российской Федерации,121.02
1993-08-01,1993,8,август,services,Индексы потребительских цен на услуги по Российской Федерации,149.78
1993-08-01,1993,8,август,total,Индексы потребительских цен на товары и услуги по Российской Федерации,126.0
1993-09-01,1993,9,сентябрь,food,Индексы потребительских цен на продовольственные товары по Российской Федерации,123.7
1993-09-01,1993,9,сентябрь,non_food,Индексы потребительских цен на непродовольственные товары по Российской Федерации,122.32
1993-09-01,1993,9,сентябрь,services,Индексы потребительских цен на услуги по Российской Федерации,124.8
1993-09-01,1993,9,сентябрь,total,Индексы потребительских цен на товары и услуги по Российской Федерации,123.0
1993-10-01,1993,10,октябрь,food,Индексы потребительских цен на продовольственные товары по Российской Федерации,118.5
1993-10-01,1993,10,октябрь,non_food,Индексы потребительских цен на непродовольственные товары по Российской Федерации,119.33
1993-10-01,1993,10,октябрь,services,Индексы потребительских цен на услуги по Российской Федерации,124.3
1993-10-01,1993,10,октябрь,total,Индексы потребительских цен на товары и услуги по Российской Федерации,119.5
1993-11-01,1993,11,ноябрь,food,Индексы потребительских цен на продовольственные товары по Российской Федерации,115.89
1993-11-01,1993,11,ноябрь,non_food,Индексы потребительских цен на непродовольственные товары по Российской Федерации,115.62
1993-11-01,1993,11,ноябрь,services,Индексы потребительских цен на услуги по Российской Федерации,123.0
1993-11-01,1993,11,ноябрь,total,Индексы потребительских цен на товары и услуги по Российской Федерации,116.39
1993-12-01,1993,12,декабрь,food,Индексы потребительских цен на продовольственные товары по Российской Федерации,112.54
1993-12-01,1993,12,декабрь,non_food,Индексы потребительских цен на непродовольственные товары по Российской Федерации,111.61
1993-12-01,1993,12,декабрь,services,Индексы потребительских цен на услуги по Российской Федерации,115.6
1993-12-01,1993,12,декабрь,total,Индексы потребительских цен на товары и услуги по Российской Федерации,112.5
1994-01-01,1994,1,январь,food,Индексы потребительских цен на продовольственные товары по Российской Федерации,121.0
1994-01-01,1994,1,январь,non_food,Индексы потребительских цен на непродовольственные товары по Российской Федерации,110.7
1994-01-01,1994,1,январь,services,Индексы потребительских цен на услуги по Российской Федерации,137.72
1994-01-01,1994,1,январь,total,Индексы потребительских цен на товары и услуги по Российской Федерации,117.9
1994-02-01,1994,2,февраль,food,Индексы потребительских цен на продовольственные товары по Российской Федерации,110.6
1994-02-01,1994,2,февраль,non_food,Индексы потребительских цен на непродовольственные товары по Российской Федерации,108.92
1994-02-01,1994,2,февраль,services,Индексы потребительских цен на услуги по Российской Федерации,121.52
1994-02-01,1994,2,февраль,total,Индексы потребительских цен на товары и услуги по Российской Федерации,110.82
1994-03-01,1994,3,март,food,Индексы потребительских цен на продовольственные товары по Российской Федерации,105.8
1994-03-01,1994,3,март,non_food,Индексы потребительских цен на непродовольственные товары по Российской Федерации,107.7
1994-03-01,1994,3,март,services,Индексы потребительских цен на услуги по Российской Федерации,116.82
1994-03-01,1994,3,март,total,Индексы потребительских цен на товары и услуги по Российской Федерации,107.41
1994-04-01,1994,4,апрель,food,Индексы потребительских цен на продовольственные товары по Российской Федерации,105.6
1994-04-01,1994,4,апрель,non_food,Индексы потребительских цен на непродовольственные товары по Российской Федерации,107.22
1994-04-01,1994,4,апрель,services,Индексы потребительских цен на услуги по Российской Федерации,131.82
1994-04-01,1994,4,апрель,total,Индексы потребительских цен на товары и услуги по Российской Федерации,108.49
1994-05-01,1994,5,май,food,Индексы потребительских цен на продовольственные товары по Российской Федерации,106.8
1994-05-01,1994,5,май,non_food,Индексы потребительских цен на непродовольственные товары по Российской Федерации,105.45
1994-05-01,1994,5,май,services,Индексы потребительских цен на услуги по Российской Федерации,112.72
1994-05-01,1994,5,май,total,Индексы потребительских цен на товары и услуги по Российской Федерации,106.91
1994-06-01,1994,6,июнь,food,Индексы потребительских цен на продовольственные товары по Российской Федерации,105.6
1994-06-01,1994,6,июнь,non_food,Индексы потребительских цен на непродовольственные товары по Российской Федерации,105.0
1994-06-01,1994,6,июнь,services,Индексы потребительских цен на услуги по Российской Федерации,111.41
1994-06-01,1994,6,июнь,total,Индексы потребительских цен на товары и услуги по Российской Федерации,106.0
1994-07-01,1994,7,июль,food,Индексы потребительских цен на продовольственные товары по Российской Федерации,103.8
1994-07-01,1994,7,июль,non_food,Индексы потребительских цен на непродовольственные товары по Российской Федерации,105.0
1994-07-01,1994,7,июль,services,Индексы потребительских цен на услуги по Российской Федерации,113.3
1994-07-01,1994,7,июль,total,Индексы потребительских цен на товары и услуги по Российской Федерации,105.33
1994-08-01,1994,8,август,food,Индексы потребительских цен на продовольственные товары по Российской Федерации,102.69
1994-08-01,1994,8,август,non_food,Индексы потребительских цен на непродовольственные товары по Российской Федерации,105.6
1994-08-01,1994,8,август,services,Индексы потребительских цен на услуги по Российской Федерации,109.92
1994-08-01,1994,8,август,total,Индексы потребительских цен на товары и услуги по Российской Федерации,104.62
1994-09-01,1994,9,сентябрь,food,Индексы потребительских цен на продовольственные товары по Российской Федерации,106.9
1994-09-01,1994,9,сентябрь,non_food,Индексы потребительских цен на непродовольственные товары по Российской Федерации,107.4
1994-09-01,1994,9,сентябрь,services,Индексы потребительских цен на услуги по Российской Федерации,113.4
1994-09-01,1994,9,сентябрь,total,Индексы потребительских цен на товары и услуги по Российской Федерации,107.96
1994-10-01,1994,10,октябрь,food,Индексы потребительских цен на продовольственные товары по Российской Федерации,115.3
1994-10-01,1994,10,октябрь,non_food,Индексы потребительских цен на непродовольственные товары по Российской Федерации,116.4
1994-10-01,1994,10,октябрь,services,Индексы потребительских цен на услуги по Российской Федерации,110.52
1994-10-01,1994,10,октябрь,total,Индексы потребительских цен на товары и услуги по Российской Федерации,115.0
1994-11-01,1994,11,ноябрь,food,Индексы потребительских цен на продовольственные товары по Российской Федерации,117.28
1994-11-01,1994,11,ноябрь,non_food,Индексы потребительских цен на непродовольственные товары по Российской Федерации,112.5
1994-11-01,1994,11,ноябрь,services,Индексы потребительских цен на услуги по Российской Федерации,110.5
1994-11-01,1994,11,ноябрь,total,Индексы потребительских цен на товары и услуги по Российской Федерации,114.61
1994-12-01,1994,12,декабрь,food,Индексы потребительских цен на продовольственные товары по Российской Федерации,120.9
1994-12-01,1994,12,декабрь,non_food,Индексы потребительских цен на непродовольственные товары по Российской Федерации,111.9
1994-12-01,1994,12,декабрь,services,Индексы потребительских цен на услуги по Российской Федерации,111.5
1994-12-01,1994,12,декабрь,total,Индексы потребительских цен на товары и услуги по Российской Федерации,116.44
1995-01-01,1995,1,январь,food,Индексы потребительских цен на продовольственные товары по Российской Федерации,121.05
1995-01-01,1995,1,январь,non_food,Индексы потребительских цен на непродовольственные товары по Российской Федерации,111.97
1995-01-01,1995,1,январь,services,Индексы потребительских цен на услуги по Российской Федерации,122.68
1995-01-01,1995,1,январь,total,Индексы потребительских цен на товары и услуги по Российской Федерации,117.77
1995-02-01,1995,2,февраль,food,Индексы потребительских цен на продовольственные товары по Российской Федерации,110.27
1995-02-01,1995,2,февраль,non_food,Индексы потребительских цен на непродовольственные товары по Российской Федерации,109.79
1995-02-01,1995,2,февраль,services,Индексы потребительских цен на услуги по Российской Федерации,119.34
1995-02-01,1995,2,февраль,total,Индексы потребительских цен на товары и услуги по Российской Федерации,111.02
1995-03-01,1995,3,март,food,Индексы потребительских цен на продовольственные товары по Российской Федерации,108.46
1995-03-01,1995,3,март,non_food,Индексы потребительских цен на непродовольственные товары по Российской Федерации,109.17
1995-03-01,1995,3,март,services,Индексы потребительских цен на услуги по Российской Федерации,110.48
1995-03-01,1995,3,март,total,Индексы потребительских цен на товары и услуги по Российской Федерации,108.94
1995-04-01,1995,4,апрель,food,Индексы потребительских цен на продовольственные товары по Российской Федерации,107.52
1995-04-01,1995,4,апрель,non_food,Индексы потребительских цен на непродовольственные товары по Российской Федерации,108.72
1995-04-01,1995,4,апрель,services,Индексы потребительских цен на услуги по Российской Федерации,112.22
1995-04-01,1995,4,апрель,total,Индексы потребительских цен на товары и услуги по Российской Федерации,108.47
1995-05-01,1995,5,май,food,Индексы потребительских цен на продовольственные товары по Российской Федерации,108.83
1995-05-01,1995,5,май,non_food,Индексы потребительских цен на непродовольственные товары по Российской Федерации,105.56
1995-05-01,1995,5,май,services,Индексы потребительских цен на услуги по Российской Федерации,111.15
1995-05-01,1995,5,май,total,Индексы потребительских цен на товары и услуги по Российской Федерации,107.93
1995-06-01,1995,6,июнь,food,Индексы потребительских цен на продовольственные товары по Российской Федерации,107.56
1995-06-01,1995,6,июнь,non_food,Индексы потребительских цен на непродовольственные товары по Российской Федерации,104.58
1995-06-01,1995,6,июнь,services,Индексы потребительских цен на услуги по Российской Федерации,108.73
1995-06-01,1995,6,июнь,total,Индексы потребительских цен на товары и услуги по Российской Федерации,106.66
1995-07-01,1995,7,июль,food,Индексы потребительских цен на продовольственные товары по Российской Федерации,104.47
1995-07-01,1995,7,июль,non_food,Индексы потребительских цен на непродовольственные товары по Российской Федерации,105.29
1995-07-01,1995,7,июль,services,Индексы потребительских цен на услуги по Российской Федерации,109.68
1995-07-01,1995,7,июль,total,Индексы потребительских цен на товары и услуги по Российской Федерации,105.38
1995-08-01,1995,8,август,food,Индексы потребительских цен на продовольственные товары по Российской Федерации,102.72
1995-08-01,1995,8,август,non_food,Индексы потребительских цен на непродовольственные товары по Российской Федерации,106.24
1995-08-01,1995,8,август,services,Индексы потребительских цен на услуги по Российской Федерации,107.86
1995-08-01,1995,8,август,total,Индексы потребительских цен на товары и услуги по Российской Федерации,104.56
1995-09-01,1995,9,сентябрь,food,Индексы потребительских цен на продовольственные товары по Российской Федерации,102.76
1995-09-01,1995,9,сентябрь,non_food,Индексы потребительских цен на непродовольственные товары по Российской Федерации,106.04
1995-09-01,1995,9,сентябрь,services,Индексы потребительских цен на услуги по Российской Федерации,107.1
1995-09-01,1995,9,сентябрь,total,Индексы потребительских цен на товары и услуги по Российской Федерации,104.46
1995-10-01,1995,10,октябрь,food,Индексы потребительских цен на продовольственные товары по Российской Федерации,103.41
1995-10-01,1995,10,октябрь,non_food,Индексы потребительских цен на непродовольственные товары по Российской Федерации,105.05
1995-10-01,1995,10,октябрь,services,Индексы потребительских цен на услуги по Российской Федерации,108.91
1995-10-01,1995,10,октябрь,total,Индексы потребительских цен на товары и услуги по Российской Федерации,104.72
1995-11-01,1995,11,ноябрь,food,Индексы потребительских цен на продовольственные товары по Российской Федерации,103.96
1995-11-01,1995,11,ноябрь,non_food,Индексы потребительских цен на непродовольственные товары по Российской Федерации,104.63
1995-11-01,1995,11,ноябрь,services,Индексы потребительских цен на услуги по Российской Федерации,106.61
1995-11-01,1995,11,ноябрь,total,Индексы потребительских цен на товары и услуги по Российской Федерации,104.56
1995-12-01,1995,12,декабрь,food,Индексы потребительских цен на продовольственные товары по Российской Федерации,103.4
1995-12-01,1995,12,декабрь,non_food,Индексы потребительских цен на непродовольственные товары по Российской Федерации,103.01
1995-12-01,1995,12,декабрь,services,Индексы потребительских цен на услуги по Российской Федерации,102.95
1995-12-01,1995,12,декабрь,total,Индексы потребительских цен на товары и услуги по Российской Федерации,103.2
1996-01-01,1996,1,январь,food,Индексы потребительских цен на продовольственные товары по Российской Федерации,103.95
1996-01-01,1996,1,январь,non_food,Индексы потребительских цен на непродовольственные товары по Российской Федерации,102.69
1996-01-01,1996,1,январь,services,Индексы потребительских цен на услуги по Российской Федерации,108.05
1996-01-01,1996,1,январь,total,Индексы потребительских цен на товары и услуги по Российской Федерации,104.11
1996-02-01,1996,2,февраль,food,Индексы потребительских цен на продовольственные товары по Российской Федерации,102.4
1996-02-01,1996,2,февраль,non_food,Индексы потребительских цен на непродовольственные товары по Российской Федерации,102.2
1996-02-01,1996,2,февраль,services,Индексы потребительских цен на услуги по Российской Федерации,105.64
1996-02-01,1996,2,февраль,total,Индексы потребительских цен на товары и услуги по Российской Федерации,102.79
1996-03-01,1996,3,март,food,Индексы потребительских цен на продовольственные товары по Российской Федерации,102.92
1996-03-01,1996,3,март,non_food,Индексы потребительских цен на непродовольственные товары по Российской Федерации,101.86
1996-03-01,1996,3,март,services,Индексы потребительских цен на услуги по Российской Федерации,104.3
1996-03-01,1996,3,март,total,Индексы потребительских цен на товары и услуги по Российской Федерации,102.8
1996-04-01,1996,4,апрель,food,Индексы потребительских цен на продовольственные товары по Российской Федерации,101.84
1996-04-01,1996,4,апрель,non_food,Индексы потребительских цен на непродовольственные товары по Российской Федерации,101.37
1996-04-01,1996,4,апрель,services,Индексы потребительских цен на услуги по Российской Федерации,105.01
1996-04-01,1996,4,апрель,total,Индексы потребительских цен на товары и услуги по Российской Федерации,102.16
1996-05-01,1996,5,май,food,Индексы потребительских цен на продовольственные товары по Российской Федерации,101.66
1996-05-01,1996,5,май,non_food,Индексы потребительских цен на непродовольственные товары по Российской Федерации,101.18
1996-05-01,1996,5,май,services,Индексы потребительских цен на услуги по Российской Федерации,102.16
1996-05-01,1996,5,май,total,Индексы потребительских цен на товары и услуги по Российской Федерации,101.6
1996-06-01,1996,6,июнь,food,Индексы потребительских цен на продовольственные товары по Российской Федерации,101.2
1996-06-01,1996,6,июнь,non_food,Индексы потребительских цен на непродовольственные товары по Российской Федерации,101.12
1996-06-01,1996,6,июнь,services,Индексы потребительских цен на услуги по Российской Федерации,101.13
1996-06-01,1996,6,июнь,total,Индексы потребительских цен на товары и услуги по Российской Федерации,101.17
1996-07-01,1996,7,июль,food,Индексы потребительских цен на продовольственные товары по Российской Федерации,100.21
1996-07-01,1996,7,июль,non_food,Индексы потребительских цен на непродовольственные товары по Российской Федерации,100.91
1996-07-01,1996,7,июль,services,Индексы потребительских цен на услуги по Российской Федерации,102.31
1996-07-01,1996,7,июль,total,Индексы потребительских цен на товары и услуги по Российской Федерации,100.72
1996-08-01,1996,8,август,food,Индексы потребительских цен на продовольственные товары по Российской Федерации,98.31
1996-08-01,1996,8,август,non_food,Индексы потребительских цен на непродовольственные товары по Российской Федерации,101.13
1996-08-01,1996,8,август,services,Индексы потребительских цен на услуги по Российской Федерации,102.71
1996-08-01,1996,8,август,total,Индексы потребительских цен на товары и услуги по Российской Федерации,99.79
1996-09-01,1996,9,сентябрь,food,Индексы потребительских цен на продовольственные товары по Российской Федерации,99.52
1996-09-01,1996,9,сентябрь,non_food,Индексы потребительских цен на непродовольственные товары по Российской Федерации,101.17
1996-09-01,1996,9,сентябрь,services,Индексы потребительских цен на услуги по Российской Федерации,101.61
1996-09-01,1996,9,сентябрь,total,Индексы потребительских цен на товары и услуги по Российской Федерации,100.33
1996-10-01,1996,10,октябрь,food,Индексы потребительских цен на продовольственные товары по Российской Федерации,100.4
1996-10-01,1996,10,октябрь,non_food,Индексы потребительских цен на непродовольственные товары по Российской Федерации,101.23
1996-10-01,1996,10,октябрь,services,Индексы потребительских цен на услуги по Российской Федерации,103.93
1996-10-01,1996,10,октябрь,total,Индексы потребительских цен на товары и услуги по Российской Федерации,101.2
1996-11-01,1996,11,ноябрь,food,Индексы потребительских цен на продовольственные товары по Российской Федерации,102.15
1996-11-01,1996,11,ноябрь,non_food,Индексы потребительских цен на непродовольственные товары по Российской Федерации,100.93
1996-11-01,1996,11,ноябрь,services,Индексы потребительских цен на услуги по Российской Федерации,102.72
1996-11-01,1996,11,ноябрь,total,Индексы потребительских цен на товары и услуги по Российской Федерации,101.88
1996-12-01,1996,12,декабрь,food,Индексы потребительских цен на продовольственные товары по Российской Федерации,101.99
1996-12-01,1996,12,декабрь,non_food,Индексы потребительских цен на непродовольственные товары по Российской Федерации,100.72
1996-12-01,1996,12,декабрь,services,Индексы потребительских цен на услуги по Российской Федерации,100.8
1996-12-01,1996,12,декабрь,total,Индексы потребительских цен на товары и услуги по Российской Федерации,101.42
1997-01-01,1997,1,январь,food,Индексы потребительских цен на продовольственные товары по Российской Федерации,103.05
1997-01-01,1997,1,январь,non_food,Индексы потребительских цен на непродовольственные товары по Российской Федерации,100.99
1997-01-01,1997,1,январь,services,Индексы потребительских цен на услуги по Российской Федерации,102.34
1997-01-01,1997,1,январь,total,Индексы потребительских цен на товары и услуги по Российской Федерации,102.34
1997-02-01,1997,2,февраль,food,Индексы потребительских цен на продовольственные товары по Российской Федерации,101.42
1997-02-01,1997,2,февраль,non_food,Индексы потребительских цен на непродовольственные товары по Российской Федерации,100.59
1997-02-01,1997,2,февраль,services,Индексы потребительских цен на услуги по Российской Федерации,103.59
1997-02-01,1997,2,февраль,total,Индексы потребительских цен на товары и услуги по Российской Федерации,101.54
1997-03-01,1997,3,март,food,Индексы потребительских цен на продовольственные товары по Российской Федерации,101.42
1997-03-01,1997,3,март,non_food,Индексы потребительских цен на непродовольственные товары по Российской Федерации,100.82
1997-03-01,1997,3,март,services,Индексы потребительских цен на услуги по Российской Федерации,102.48
1997-03-01,1997,3,март,total,Индексы потребительских цен на товары и услуги по Российской Федерации,101.43
1997-04-01,1997,4,апрель,food,Индексы потребительских цен на продовольственные товары по Российской Федерации,100.98
1997-04-01,1997,4,апрель,non_food,Индексы потребительских цен на непродовольственные товары по Российской Федерации,100.53
1997-04-01,1997,4,апрель,services,Индексы потребительских цен на услуги по Российской Федерации,101.58
1997-04-01,1997,4,апрель,total,Индексы потребительских цен на товары и услуги по Российской Федерации,100.96
1997-05-01,1997,5,май,food,Индексы потребительских цен на продовольственные товары по Российской Федерации,100.81
1997-05-01,1997,5,май,non_food,Индексы потребительских цен на непродовольственные товары по Российской Федерации,100.57
1997-05-01,1997,5,май,services,Индексы потребительских цен на услуги по Российской Федерации,101.97
1997-05-01,1997,5,май,total,Индексы потребительских цен на товары и услуги по Российской Федерации,100.94
1997-06-01,1997,6,июнь,food,Индексы потребительских цен на продовольственные товары по Российской Федерации,101.47
1997-06-01,1997,6,июнь,non_food,Индексы потребительских цен на непродовольственные товары по Российской Федерации,100.45
1997-06-01,1997,6,июнь,services,Индексы потребительских цен на услуги по Российской Федерации,101.0
1997-06-01,1997,6,июнь,total,Индексы потребительских цен на товары и услуги по Российской Федерации,101.1
1997-07-01,1997,7,июль,food,Индексы потребительских цен на продовольственные товары по Российской Федерации,100.79
1997-07-01,1997,7,июль,non_food,Индексы потребительских цен на непродовольственные товары по Российской Федерации,100.38
1997-07-01,1997,7,июль,services,Индексы потребительских цен на услуги по Российской Федерации,102.27
1997-07-01,1997,7,июль,total,Индексы потребительских цен на товары и услуги по Российской Федерации,100.93
1997-08-01,1997,8,август,food,Индексы потребительских цен на продовольственные товары по Российской Федерации,99.14
1997-08-01,1997,8,август,non_food,Индексы потребительских цен на непродовольственные товары по Российской Федерации,100.55
1997-08-01,1997,8,август,services,Индексы потребительских цен на услуги по Российской Федерации,101.05
1997-08-01,1997,8,август,total,Индексы потребительских цен на товары и услуги по Российской Федерации,99.86
1997-09-01,1997,9,сентябрь,food,Индексы потребительских цен на продовольственные товары по Российской Федерации,98.64
1997-09-01,1997,9,сентябрь,non_food,Индексы потребительских цен на непродовольственные товары по Российской Федерации,100.82
1997-09-01,1997,9,сентябрь,services,Индексы потребительских цен на услуги по Российской Федерации,101.21
1997-09-01,1997,9,сентябрь,total,Индексы потребительских цен на товары и услуги по Российской Федерации,99.7
1997-10-01,1997,10,октябрь,food,Индексы потребительских цен на продовольственные товары по Российской Федерации,99.49
1997-10-01,1997,10,октябрь,non_food,Индексы потребительских цен на непродовольственные товары по Российской Федерации,100.85
1997-10-01,1997,10,октябрь,services,Индексы потребительских цен на услуги по Российской Федерации,101.15
1997-10-01,1997,10,октябрь,total,Индексы потребительских цен на товары и услуги по Российской Федерации,100.17
1997-11-01,1997,11,ноябрь,food,Индексы потребительских цен на продовольственные товары по Российской Федерации,100.4
1997-11-01,1997,11,ноябрь,non_food,Индексы потребительских цен на непродовольственные товары по Российской Федерации,100.68
1997-11-01,1997,11,ноябрь,services,Индексы потребительских цен на услуги по Российской Федерации,101.13
1997-11-01,1997,11,ноябрь,total,Индексы потребительских цен на товары и услуги по Российской Федерации,100.61
1997-12-01,1997,12,декабрь,food,Индексы потребительских цен на продовольственные товары по Российской Федерации,101.22
1997-12-01,1997,12,декабрь,non_food,Индексы потребительских цен на непродовольственные товары по Российской Федерации,100.61
1997-12-01,1997,12,декабрь,services,Индексы потребительских цен на услуги по Российской Федерации,100.74
1997-12-01,1997,12,декабрь,total,Индексы потребительских цен на товары и услуги по Российской Федерации,100.96
1998-01-01,1998,1,январь,food,Индексы потребительских цен на продовольственные товары по Российской Федерации,102.07
1998-01-01,1998,1,январь,non_food,Индексы потребительских цен на непродовольственные товары по Российской Федерации,100.54
1998-01-01,1998,1,январь,services,Индексы потребительских цен на услуги по Российской Федерации,101.65
1998-01-01,1998,1,январь,total,Индексы потребительских цен на товары и услуги по Российской Федерации,101.51
1998-02-01,1998,2,февраль,food,Индексы потребительских цен на продовольственные товары по Российской Федерации,101.22
1998-02-01,1998,2,февраль,non_food,Индексы потребительских цен на непродовольственные товары по Российской Федерации,100.28
1998-02-01,1998,2,февраль,services,Индексы потребительских цен на услуги по Российской Федерации,101.04
1998-02-01,1998,2,февраль,total,Индексы потребительских цен на товары и услуги по Российской Федерации,100.89
1998-03-01,1998,3,март,food,Индексы потребительских цен на продовольственные товары по Российской Федерации,100.72
1998-03-01,1998,3,март,non_food,Индексы потребительских цен на непродовольственные товары по Российской Федерации,100.21
1998-03-01,1998,3,март,services,Индексы потребительских цен на услуги по Российской Федерации,101.23
1998-03-01,1998,3,март,total,Индексы потребительских цен на товары и услуги по Российской Федерации,100.64
1998-04-01,1998,4,апрель,food,Индексы потребительских цен на продовольственные товары по Российской Федерации,100.32
1998-04-01,1998,4,апрель,non_food,Индексы потребительских цен на непродовольственные товары по Российской Федерации,100.17
1998-04-01,1998,4,апрель,services,Индексы потребительских цен на услуги по Российской Федерации,100.98
1998-04-01,1998,4,апрель,total,Индексы потребительских цен на товары и услуги по Российской Федерации,100.38
1998-05-01,1998,5,май,food,Индексы потребительских цен на продовольственные товары по Российской Федерации,100.58
1998-05-01,1998,5,май,non_food,Индексы потребительских цен на непродовольственные товары по Российской Федерации,100.08
1998-05-01,1998,5,май,services,Индексы потребительских цен на услуги по Российской Федерации,101.05
1998-05-01,1998,5,май,total,Индексы потребительских цен на товары и услуги по Российской Федерации,100.5
1998-06-01,1998,6,июнь,food,Индексы потребительских цен на продовольственные товары по Российской Федерации,99.98
1998-06-01,1998,6,июнь,non_food,Индексы потребительских цен на непродовольственные товары по Российской Федерации,99.99
1998-06-01,1998,6,июнь,services,Индексы потребительских цен на услуги по Российской Федерации,100.56
1998-06-01,1998,6,июнь,total,Индексы потребительских цен на товары и услуги по Российской Федерации,100.08
1998-07-01,1998,7,июль,food,Индексы потребительских цен на продовольственные товары по Российской Федерации,99.9
1998-07-01,1998,7,июль,non_food,Индексы потребительских цен на непродовольственные товары по Российской Федерации,100.07
1998-07-01,1998,7,июль,services,Индексы потребительских цен на услуги по Российской Федерации,101.22
1998-07-01,1998,7,июль,total,Индексы потребительских цен на товары и услуги по Российской Федерации,100.17
1998-08-01,1998,8,август,food,Индексы потребительских цен на продовольственные товары по Российской Федерации,102.39
1998-08-01,1998,8,август,non_food,Индексы потребительских цен на непродовольственные товары по Российской Федерации,107.14
1998-08-01,1998,8,август,services,Индексы потребительских цен на услуги по Российской Федерации,101.17
1998-08-01,1998,8,август,total,Индексы потребительских цен на товары и услуги по Российской Федерации,103.67
1998-09-01,1998,9,сентябрь,food,Индексы потребительских цен на продовольственные товары по Российской Федерации,139.48
1998-09-01,1998,9,сентябрь,non_food,Индексы потребительских цен на непродовольственные товары по Российской Федерации,154.3
1998-09-01,1998,9,сентябрь,services,Индексы потребительских цен на услуги по Российской Федерации,103.38
1998-09-01,1998,9,сентябрь,total,Индексы потребительских цен на товары и услуги по Российской Федерации,138.43
1998-10-01,1998,10,октябрь,food,Индексы потребительских цен на продовольственные товары по Российской Федерации,103.91
1998-10-01,1998,10,октябрь,non_food,Индексы потребительских цен на непродовольственные товары по Российской Федерации,107.43
1998-10-01,1998,10,октябрь,services,Индексы потребительских цен на услуги по Российской Федерации,101.6
1998-10-01,1998,10,октябрь,total,Индексы потребительских цен на товары и услуги по Российской Федерации,104.54
1998-11-01,1998,11,ноябрь,food,Индексы потребительских цен на продовольственные товары по Российской Федерации,107.61
1998-11-01,1998,11,ноябрь,non_food,Индексы потребительских цен на непродовольственные товары по Российской Федерации,104.31
1998-11-01,1998,11,ноябрь,services,Индексы потребительских цен на услуги по Российской Федерации,101.25
1998-11-01,1998,11,ноябрь,total,Индексы потребительских цен на товары и услуги по Российской Федерации,105.67
1998-12-01,1998,12,декабрь,food,Индексы потребительских цен на продовольственные товары по Российской Федерации,117.05
1998-12-01,1998,12,декабрь,non_food,Индексы потребительских цен на непродовольственные товары по Российской Федерации,106.28
1998-12-01,1998,12,декабрь,services,Индексы потребительских цен на услуги по Российской Федерации,101.8
1998-12-01,1998,12,декабрь,total,Индексы потребительских цен на товары и услуги по Российской Федерации,111.61
1999-01-01,1999,1,январь,food,Индексы потребительских цен на продовольственные товары по Российской Федерации,110.3
1999-01-01,1999,1,январь,non_food,Индексы потребительских цен на непродовольственные товары по Российской Федерации,106.16
1999-01-01,1999,1,январь,services,Индексы потребительских цен на услуги по Российской Федерации,104.13
1999-01-01,1999,1,январь,total,Индексы потребительских цен на товары и услуги по Российской Федерации,108.38
1999-02-01,1999,2,февраль,food,Индексы потребительских цен на продовольственные товары по Российской Федерации,104.37
1999-02-01,1999,2,февраль,non_food,Индексы потребительских цен на непродовольственные товары по Российской Федерации,104.01
1999-02-01,1999,2,февраль,services,Индексы потребительских цен на услуги по Российской Федерации,103.17
1999-02-01,1999,2,февраль,total,Индексы потребительских цен на товары и услуги по Российской Федерации,104.13
1999-03-01,1999,3,март,food,Индексы потребительских цен на продовольственные товары по Российской Федерации,102.79
1999-03-01,1999,3,март,non_food,Индексы потребительских цен на непродовольственные товары по Российской Федерации,103.2
1999-03-01,1999,3,март,services,Индексы потребительских цен на услуги по Российской Федерации,101.91
1999-03-01,1999,3,март,total,Индексы потребительских цен на товары и услуги по Российской Федерации,102.79
1999-04-01,1999,4,апрель,food,Индексы потребительских цен на продовольственные товары по Российской Федерации,102.57
1999-04-01,1999,4,апрель,non_food,Индексы потребительских цен на непродовольственные товары по Российской Федерации,104.03
1999-04-01,1999,4,апрель,services,Индексы потребительских цен на услуги по Российской Федерации,103.13
1999-04-01,1999,4,апрель,total,Индексы потребительских цен на товары и услуги по Российской Федерации,103.03
1999-05-01,1999,5,май,food,Индексы потребительских цен на продовольственные товары по Российской Федерации,102.01
1999-05-01,1999,5,май,non_food,Индексы потребительских цен на непродовольственные товары по Российской Федерации,102.71
1999-05-01,1999,5,май,services,Индексы потребительских цен на услуги по Российской Федерации,102.14
1999-05-01,1999,5,май,total,Индексы потребительских цен на товары и услуги по Российской Федерации,102.22
1999-06-01,1999,6,июнь,food,Индексы потребительских цен на продовольственные товары по Российской Федерации,101.72
1999-06-01,1999,6,июнь,non_food,Индексы потребительских цен на непродовольственные товары по Российской Федерации,101.62
1999-06-01,1999,6,июнь,services,Индексы потребительских цен на услуги по Российской Федерации,103.48
1999-06-01,1999,6,июнь,total,Индексы потребительских цен на товары и услуги по Российской Федерации,101.91
1999-07-01,1999,7,июль,food,Индексы потребительских цен на продовольственные товары по Российской Федерации,103.18
1999-07-01,1999,7,июль,non_food,Индексы потребительских цен на непродовольственные товары по Российской Федерации,101.9
1999-07-01,1999,7,июль,services,Индексы потребительских цен на услуги по Российской Федерации,103.13
1999-07-01,1999,7,июль,total,Индексы потребительских цен на товары и услуги по Российской Федерации,102.82
1999-08-01,1999,8,август,food,Индексы потребительских цен на продовольственные товары по Российской Федерации,100.45
1999-08-01,1999,8,август,non_food,Индексы потребительских цен на непродовольственные товары по Российской Федерации,102.39
1999-08-01,1999,8,август,services,Индексы потребительских цен на услуги по Российской Федерации,101.93
1999-08-01,1999,8,август,total,Индексы потребительских цен на товары и услуги по Российской Федерации,101.16
1999-09-01,1999,9,сентябрь,food,Индексы потребительских цен на продовольственные товары по Российской Федерации,100.8
1999-09-01,1999,9,сентябрь,non_food,Индексы потребительских цен на непродовольственные товары по Российской Федерации,102.74
1999-09-01,1999,9,сентябрь,services,Индексы потребительских цен на услуги по Российской Федерации,102.02
1999-09-01,1999,9,сентябрь,total,Индексы потребительских цен на товары и услуги по Российской Федерации,101.48
1999-10-01,1999,10,октябрь,food,Индексы потребительских цен на продовольственные товары по Российской Федерации,100.86
1999-10-01,1999,10,октябрь,non_food,Индексы потребительских цен на непродовольственные товары по Российской Федерации,102.16
1999-10-01,1999,10,октябрь,services,Индексы потребительских цен на услуги по Российской Федерации,102.04
1999-10-01,1999,10,октябрь,total,Индексы потребительских цен на товары и услуги по Российской Федерации,101.37
1999-11-01,1999,11,ноябрь,food,Индексы потребительских цен на продовольственные товары по Российской Федерации,101.0
1999-11-01,1999,11,ноябрь,non_food,Индексы потребительских цен на непродовольственные товары по Российской Федерации,101.53
1999-11-01,1999,11,ноябрь,services,Индексы потребительских цен на услуги по Российской Федерации,101.71
1999-11-01,1999,11,ноябрь,total,Индексы потребительских цен на товары и услуги по Российской Федерации,101.23
1999-12-01,1999,12,декабрь,food,Индексы потребительских цен на продовольственные товары по Российской Федерации,101.38
1999-12-01,1999,12,декабрь,non_food,Индексы потребительских цен на непродовольственные товары по Российской Федерации,101.14
1999-12-01,1999,12,декабрь,services,Индексы потребительских цен на услуги по Российской Федерации,100.91
1999-12-01,1999,12,декабрь,total,Индексы потребительских цен на товары и услуги по Российской Федерации,101.26
2000-01-01,2000,1,январь,food,Индексы потребительских цен на продовольственные товары по Российской Федерации,102.17
2000-01-01,2000,1,январь,non_food,Индексы потребительских цен на непродовольственные товары по Российской Федерации,102.17
2000-01-01,2000,1,январь,services,Индексы потребительских цен на услуги по Российской Федерации,103.37
2000-01-01,2000,1,январь,total,Индексы потребительских цен на товары и услуги по Российской Федерации,102.33
2000-02-01,2000,2,февраль,food,Индексы потребительских цен на продовольственные товары по Российской Федерации,100.46
2000-02-01,2000,2,февраль,non_food,Индексы потребительских цен на непродовольственные товары по Российской Федерации,101.32
2000-02-01,2000,2,февраль,services,Индексы потребительских цен на услуги по Российской Федерации,102.97
2000-02-01,2000,2,февраль,total,Индексы потребительских цен на товары и услуги по Российской Федерации,101.04
2000-03-01,2000,3,март,food,Индексы потребительских цен на продовольственные товары по Российской Федерации,100.09
2000-03-01,2000,3,март,non_food,Индексы потребительских цен на непродовольственные товары по Российской Федерации,101.38
2000-03-01,2000,3,март,services,Индексы потребительских цен на услуги по Российской Федерации,101.45
2000-03-01,2000,3,март,total,Индексы потребительских цен на товары и услуги по Российской Федерации,100.64
2000-04-01,2000,4,апрель,food,Индексы потребительских цен на продовольственные товары по Российской Федерации,100.3
2000-04-01,2000,4,апрель,non_food,Индексы потребительских цен на непродовольственные товары по Российской Федерации,101.49
2000-04-01,2000,4,апрель,services,Индексы потребительских цен на услуги по Российской Федерации,102.14
2000-04-01,2000,4,апрель,total,Индексы потребительских цен на товары и услуги по Российской Федерации,100.89
2000-05-01,2000,5,май,food,Индексы потребительских цен на продовольственные товары по Российской Федерации,102.17
2000-05-01,2000,5,май,non_food,Индексы потребительских цен на непродовольственные товары по Российской Федерации,101.09
2000-05-01,2000,5,май,services,Индексы потребительских цен на услуги по Российской Федерации,101.34
2000-05-01,2000,5,май,total,Индексы потребительских цен на товары и услуги по Российской Федерации,101.75
2000-06-01,2000,6,июнь,food,Индексы потребительских цен на продовольственные товары по Российской Федерации,103.26
2000-06-01,2000,6,июнь,non_food,Индексы потребительских цен на непродовольственные товары по Российской Федерации,100.83
2000-06-01,2000,6,июнь,services,Индексы потребительских цен на услуги по Российской Федерации,103.02
2000-06-01,2000,6,июнь,total,Индексы потребительских цен на товары и услуги по Российской Федерации,102.55
2000-07-01,2000,7,июль,food,Индексы потребительских цен на продовольственные товары по Российской Федерации,101.75
2000-07-01,2000,7,июль,non_food,Индексы потребительских цен на непродовольственные товары по Российской Федерации,100.84
2000-07-01,2000,7,июль,services,Индексы потребительских цен на услуги по Российской Федерации,103.77
2000-07-01,2000,7,июль,total,Индексы потребительских цен на товары и услуги по Российской Федерации,101.79
2000-08-01,2000,8,август,food,Индексы потребительских цен на продовольственные товары по Российской Федерации,100.29
2000-08-01,2000,8,август,non_food,Индексы потребительских цен на непродовольственные товары по Российской Федерации,101.38
2000-08-01,2000,8,август,services,Индексы потребительских цен на услуги по Российской Федерации,103.0
2000-08-01,2000,8,август,total,Индексы потребительских цен на товары и услуги по Российской Федерации,100.98
2000-09-01,2000,9,сентябрь,food,Индексы потребительских цен на продовольственные товары по Российской Федерации,100.6
2000-09-01,2000,9,сентябрь,non_food,Индексы потребительских цен на непродовольственные товары по Российской Федерации,102.05
2000-09-01,2000,9,сентябрь,services,Индексы потребительских цен на услуги по Российской Федерации,102.77
2000-09-01,2000,9,сентябрь,total,Индексы потребительских цен на товары и услуги по Российской Федерации,101.32
2000-10-01,2000,10,октябрь,food,Индексы потребительских цен на продовольственные товары по Российской Федерации,102.13
2000-10-01,2000,10,октябрь,non_food,Индексы потребительских цен на непродовольственные товары по Российской Федерации,101.89
2000-10-01,2000,10,октябрь,services,Индексы потребительских цен на услуги по Российской Федерации,102.4
2000-10-01,2000,10,октябрь,total,Индексы потребительских цен на товары и услуги по Российской Федерации,102.11
2000-11-01,2000,11,ноябрь,food,Индексы потребительских цен на продовольственные товары по Российской Федерации,101.52
2000-11-01,2000,11,ноябрь,non_food,Индексы потребительских цен на непродовольственные товары по Российской Федерации,101.47
2000-11-01,2000,11,ноябрь,services,Индексы потребительских цен на услуги по Российской Федерации,101.58
2000-11-01,2000,11,ноябрь,total,Индексы потребительских цен на товары и услуги по Российской Федерации,101.52
2000-12-01,2000,12,декабрь,food,Индексы потребительских цен на продовольственные товары по Российской Федерации,101.88
2000-12-01,2000,12,декабрь,non_food,Индексы потребительских цен на непродовольственные товары по Российской Федерации,101.18
2000-12-01,2000,12,декабрь,services,Индексы потребительских цен на услуги по Российской Федерации,101.61
2000-12-01,2000,12,декабрь,total,Индексы потребительских цен на товары и услуги по Российской Федерации,101.64
2001-01-01,2001,1,январь,food,Индексы потребительских цен на продовольственные товары по Российской Федерации,103.06
2001-01-01,2001,1,январь,non_food,Индексы потребительских цен на непродовольственные товары по Российской Федерации,101.35
2001-01-01,2001,1,январь,services,Индексы потребительских цен на услуги по Российской Федерации,104.63
2001-01-01,2001,1,январь,total,Индексы потребительских цен на товары и услуги по Российской Федерации,102.76
2001-02-01,2001,2,февраль,food,Индексы потребительских цен на продовольственные товары по Российской Федерации,102.28
2001-02-01,2001,2,февраль,non_food,Индексы потребительских цен на непродовольственные товары по Российской Федерации,101.34
2001-02-01,2001,2,февраль,services,Индексы потребительских цен на услуги по Российской Федерации,104.27
2001-02-01,2001,2,февраль,total,Индексы потребительских цен на товары и услуги по Российской Федерации,102.28
2001-03-01,2001,3,март,food,Индексы потребительских цен на продовольственные товары по Российской Федерации,101.77
2001-03-01,2001,3,март,non_food,Индексы потребительских цен на непродовольственные товары по Российской Федерации,101.25
2001-03-01,2001,3,март,services,Индексы потребительских цен на услуги по Российской Федерации,103.44
2001-03-01,2001,3,март,total,Индексы потребительских цен на товары и услуги по Российской Федерации,101.86
2001-04-01,2001,4,апрель,food,Индексы потребительских цен на продовольственные товары по Российской Федерации,102.01
2001-04-01,2001,4,апрель,non_food,Индексы потребительских цен на непродовольственные товары по Российской Федерации,100.87
2001-04-01,2001,4,апрель,services,Индексы потребительских цен на услуги по Российской Федерации,102.8
2001-04-01,2001,4,апрель,total,Индексы потребительских цен на товары и услуги по Российской Федерации,101.79
2001-05-01,2001,5,май,food,Индексы потребительских цен на продовольственные товары по Российской Федерации,102.27
2001-05-01,2001,5,май,non_food,Индексы потребительских цен на непродовольственные товары по Российской Федерации,100.87
2001-05-01,2001,5,май,services,Индексы потребительских цен на услуги по Российской Федерации,101.76
2001-05-01,2001,5,май,total,Индексы потребительских цен на товары и услуги по Российской Федерации,101.78
2001-06-01,2001,6,июнь,food,Индексы потребительских цен на продовольственные товары по Российской Федерации,101.91
2001-06-01,2001,6,июнь,non_food,Индексы потребительских цен на непродовольственные товары по Российской Федерации,100.59
2001-06-01,2001,6,июнь,services,Индексы потребительских цен на услуги по Российской Федерации,102.53
2001-06-01,2001,6,июнь,total,Индексы потребительских цен на товары и услуги по Российской Федерации,101.62
2001-07-01,2001,7,июль,food,Индексы потребительских цен на продовольственные товары по Российской Федерации,99.74
2001-07-01,2001,7,июль,non_food,Индексы потребительских цен на непродовольственные товары по Российской Федерации,100.53
2001-07-01,2001,7,июль,services,Индексы потребительских цен на услуги по Российской Федерации,102.9
2001-07-01,2001,7,июль,total,Индексы потребительских цен на товары и услуги по Российской Федерации,100.45
2001-08-01,2001,8,август,food,Индексы потребительских цен на продовольственные товары по Российской Федерации,98.97
2001-08-01,2001,8,август,non_food,Индексы потребительских цен на непродовольственные товары по Российской Федерации,100.79
2001-08-01,2001,8,август,services,Индексы потребительских цен на услуги по Российской Федерации,102.26
2001-08-01,2001,8,август,total,Индексы потребительских цен на товары и услуги по Российской Федерации,100.01
2001-09-01,2001,9,сентябрь,food,Индексы потребительских цен на продовольственные товары по Российской Федерации,99.75
2001-09-01,2001,9,сентябрь,non_food,Индексы потребительских цен на непродовольственные товары по Российской Федерации,101.16
2001-09-01,2001,9,сентябрь,services,Индексы потребительских цен на услуги по Российской Федерации,102.55
2001-09-01,2001,9,сентябрь,total,Индексы потребительских цен на товары и услуги по Российской Федерации,100.6
2001-10-01,2001,10,октябрь,food,Индексы потребительских цен на продовольственные товары по Российской Федерации,100.74
2001-10-01,2001,10,октябрь,non_food,Индексы потребительских цен на непродовольственные товары по Российской Федерации,101.31
2001-10-01,2001,10,октябрь,services,Индексы потребительских цен на услуги по Российской Федерации,101.91
2001-10-01,2001,10,октябрь,total,Индексы потребительских цен на товары и услуги по Российской Федерации,101.09
2001-11-01,2001,11,ноябрь,food,Индексы потребительских цен на продовольственные товары по Российской Федерации,101.48
2001-11-01,2001,11,ноябрь,non_food,Индексы потребительских цен на непродовольственные товары по Российской Федерации,101.06
2001-11-01,2001,11,ноябрь,services,Индексы потребительских цен на услуги по Российской Федерации,101.47
2001-11-01,2001,11,ноябрь,total,Индексы потребительских цен на товары и услуги по Российской Федерации,101.36
2001-12-01,2001,12,декабрь,food,Индексы потребительских цен на продовольственные товары по Российской Федерации,102.04
2001-12-01,2001,12,декабрь,non_food,Индексы потребительских цен на непродовольственные товары по Российской Федерации,100.92
2001-12-01,2001,12,декабрь,services,Индексы потребительских цен на услуги по Российской Федерации,101.35
2001-12-01,2001,12,декабрь,total,Индексы потребительских цен на товары и услуги по Российской Федерации,101.6
2002-01-01,2002,1,январь,food,Индексы потребительских цен на продовольственные товары по Российской Федерации,102.82
2002-01-01,2002,1,январь,non_food,Индексы потребительских цен на непродовольственные товары по Российской Федерации,101.23
2002-01-01,2002,1,январь,services,Индексы потребительских цен на услуги по Российской Федерации,107.47
2002-01-01,2002,1,январь,total,Индексы потребительских цен на товары и услуги по Российской Федерации,103.09
2002-02-01,2002,2,февраль,food,Индексы потребительских цен на продовольственные товары по Российской Федерации,100.87
2002-02-01,2002,2,февраль,non_food,Индексы потребительских цен на непродовольственные товары по Российской Федерации,100.77
2002-02-01,2002,2,февраль,services,Индексы потребительских цен на услуги по Российской Федерации,102.73
2002-02-01,2002,2,февраль,total,Индексы потребительских цен на товары и услуги по Российской Федерации,101.16
2002-03-01,2002,3,март,food,Индексы потребительских цен на продовольственные товары по Российской Федерации,100.46
2002-03-01,2002,3,март,non_food,Индексы потребительских цен на непродовольственные товары по Российской Федерации,100.68
2002-03-01,2002,3,март,services,Индексы потребительских цен на услуги по Российской Федерации,103.7
2002-03-01,2002,3,март,total,Индексы потребительских цен на товары и услуги по Российской Федерации,101.08
2002-04-01,2002,4,апрель,food,Индексы потребительских цен на продовольственные товары по Российской Федерации,100.96
2002-04-01,2002,4,апрель,non_food,Индексы потребительских цен на непродовольственные товары по Российской Федерации,100.77
2002-04-01,2002,4,апрель,services,Индексы потребительских цен на услуги по Российской Федерации,102.4
2002-04-01,2002,4,апрель,total,Индексы потребительских цен на товары и услуги по Российской Федерации,101.16
2002-05-01,2002,5,май,food,Индексы потребительских цен на продовольственные товары по Российской Федерации,102.21
2002-05-01,2002,5,май,non_food,Индексы потребительских цен на непродовольственные товары по Российской Федерации,101.19
2002-05-01,2002,5,май,services,Индексы потребительских цен на услуги по Российской Федерации,100.97
2002-05-01,2002,5,май,total,Индексы потребительских цен на товары и услуги по Российской Федерации,101.69
2002-06-01,2002,6,июнь,food,Индексы потребительских цен на продовольственные товары по Российской Федерации,99.82
2002-06-01,2002,6,июнь,non_food,Индексы потребительских цен на непродовольственные товары по Российской Федерации,101.13
2002-06-01,2002,6,июнь,services,Индексы потребительских цен на услуги по Российской Федерации,101.64
2002-06-01,2002,6,июнь,total,Индексы потребительских цен на товары и услуги по Российской Федерации,100.53
2002-07-01,2002,7,июль,food,Индексы потребительских цен на продовольственные товары по Российской Федерации,100.43
2002-07-01,2002,7,июль,non_food,Индексы потребительских цен на непродовольственные товары по Российской Федерации,100.57
2002-07-01,2002,7,июль,services,Индексы потребительских цен на услуги по Российской Федерации,101.79
2002-07-01,2002,7,июль,total,Индексы потребительских цен на товары и услуги по Российской Федерации,100.72
2002-08-01,2002,8,август,food,Индексы потребительских цен на продовольственные товары по Российской Федерации,98.92
2002-08-01,2002,8,август,non_food,Индексы потребительских цен на непродовольственные товары по Российской Федерации,100.68
2002-08-01,2002,8,август,services,Индексы потребительских цен на услуги по Российской Федерации,102.53
2002-08-01,2002,8,август,total,Индексы потребительских цен на товары и услуги по Российской Федерации,100.09
2002-09-01,2002,9,сентябрь,food,Индексы потребительских цен на продовольственные товары по Российской Федерации,99.27
2002-09-01,2002,9,сентябрь,non_food,Индексы потребительских цен на непродовольственные товары по Российской Федерации,100.87
2002-09-01,2002,9,сентябрь,services,Индексы потребительских цен на услуги по Российской Федерации,102.76
2002-09-01,2002,9,сентябрь,total,Индексы потребительских цен на товары и услуги по Российской Федерации,100.4
2002-10-01,2002,10,октябрь,food,Индексы потребительских цен на продовольственные товары по Российской Федерации,100.62
2002-10-01,2002,10,октябрь,non_food,Индексы потребительских цен на непродовольственные товары по Российской Федерации,100.91
2002-10-01,2002,10,октябрь,services,Индексы потребительских цен на услуги по Российской Федерации,102.51
2002-10-01,2002,10,октябрь,total,Индексы потребительских цен на товары и услуги по Российской Федерации,101.07
2002-11-01,2002,11,ноябрь,food,Индексы потребительских цен на продовольственные товары по Российской Федерации,101.96
2002-11-01,2002,11,ноябрь,non_food,Индексы потребительских цен на непродовольственные товары по Российской Федерации,100.86
2002-11-01,2002,11,ноябрь,services,Индексы потребительских цен на услуги по Российской Федерации,101.85
2002-11-01,2002,11,ноябрь,total,Индексы потребительских цен на товары и услуги по Российской Федерации,101.61
2002-12-01,2002,12,декабрь,food,Индексы потребительских цен на продовольственные товары по Российской Федерации,102.22
2002-12-01,2002,12,декабрь,non_food,Индексы потребительских цен на непродовольственные товары по Российской Федерации,100.67
2002-12-01,2002,12,декабрь,services,Индексы потребительских цен на услуги по Российской Федерации,101.08
2002-12-01,2002,12,декабрь,total,Индексы потребительских цен на товары и услуги по Российской Федерации,101.54
2003-01-01,2003,1,январь,food,Индексы потребительских цен на продовольственные товары по Российской Федерации,102.51
2003-01-01,2003,1,январь,non_food,Индексы потребительских цен на непродовольственные товары по Российской Федерации,101.08
2003-01-01,2003,1,январь,services,Индексы потребительских цен на услуги по Российской Федерации,104.42
2003-01-01,2003,1,январь,total,Индексы потребительских цен на товары и услуги по Российской Федерации,102.4
2003-02-01,2003,2,февраль,food,Индексы потребительских цен на продовольственные товары по Российской Федерации,101.2
2003-02-01,2003,2,февраль,non_food,Индексы потребительских цен на непродовольственные товары по Российской Федерации,100.88
2003-02-01,2003,2,февраль,services,Индексы потребительских цен на услуги по Российской Федерации,104.16
2003-02-01,2003,2,февраль,total,Индексы потребительских цен на товары и услуги по Российской Федерации,101.63
2003-03-01,2003,3,март,food,Индексы потребительских цен на продовольственные товары по Российской Федерации,100.97
2003-03-01,2003,3,март,non_food,Индексы потребительских цен на непродовольственные товары по Российской Федерации,100.81
2003-03-01,2003,3,март,services,Индексы потребительских цен на услуги по Российской Федерации,101.67
2003-03-01,2003,3,март,total,Индексы потребительских цен на товары и услуги по Российской Федерации,101.05
2003-04-01,2003,4,апрель,food,Индексы потребительских цен на продовольственные товары по Российской Федерации,100.98
2003-04-01,2003,4,апрель,non_food,Индексы потребительских цен на непродовольственные товары по Российской Федерации,100.63
2003-04-01,2003,4,апрель,services,Индексы потребительских цен на услуги по Российской Федерации,101.78
2003-04-01,2003,4,апрель,total,Индексы потребительских цен на товары и услуги по Российской Федерации,101.02
2003-05-01,2003,5,май,food,Индексы потребительских цен на продовольственные товары по Российской Федерации,100.69
2003-05-01,2003,5,май,non_food,Индексы потребительских цен на непродовольственные товары по Российской Федерации,100.58
2003-05-01,2003,5,май,services,Индексы потребительских цен на услуги по Российской Федерации,101.47
2003-05-01,2003,5,май,total,Индексы потребительских цен на товары и услуги по Российской Федерации,100.8
2003-06-01,2003,6,июнь,food,Индексы потребительских цен на продовольственные товары по Российской Федерации,100.79
2003-06-01,2003,6,июнь,non_food,Индексы потребительских цен на непродовольственные товары по Российской Федерации,100.54
2003-06-01,2003,6,июнь,services,Индексы потребительских цен на услуги по Российской Федерации,101.22
2003-06-01,2003,6,июнь,total,Индексы потребительских цен на товары и услуги по Российской Федерации,100.8
2003-07-01,2003,7,июль,food,Индексы потребительских цен на продовольственные товары по Российской Федерации,100.41
2003-07-01,2003,7,июль,non_food,Индексы потребительских цен на непродовольственные товары по Российской Федерации,100.47
2003-07-01,2003,7,июль,services,Индексы потребительских цен на услуги по Российской Федерации,101.91
2003-07-01,2003,7,июль,total,Индексы потребительских цен на товары и услуги по Российской Федерации,100.71
2003-08-01,2003,8,август,food,Индексы потребительских цен на продовольственные товары по Российской Федерации,98.59
2003-08-01,2003,8,август,non_food,Индексы потребительских цен на непродовольственные товары по Российской Федерации,100.58
2003-08-01,2003,8,август,services,Индексы потребительских цен на услуги по Российской Федерации,100.73
2003-08-01,2003,8,август,total,Индексы потребительских цен на товары и услуги по Российской Федерации,99.59
2003-09-01,2003,9,сентябрь,food,Индексы потребительских цен на продовольственные товары по Российской Федерации,99.82
2003-09-01,2003,9,сентябрь,non_food,Индексы потребительских цен на непродовольственные товары по Российской Федерации,100.87
2003-09-01,2003,9,сентябрь,services,Индексы потребительских цен на услуги по Российской Федерации,100.89
2003-09-01,2003,9,сентябрь,total,Индексы потребительских цен на товары и услуги по Российской Федерации,100.34
2003-10-01,2003,10,октябрь,food,Индексы потребительских цен на продовольственные товары по Российской Федерации,101.1
2003-10-01,2003,10,октябрь,non_food,Индексы потребительских цен на непродовольственные товары по Российской Федерации,100.96
2003-10-01,2003,10,октябрь,services,Индексы потребительских цен на услуги по Российской Федерации,100.8
2003-10-01,2003,10,октябрь,total,Индексы потребительских цен на товары и услуги по Российской Федерации,101.0
2003-11-01,2003,11,ноябрь,food,Индексы потребительских цен на продовольственные товары по Российской Федерации,101.24
2003-11-01,2003,11,ноябрь,non_food,Индексы потребительских цен на непродовольственные товары по Российской Федерации,100.84
2003-11-01,2003,11,ноябрь,services,Индексы потребительских цен на услуги по Российской Федерации,100.4
2003-11-01,2003,11,ноябрь,total,Индексы потребительских цен на товары и услуги по Российской Федерации,100.96
2003-12-01,2003,12,декабрь,food,Индексы потребительских цен на продовольственные товары по Российской Федерации,101.47
2003-12-01,2003,12,декабрь,non_food,Индексы потребительских цен на непродовольственные товары по Российской Федерации,100.59
2003-12-01,2003,12,декабрь,services,Индексы потребительских цен на услуги по Российской Федерации,100.91
2003-12-01,2003,12,декабрь,total,Индексы потребительских цен на товары и услуги по Российской Федерации,101.1
2004-01-01,2004,1,январь,food,Индексы потребительских цен на продовольственные товары по Российской Федерации,101.61
2004-01-01,2004,1,январь,non_food,Индексы потребительских цен на непродовольственные товары по Российской Федерации,100.51
2004-01-01,2004,1,январь,services,Индексы потребительских цен на услуги по Российской Федерации,104.13
2004-01-01,2004,1,январь,total,Индексы потребительских цен на товары и услуги по Российской Федерации,101.75
2004-02-01,2004,2,февраль,food,Индексы потребительских цен на продовольственные товары по Российской Федерации,101.12
2004-02-01,2004,2,февраль,non_food,Индексы потребительских цен на непродовольственные товары по Российской Федерации,100.42
2004-02-01,2004,2,февраль,services,Индексы потребительских цен на услуги по Российской Федерации,101.63
2004-02-01,2004,2,февраль,total,Индексы потребительских цен на товары и услуги по Российской Федерации,100.99
2004-03-01,2004,3,март,food,Индексы потребительских цен на продовольственные товары по Российской Федерации,101.05
2004-03-01,2004,3,март,non_food,Индексы потребительских цен на непродовольственные товары по Российской Федерации,100.44
2004-03-01,2004,3,март,services,Индексы потребительских цен на услуги по Российской Федерации,100.56
2004-03-01,2004,3,март,total,Индексы потребительских цен на товары и услуги по Российской Федерации,100.75
2004-04-01,2004,4,апрель,food,Индексы потребительских цен на продовольственные товары по Российской Федерации,100.84
2004-04-01,2004,4,апрель,non_food,Индексы потребительских цен на непродовольственные товары по Российской Федерации,100.58
2004-04-01,2004,4,апрель,services,Индексы потребительских цен на услуги по Российской Федерации,101.99
2004-04-01,2004,4,апрель,total,Индексы потребительских цен на товары и услуги по Российской Федерации,100.99
2004-05-01,2004,5,май,food,Индексы потребительских цен на продовольственные товары по Российской Федерации,100.43
2004-05-01,2004,5,май,non_food,Индексы потребительских цен на непродовольственные товары по Российской Федерации,100.77
2004-05-01,2004,5,май,services,Индексы потребительских цен на услуги по Российской Федерации,101.38
2004-05-01,2004,5,май,total,Индексы потребительских цен на товары и услуги по Российской Федерации,100.74
2004-06-01,2004,6,июнь,food,Индексы потребительских цен на продовольственные товары по Российской Федерации,100.8
2004-06-01,2004,6,июнь,non_food,Индексы потребительских цен на непродовольственные товары по Российской Федерации,100.67
2004-06-01,2004,6,июнь,services,Индексы потребительских цен на услуги по Российской Федерации,100.89
2004-06-01,2004,6,июнь,total,Индексы потребительских цен на товары и услуги по Российской Федерации,100.78
2004-07-01,2004,7,июль,food,Индексы потребительских цен на продовольственные товары по Российской Федерации,101.01
2004-07-01,2004,7,июль,non_food,Индексы потребительских цен на непродовольственные товары по Российской Федерации,100.56
2004-07-01,2004,7,июль,services,Индексы потребительских цен на услуги по Российской Федерации,101.31
2004-07-01,2004,7,июль,total,Индексы потребительских цен на товары и услуги по Российской Федерации,100.92
2004-08-01,2004,8,август,food,Индексы потребительских цен на продовольственные товары по Российской Федерации,100.11
2004-08-01,2004,8,август,non_food,Индексы потребительских цен на непродовольственные товары по Российской Федерации,100.52
2004-08-01,2004,8,август,services,Индексы потребительских цен на услуги по Российской Федерации,100.98
2004-08-01,2004,8,август,total,Индексы потребительских цен на товары и услуги по Российской Федерации,100.42
2004-09-01,2004,9,сентябрь,food,Индексы потребительских цен на продовольственные товары по Российской Федерации,100.04
2004-09-01,2004,9,сентябрь,non_food,Индексы потребительских цен на непродовольственные товары по Российской Федерации,100.87
2004-09-01,2004,9,сентябрь,services,Индексы потребительских цен на услуги по Российской Федерации,100.63
2004-09-01,2004,9,сентябрь,total,Индексы потребительских цен на товары и услуги по Российской Федерации,100.43
2004-10-01,2004,10,октябрь,food,Индексы потребительских цен на продовольственные товары по Российской Федерации,101.39
2004-10-01,2004,10,октябрь,non_food,Индексы потребительских цен на непродовольственные товары по Российской Федерации,100.74
2004-10-01,2004,10,октябрь,services,Индексы потребительских цен на услуги по Российской Федерации,101.2
2004-10-01,2004,10,октябрь,total,Индексы потребительских цен на товары и услуги по Российской Федерации,101.14
2004-11-01,2004,11,ноябрь,food,Индексы потребительских цен на продовольственные товары по Российской Федерации,101.53
2004-11-01,2004,11,ноябрь,non_food,Индексы потребительских цен на непродовольственные товары по Российской Федерации,100.67
2004-11-01,2004,11,ноябрь,services,Индексы потребительских цен на услуги по Российской Федерации,100.83
2004-11-01,2004,11,ноябрь,total,Индексы потребительских цен на товары и услуги по Российской Федерации,101.11
2004-12-01,2004,12,декабрь,food,Индексы потребительских цен на продовольственные товары по Российской Федерации,101.74
2004-12-01,2004,12,декабрь,non_food,Индексы потребительских цен на непродовольственные товары по Российской Федерации,100.38
2004-12-01,2004,12,декабрь,services,Индексы потребительских цен на услуги по Российской Федерации,100.96
2004-12-01,2004,12,декабрь,total,Индексы потребительских цен на товары и услуги по Российской Федерации,101.14
2005-01-01,2005,1,январь,food,Индексы потребительских цен на продовольственные товары по Российской Федерации,101.42
2005-01-01,2005,1,январь,non_food,Индексы потребительских цен на непродовольственные товары по Российской Федерации,100.37
2005-01-01,2005,1,январь,services,Индексы потребительских цен на услуги по Российской Федерации,108.78
2005-01-01,2005,1,январь,total,Индексы потребительских цен на товары и услуги по Российской Федерации,102.62
2005-02-01,2005,2,февраль,food,Индексы потребительских цен на продовольственные товары по Российской Федерации,101.37
2005-02-01,2005,2,февраль,non_food,Индексы потребительских цен на непродовольственные товары по Российской Федерации,100.35
2005-02-01,2005,2,февраль,services,Индексы потребительских цен на услуги по Российской Федерации,102.23
2005-02-01,2005,2,февраль,total,Индексы потребительских цен на товары и услуги по Российской Федерации,101.23
2005-03-01,2005,3,март,food,Индексы потребительских цен на продовольственные товары по Российской Федерации,102.07
2005-03-01,2005,3,март,non_food,Индексы потребительских цен на непродовольственные товары по Российской Федерации,100.39
2005-03-01,2005,3,март,services,Индексы потребительских цен на услуги по Российской Федерации,101.22
2005-03-01,2005,3,март,total,Индексы потребительских цен на товары и услуги по Российской Федерации,101.34
2005-04-01,2005,4,апрель,food,Индексы потребительских цен на продовольственные товары по Российской Федерации,101.7
2005-04-01,2005,4,апрель,non_food,Индексы потребительских цен на непродовольственные товары по Российской Федерации,100.51
2005-04-01,2005,4,апрель,services,Индексы потребительских цен на услуги по Российской Федерации,100.82
2005-04-01,2005,4,апрель,total,Индексы потребительских цен на товары и услуги по Российской Федерации,101.12
2005-05-01,2005,5,май,food,Индексы потребительских цен на продовольственные товары по Российской Федерации,101.06
2005-05-01,2005,5,май,non_food,Индексы потребительских цен на непродовольственные товары по Российской Федерации,100.43
2005-05-01,2005,5,май,services,Индексы потребительских цен на услуги по Российской Федерации,100.79
2005-05-01,2005,5,май,total,Индексы потребительских цен на товары и услуги по Российской Федерации,100.8
2005-06-01,2005,6,июнь,food,Индексы потребительских цен на продовольственные товары по Российской Федерации,100.72
2005-06-01,2005,6,июнь,non_food,Индексы потребительских цен на непродовольственные товары по Российской Федерации,100.31
2005-06-01,2005,6,июнь,services,Индексы потребительских цен на услуги по Российской Федерации,100.92
2005-06-01,2005,6,июнь,total,Индексы потребительских цен на товары и услуги по Российской Федерации,100.64
2005-07-01,2005,7,июль,food,Индексы потребительских цен на продовольственные товары по Российской Федерации,100.27
2005-07-01,2005,7,июль,non_food,Индексы потребительских цен на непродовольственные товары по Российской Федерации,100.43
2005-07-01,2005,7,июль,services,Индексы потребительских цен на услуги по Российской Федерации,100.91
2005-07-01,2005,7,июль,total,Индексы потребительских цен на товары и услуги по Российской Федерации,100.46
2005-08-01,2005,8,август,food,Индексы потребительских цен на продовольственные товары по Российской Федерации,98.95
2005-08-01,2005,8,август,non_food,Индексы потребительских цен на непродовольственные товары по Российской Федерации,100.53
2005-08-01,2005,8,август,services,Индексы потребительских цен на услуги по Российской Федерации,100.77
2005-08-01,2005,8,август,total,Индексы потребительских цен на товары и услуги по Российской Федерации,99.86
2005-09-01,2005,9,сентябрь,food,Индексы потребительских цен на продовольственные товары по Российской Федерации,99.34
2005-09-01,2005,9,сентябрь,non_food,Индексы потребительских цен на непродовольственные товары по Российской Федерации,101.09
2005-09-01,2005,9,сентябрь,services,Индексы потребительских цен на услуги по Российской Федерации,100.9
2005-09-01,2005,9,сентябрь,total,Индексы потребительских цен на товары и услуги по Российской Федерации,100.25
2005-10-01,2005,10,октябрь,food,Индексы потребительских цен на продовольственные товары по Российской Федерации,100.36
2005-10-01,2005,10,октябрь,non_food,Индексы потребительских цен на непродовольственные товары по Российской Федерации,100.71
2005-10-01,2005,10,октябрь,services,Индексы потребительских цен на услуги по Российской Федерации,100.69
2005-10-01,2005,10,октябрь,total,Индексы потребительских цен на товары и услуги по Российской Федерации,100.55
2005-11-01,2005,11,ноябрь,food,Индексы потребительских цен на продовольственные товары по Российской Федерации,100.89
2005-11-01,2005,11,ноябрь,non_food,Индексы потребительских цен на непродовольственные товары по Российской Федерации,100.63
2005-11-01,2005,11,ноябрь,services,Индексы потребительских цен на услуги по Российской Федерации,100.61
2005-11-01,2005,11,ноябрь,total,Индексы потребительских цен на товары и услуги по Российской Федерации,100.74
2005-12-01,2005,12,декабрь,food,Индексы потребительских цен на продовольственные товары по Российской Федерации,101.06
2005-12-01,2005,12,декабрь,non_food,Индексы потребительских цен на непродовольственные товары по Российской Федерации,100.48
2005-12-01,2005,12,декабрь,services,Индексы потребительских цен на услуги по Российской Федерации,100.83
2005-12-01,2005,12,декабрь,total,Индексы потребительских цен на товары и услуги по Российской Федерации,100.82
2006-01-01,2006,1,январь,food,Индексы потребительских цен на продовольственные товары по Российской Федерации,101.97
2006-01-01,2006,1,январь,non_food,Индексы потребительских цен на непродовольственные товары по Российской Федерации,100.41
2006-01-01,2006,1,январь,services,Индексы потребительских цен на услуги по Российской Федерации,106.17
2006-01-01,2006,1,январь,total,Индексы потребительских цен на товары и услуги по Российской Федерации,102.43
2006-02-01,2006,2,февраль,food,Индексы потребительских цен на продовольственные товары по Российской Федерации,102.98
2006-02-01,2006,2,февраль,non_food,Индексы потребительских цен на непродовольственные товары по Российской Федерации,100.45
2006-02-01,2006,2,февраль,services,Индексы потребительских цен на услуги по Российской Федерации,101.01
2006-02-01,2006,2,февраль,total,Индексы потребительских цен на товары и услуги по Российской Федерации,101.66
2006-03-01,2006,3,март,food,Индексы потребительских цен на продовольственные товары по Российской Федерации,101.17
2006-03-01,2006,3,март,non_food,Индексы потребительских цен на непродовольственные товары по Российской Федерации,100.42
2006-03-01,2006,3,март,services,Индексы потребительских цен на услуги по Российской Федерации,100.72
2006-03-01,2006,3,март,total,Индексы потребительских цен на товары и услуги по Российской Федерации,100.82
2006-04-01,2006,4,апрель,food,Индексы потребительских цен на продовольственные товары по Российской Федерации,100.26
2006-04-01,2006,4,апрель,non_food,Индексы потребительских цен на непродовольственные товары по Российской Федерации,100.28
2006-04-01,2006,4,апрель,services,Индексы потребительских цен на услуги по Российской Федерации,100.58
2006-04-01,2006,4,апрель,total,Индексы потребительских цен на товары и услуги по Российской Федерации,100.35
2006-05-01,2006,5,май,food,Индексы потребительских цен на продовольственные товары по Российской Федерации,100.47
2006-05-01,2006,5,май,non_food,Индексы потребительских цен на непродовольственные товары по Российской Федерации,100.41
2006-05-01,2006,5,май,services,Индексы потребительских цен на услуги по Российской Федерации,100.6
2006-05-01,2006,5,май,total,Индексы потребительских цен на товары и услуги по Российской Федерации,100.48
2006-06-01,2006,6,июнь,food,Индексы потребительских цен на продовольственные товары по Российской Федерации,100.02
2006-06-01,2006,6,июнь,non_food,Индексы потребительских цен на непродовольственные товары по Российской Федерации,100.34
2006-06-01,2006,6,июнь,services,Индексы потребительских цен на услуги по Российской Федерации,100.68
2006-06-01,2006,6,июнь,total,Индексы потребительских цен на товары и услуги по Российской Федерации,100.28
2006-07-01,2006,7,июль,food,Индексы потребительских цен на продовольственные товары по Российской Федерации,100.89
2006-07-01,2006,7,июль,non_food,Индексы потребительских цен на непродовольственные товары по Российской Федерации,100.4
2006-07-01,2006,7,июль,services,Индексы потребительских цен на услуги по Российской Федерации,100.61
2006-07-01,2006,7,июль,total,Индексы потребительских цен на товары и услуги по Российской Федерации,100.67
2006-08-01,2006,8,август,food,Индексы потребительских цен на продовольственные товары по Российской Федерации,99.45
2006-08-01,2006,8,август,non_food,Индексы потребительских цен на непродовольственные товары по Российской Федерации,100.76
2006-08-01,2006,8,август,services,Индексы потребительских цен на услуги по Российской Федерации,100.75
2006-08-01,2006,8,август,total,Индексы потребительских цен на товары и услуги по Российской Федерации,100.19
2006-09-01,2006,9,сентябрь,food,Индексы потребительских цен на продовольственные товары по Российской Федерации,99.37
2006-09-01,2006,9,сентябрь,non_food,Индексы потребительских цен на непродовольственные товары по Российской Федерации,100.76
2006-09-01,2006,9,сентябрь,services,Индексы потребительских цен на услуги по Российской Федерации,100.45
2006-09-01,2006,9,сентябрь,total,Индексы потребительских цен на товары и услуги по Российской Федерации,100.09
2006-10-01,2006,10,октябрь,food,Индексы потребительских цен на продовольственные товары по Российской Федерации,99.95
2006-10-01,2006,10,октябрь,non_food,Индексы потребительских цен на непродовольственные товары по Российской Федерации,100.61
2006-10-01,2006,10,октябрь,services,Индексы потребительских цен на услуги по Российской Федерации,100.41
2006-10-01,2006,10,октябрь,total,Индексы потребительских цен на товары и услуги по Российской Федерации,100.28
2006-11-01,2006,11,ноябрь,food,Индексы потребительских цен на продовольственные товары по Российской Федерации,100.78
2006-11-01,2006,11,ноябрь,non_food,Индексы потребительских цен на непродовольственные товары по Российской Федерации,100.56
2006-11-01,2006,11,ноябрь,services,Индексы потребительских цен на услуги по Российской Федерации,100.48
2006-11-01,2006,11,ноябрь,total,Индексы потребительских цен на товары и услуги по Российской Федерации,100.63
2006-12-01,2006,12,декабрь,food,Индексы потребительских цен на продовольственные товары по Российской Федерации,101.09
2006-12-01,2006,12,декабрь,non_food,Индексы потребительских цен на непродовольственные товары по Российской Федерации,100.45
2006-12-01,2006,12,декабрь,services,Индексы потребительских цен на услуги по Российской Федерации,100.73
2006-12-01,2006,12,декабрь,total,Индексы потребительских цен на товары и услуги по Российской Федерации,100.79
2007-01-01,2007,1,январь,food,Индексы потребительских цен на продовольственные товары по Российской Федерации,100.94
2007-01-01,2007,1,январь,non_food,Индексы потребительских цен на непродовольственные товары по Российской Федерации,100.4
2007-01-01,2007,1,январь,services,Индексы потребительских цен на услуги по Российской Федерации,104.71
2007-01-01,2007,1,январь,total,Индексы потребительских цен на товары и услуги по Российской Федерации,101.68
2007-02-01,2007,2,февраль,food,Индексы потребительских цен на продовольственные товары по Российской Федерации,100.83
2007-02-01,2007,2,февраль,non_food,Индексы потребительских цен на непродовольственные товары по Российской Федерации,100.33
2007-02-01,2007,2,февраль,services,Индексы потребительских цен на услуги по Российской Федерации,102.6
2007-02-01,2007,2,февраль,total,Индексы потребительских цен на товары и услуги по Российской Федерации,101.11
2007-03-01,2007,3,март,food,Индексы потребительских цен на продовольственные товары по Российской Федерации,100.77
2007-03-01,2007,3,март,non_food,Индексы потребительских цен на непродовольственные товары по Российской Федерации,100.38
2007-03-01,2007,3,март,services,Индексы потребительских цен на услуги по Российской Федерации,100.57
2007-03-01,2007,3,март,total,Индексы потребительских цен на товары и услуги по Российской Федерации,100.59
2007-04-01,2007,4,апрель,food,Индексы потребительских цен на продовольственные товары по Российской Федерации,100.75
2007-04-01,2007,4,апрель,non_food,Индексы потребительских цен на непродовольственные товары по Российской Федерации,100.4
2007-04-01,2007,4,апрель,services,Индексы потребительских цен на услуги по Российской Федерации,100.51
2007-04-01,2007,4,апрель,total,Индексы потребительских цен на товары и услуги по Российской Федерации,100.57
2007-05-01,2007,5,май,food,Индексы потребительских цен на продовольственные товары по Российской Федерации,100.95
2007-05-01,2007,5,май,non_food,Индексы потребительских цен на непродовольственные товары по Российской Федерации,100.35
2007-05-01,2007,5,май,services,Индексы потребительских цен на услуги по Российской Федерации,100.49
2007-05-01,2007,5,май,total,Индексы потребительских цен на товары и услуги по Российской Федерации,100.63
2007-06-01,2007,6,июнь,food,Индексы потребительских цен на продовольственные товары по Российской Федерации,101.73
2007-06-01,2007,6,июнь,non_food,Индексы потребительских цен на непродовольственные товары по Российской Федерации,100.3
2007-06-01,2007,6,июнь,services,Индексы потребительских цен на услуги по Российской Федерации,100.61
2007-06-01,2007,6,июнь,total,Индексы потребительских цен на товары и услуги по Российской Федерации,100.95
2007-07-01,2007,7,июль,food,Индексы потребительских цен на продовольственные товары по Российской Федерации,101.42
2007-07-01,2007,7,июль,non_food,Индексы потребительских цен на непродовольственные товары по Российской Федерации,100.37
2007-07-01,2007,7,июль,services,Индексы потребительских цен на услуги по Российской Федерации,100.64
2007-07-01,2007,7,июль,total,Индексы потребительских цен на товары и услуги по Российской Федерации,100.87
2007-08-01,2007,8,август,food,Индексы потребительских цен на продовольственные товары по Российской Федерации,99.4
2007-08-01,2007,8,август,non_food,Индексы потребительских цен на непродовольственные товары по Российской Федерации,100.6
2007-08-01,2007,8,август,services,Индексы потребительских цен на услуги по Российской Федерации,100.53
2007-08-01,2007,8,август,total,Индексы потребительских цен на товары и услуги по Российской Федерации,100.09
2007-09-01,2007,9,сентябрь,food,Индексы потребительских цен на продовольственные товары по Российской Федерации,101.02
2007-09-01,2007,9,сентябрь,non_food,Индексы потребительских цен на непродовольственные товары по Российской Федерации,100.77
2007-09-01,2007,9,сентябрь,services,Индексы потребительских цен на услуги по Российской Федерации,100.44
2007-09-01,2007,9,сентябрь,total,Индексы потребительских цен на товары и услуги по Российской Федерации,100.79
2007-10-01,2007,10,октябрь,food,Индексы потребительских цен на продовольственные товары по Российской Федерации,103.26
2007-10-01,2007,10,октябрь,non_food,Индексы потребительских цен на непродовольственные товары по Российской Федерации,100.86
2007-10-01,2007,10,октябрь,services,Индексы потребительских цен на услуги по Российской Федерации,100.13
2007-10-01,2007,10,октябрь,total,Индексы потребительских цен на товары и услуги по Российской Федерации,101.64
2007-11-01,2007,11,ноябрь,food,Индексы потребительских цен на продовольственные товары по Российской Федерации,101.93
2007-11-01,2007,11,ноябрь,non_food,Индексы потребительских цен на непродовольственные товары по Российской Федерации,100.86
2007-11-01,2007,11,ноябрь,services,Индексы потребительских цен на услуги по Российской Федерации,100.58
2007-11-01,2007,11,ноябрь,total,Индексы потребительских цен на товары и услуги по Российской Федерации,101.23
2007-12-01,2007,12,декабрь,food,Индексы потребительских цен на продовольственные товары по Российской Федерации,101.61
2007-12-01,2007,12,декабрь,non_food,Индексы потребительских цен на непродовольственные товары по Российской Федерации,100.74
2007-12-01,2007,12,декабрь,services,Индексы потребительских цен на услуги по Российской Федерации,100.85
2007-12-01,2007,12,декабрь,total,Индексы потребительских цен на товары и услуги по Российской Федерации,101.13
2008-01-01,2008,1,январь,food,Индексы потребительских цен на продовольственные товары по Российской Федерации,101.91
2008-01-01,2008,1,январь,non_food,Индексы потребительских цен на непродовольственные товары по Российской Федерации,100.62
2008-01-01,2008,1,январь,services,Индексы потребительских цен на услуги по Российской Федерации,105.4
2008-01-01,2008,1,январь,total,Индексы потребительских цен на товары и услуги по Российской Федерации,102.31
2008-02-01,2008,2,февраль,food,Индексы потребительских цен на продовольственные товары по Российской Федерации,101.66
2008-02-01,2008,2,февраль,non_food,Индексы потребительских цен на непродовольственные товары по Российской Федерации,100.59
2008-02-01,2008,2,февраль,services,Индексы потребительских цен на услуги по Российской Федерации,101.36
2008-02-01,2008,2,февраль,total,Индексы потребительских цен на товары и услуги по Российской Федерации,101.2
2008-03-01,2008,3,март,food,Индексы потребительских цен на продовольственные товары по Российской Федерации,101.98
2008-03-01,2008,3,март,non_food,Индексы потребительских цен на непродовольственные товары по Российской Федерации,100.74
2008-03-01,2008,3,март,services,Индексы потребительских цен на услуги по Российской Федерации,100.63
2008-03-01,2008,3,март,total,Индексы потребительских цен на товары и услуги по Российской Федерации,101.2
2008-04-01,2008,4,апрель,food,Индексы потребительских цен на продовольственные товары по Российской Федерации,102.19
2008-04-01,2008,4,апрель,non_food,Индексы потребительских цен на непродовольственные товары по Российской Федерации,100.88
2008-04-01,2008,4,апрель,services,Индексы потребительских цен на услуги по Российской Федерации,100.96
2008-04-01,2008,4,апрель,total,Индексы потребительских цен на товары и услуги по Российской Федерации,101.42
2008-05-01,2008,5,май,food,Индексы потребительских цен на продовольственные товары по Российской Федерации,102.07
2008-05-01,2008,5,май,non_food,Индексы потребительских цен на непродовольственные товары по Российской Федерации,100.79
2008-05-01,2008,5,май,services,Индексы потребительских цен на услуги по Российской Федерации,101.01
2008-05-01,2008,5,май,total,Индексы потребительских цен на товары и услуги по Российской Федерации,101.35
2008-06-01,2008,6,июнь,food,Индексы потребительских цен на продовольственные товары по Российской Федерации,101.08
2008-06-01,2008,6,июнь,non_food,Индексы потребительских цен на непродовольственные товары по Российской Федерации,100.74
2008-06-01,2008,6,июнь,services,Индексы потребительских цен на услуги по Российской Федерации,101.1
2008-06-01,2008,6,июнь,total,Индексы потребительских цен на товары и услуги по Российской Федерации,100.97
2008-07-01,2008,7,июль,food,Индексы потребительских цен на продовольственные товары по Российской Федерации,100.09
2008-07-01,2008,7,июль,non_food,Индексы потребительских цен на непродовольственные товары по Российской Федерации,100.69
2008-07-01,2008,7,июль,services,Индексы потребительских цен на услуги по Российской Федерации,100.91
2008-07-01,2008,7,июль,total,Индексы потребительских цен на товары и услуги по Российской Федерации,100.51
2008-08-01,2008,8,август,food,Индексы потребительских цен на продовольственные товары по Российской Федерации,99.82
2008-08-01,2008,8,август,non_food,Индексы потребительских цен на непродовольственные товары по Российской Федерации,100.57
2008-08-01,2008,8,август,services,Индексы потребительских цен на услуги по Российской Федерации,100.94
2008-08-01,2008,8,август,total,Индексы потребительских цен на товары и услуги по Российской Федерации,100.36
2008-09-01,2008,9,сентябрь,food,Индексы потребительских цен на продовольственные товары по Российской Федерации,100.74
2008-09-01,2008,9,сентябрь,non_food,Индексы потребительских цен на непродовольственные товары по Российской Федерации,100.67
2008-09-01,2008,9,сентябрь,services,Индексы потребительских цен на услуги по Российской Федерации,101.04
2008-09-01,2008,9,сентябрь,total,Индексы потребительских цен на товары и услуги по Российской Федерации,100.8
2008-10-01,2008,10,октябрь,food,Индексы потребительских цен на продовольственные товары по Российской Федерации,101.57
2008-10-01,2008,10,октябрь,non_food,Индексы потребительских цен на непродовольственные товары по Российской Федерации,100.81
2008-10-01,2008,10,октябрь,services,Индексы потребительских цен на услуги по Российской Федерации,100.01
2008-10-01,2008,10,октябрь,total,Индексы потребительских цен на товары и услуги по Российской Федерации,100.91
2008-11-01,2008,11,ноябрь,food,Индексы потребительских цен на продовольственные товары по Российской Федерации,101.26
2008-11-01,2008,11,ноябрь,non_food,Индексы потребительских цен на непродовольственные товары по Российской Федерации,100.47
2008-11-01,2008,11,ноябрь,services,Индексы потребительских цен на услуги по Российской Федерации,100.66
2008-11-01,2008,11,ноябрь,total,Индексы потребительских цен на товары и услуги по Российской Федерации,100.83
2008-12-01,2008,12,декабрь,food,Индексы потребительских цен на продовольственные товары по Российской Федерации,101.01
2008-12-01,2008,12,декабрь,non_food,Индексы потребительских цен на непродовольственные товары по Российской Федерации,100.12
2008-12-01,2008,12,декабрь,services,Индексы потребительских цен на услуги по Российской Федерации,100.96
2008-12-01,2008,12,декабрь,total,Индексы потребительских цен на товары и услуги по Российской Федерации,100.69
2009-01-01,2009,1,январь,food,Индексы потребительских цен на продовольственные товары по Российской Федерации,101.4
2009-01-01,2009,1,январь,non_food,Индексы потребительских цен на непродовольственные товары по Российской Федерации,100.72
2009-01-01,2009,1,январь,services,Индексы потребительских цен на услуги по Российской Федерации,106.32
2009-01-01,2009,1,январь,total,Индексы потребительских цен на товары и услуги по Российской Федерации,102.37
2009-02-01,2009,2,февраль,food,Индексы потребительских цен на продовольственные товары по Российской Федерации,101.85
2009-02-01,2009,2,февраль,non_food,Индексы потребительских цен на непродовольственные товары по Российской Федерации,101.6
2009-02-01,2009,2,февраль,services,Индексы потребительских цен на услуги по Российской Федерации,101.42
2009-02-01,2009,2,февраль,total,Индексы потребительских цен на товары и услуги по Российской Федерации,101.65
2009-03-01,2009,3,март,food,Индексы потребительских цен на продовольственные товары по Российской Федерации,101.69
2009-03-01,2009,3,март,non_food,Индексы потребительских цен на непродовольственные товары по Российской Федерации,101.43
2009-03-01,2009,3,март,services,Индексы потребительских цен на услуги по Российской Федерации,100.58
2009-03-01,2009,3,март,total,Индексы потребительских цен на товары и услуги по Российской Федерации,101.31
2009-04-01,2009,4,апрель,food,Индексы потребительских цен на продовольственные товары по Российской Федерации,100.69
2009-04-01,2009,4,апрель,non_food,Индексы потребительских цен на непродовольственные товары по Российской Федерации,100.99
2009-04-01,2009,4,апрель,services,Индексы потребительских цен на услуги по Российской Федерации,100.26
2009-04-01,2009,4,апрель,total,Индексы потребительских цен на товары и услуги по Российской Федерации,100.69
2009-05-01,2009,5,май,food,Индексы потребительских цен на продовольственные товары по Российской Федерации,100.66
2009-05-01,2009,5,май,non_food,Индексы потребительских цен на непродовольственные товары по Российской Федерации,100.65
2009-05-01,2009,5,май,services,Индексы потребительских цен на услуги по Российской Федерации,100.31
2009-05-01,2009,5,май,total,Индексы потребительских цен на товары и услуги по Российской Федерации,100.57
2009-06-01,2009,6,июнь,food,Индексы потребительских цен на продовольственные товары по Российской Федерации,100.51
2009-06-01,2009,6,июнь,non_food,Индексы потребительских цен на непродовольственные товары по Российской Федерации,100.78
2009-06-01,2009,6,июнь,services,Индексы потребительских цен на услуги по Российской Федерации,100.46
2009-06-01,2009,6,июнь,total,Индексы потребительских цен на товары и услуги по Российской Федерации,100.6
2009-07-01,2009,7,июль,food,Индексы потребительских цен на продовольственные товары по Российской Федерации,100.55
2009-07-01,2009,7,июль,non_food,Индексы потребительских цен на непродовольственные товары по Российской Федерации,100.6
2009-07-01,2009,7,июль,services,Индексы потребительских цен на услуги по Российской Федерации,100.8
2009-07-01,2009,7,июль,total,Индексы потребительских цен на товары и услуги по Российской Федерации,100.63
2009-08-01,2009,8,август,food,Индексы потребительских цен на продовольственные товары по Российской Федерации,99.11
2009-08-01,2009,8,август,non_food,Индексы потребительских цен на непродовольственные товары по Российской Федерации,100.63
2009-08-01,2009,8,август,services,Индексы потребительских цен на услуги по Российской Федерации,100.4
2009-08-01,2009,8,август,total,Индексы потребительских цен на товары и услуги по Российской Федерации,100.0
2009-09-01,2009,9,сентябрь,food,Индексы потребительских цен на продовольственные товары по Российской Федерации,99.21
2009-09-01,2009,9,сентябрь,non_food,Индексы потребительских цен на непродовольственные товары по Российской Федерации,100.66
2009-09-01,2009,9,сентябрь,services,Индексы потребительских цен на услуги по Российской Федерации,100.08
2009-09-01,2009,9,сентябрь,total,Индексы потребительских цен на товары и услуги по Российской Федерации,99.97
2009-10-01,2009,10,октябрь,food,Индексы потребительских цен на продовольственные товары по Российской Федерации,99.47
2009-10-01,2009,10,октябрь,non_food,Индексы потребительских цен на непродовольственные товары по Российской Федерации,100.57
2009-10-01,2009,10,октябрь,services,Индексы потребительских цен на услуги по Российской Федерации,99.94
2009-10-01,2009,10,октябрь,total,Индексы потребительских цен на товары и услуги по Российской Федерации,100.0
2009-11-01,2009,11,ноябрь,food,Индексы потребительских цен на продовольственные товары по Российской Федерации,100.27
2009-11-01,2009,11,ноябрь,non_food,Индексы потребительских цен на непродовольственные товары по Российской Федерации,100.42
2009-11-01,2009,11,ноябрь,services,Индексы потребительских цен на услуги по Российской Федерации,100.13
2009-11-01,2009,11,ноябрь,total,Индексы потребительских цен на товары и услуги по Российской Федерации,100.29
2009-12-01,2009,12,декабрь,food,Индексы потребительских цен на продовольственные товары по Российской Федерации,100.55
2009-12-01,2009,12,декабрь,non_food,Индексы потребительских цен на непродовольственные товары по Российской Федерации,100.21
2009-12-01,2009,12,декабрь,services,Индексы потребительских цен на услуги по Российской Федерации,100.49
2009-12-01,2009,12,декабрь,total,Индексы потребительских цен на товары и услуги по Российской Федерации,100.41
2010-01-01,2010,1,январь,food,Индексы потребительских цен на продовольственные товары по Российской Федерации,101.42
2010-01-01,2010,1,январь,non_food,Индексы потребительских цен на непродовольственные товары по Российской Федерации,100.23
2010-01-01,2010,1,январь,services,Индексы потребительских цен на услуги по Российской Федерации,103.94
2010-01-01,2010,1,январь,total,Индексы потребительских цен на товары и услуги по Российской Федерации,101.64
2010-02-01,2010,2,февраль,food,Индексы потребительских цен на продовольственные товары по Российской Федерации,101.26
2010-02-01,2010,2,февраль,non_food,Индексы потребительских цен на непродовольственные товары по Российской Федерации,100.3
2010-02-01,2010,2,февраль,services,Индексы потребительских цен на услуги по Российской Федерации,101.02
2010-02-01,2010,2,февраль,total,Индексы потребительских цен на товары и услуги по Российской Федерации,100.86
2010-03-01,2010,3,март,food,Индексы потребительских цен на продовольственные товары по Российской Федерации,101.03
2010-03-01,2010,3,март,non_food,Индексы потребительских цен на непродовольственные товары по Российской Федерации,100.39
2010-03-01,2010,3,март,services,Индексы потребительских цен на услуги по Российской Федерации,100.36
2010-03-01,2010,3,март,total,Индексы потребительских цен на товары и услуги по Российской Федерации,100.63
2010-04-01,2010,4,апрель,food,Индексы потребительских цен на продовольственные товары по Российской Федерации,100.3
2010-04-01,2010,4,апрель,non_food,Индексы потребительских цен на непродовольственные товары по Российской Федерации,100.34
2010-04-01,2010,4,апрель,services,Индексы потребительских цен на услуги по Российской Федерации,100.22
2010-04-01,2010,4,апрель,total,Индексы потребительских цен на товары и услуги по Российской Федерации,100.29
2010-05-01,2010,5,май,food,Индексы потребительских цен на продовольственные товары по Российской Федерации,100.69
2010-05-01,2010,5,май,non_food,Индексы потребительских цен на непродовольственные товары по Российской Федерации,100.42
2010-05-01,2010,5,май,services,Индексы потребительских цен на услуги по Российской Федерации,100.35
2010-05-01,2010,5,май,total,Индексы потребительских цен на товары и услуги по Российской Федерации,100.5
2010-06-01,2010,6,июнь,food,Индексы потребительских цен на продовольственные товары по Российской Федерации,100.54
2010-06-01,2010,6,июнь,non_food,Индексы потребительских цен на непродовольственные товары по Российской Федерации,100.21
2010-06-01,2010,6,июнь,services,Индексы потребительских цен на услуги по Российской Федерации,100.42
2010-06-01,2010,6,июнь,total,Индексы потребительских цен на товары и услуги по Российской Федерации,100.39
2010-07-01,2010,7,июль,food,Индексы потребительских цен на продовольственные товары по Российской Федерации,100.31
2010-07-01,2010,7,июль,non_food,Индексы потребительских цен на непродовольственные товары по Российской Федерации,100.26
2010-07-01,2010,7,июль,services,Индексы потребительских цен на услуги по Российской Федерации,100.55
2010-07-01,2010,7,июль,total,Индексы потребительских цен на товары и услуги по Российской Федерации,100.36
2010-08-01,2010,8,август,food,Индексы потребительских цен на продовольственные товары по Российской Федерации,100.9
2010-08-01,2010,8,август,non_food,Индексы потребительских цен на непродовольственные товары по Российской Федерации,100.37
2010-08-01,2010,8,август,services,Индексы потребительских цен на услуги по Российской Федерации,100.29
2010-08-01,2010,8,август,total,Индексы потребительских цен на товары и услуги по Российской Федерации,100.55
2010-09-01,2010,9,сентябрь,food,Индексы потребительских цен на продовольственные товары по Российской Федерации,101.62
2010-09-01,2010,9,сентябрь,non_food,Индексы потребительских цен на непродовольственные товары по Российской Федерации,100.58
2010-09-01,2010,9,сентябрь,services,Индексы потребительских цен на услуги по Российской Федерации,100.03
2010-09-01,2010,9,сентябрь,total,Индексы потребительских цен на товары и услуги по Российской Федерации,100.84
2010-10-01,2010,10,октябрь,food,Индексы потребительских цен на продовольственные товары по Российской Федерации,100.7
2010-10-01,2010,10,октябрь,non_food,Индексы потребительских цен на непродовольственные товары по Российской Федерации,100.63
2010-10-01,2010,10,октябрь,services,Индексы потребительских цен на услуги по Российской Федерации,100.02
2010-10-01,2010,10,октябрь,total,Индексы потребительских цен на товары и услуги по Российской Федерации,100.5
2010-11-01,2010,11,ноябрь,food,Индексы потребительских цен на продовольственные товары по Российской Федерации,101.35
2010-11-01,2010,11,ноябрь,non_food,Индексы потребительских цен на непродовольственные товары по Российской Федерации,100.65
2010-11-01,2010,11,ноябрь,services,Индексы потребительских цен на услуги по Российской Федерации,100.21
2010-11-01,2010,11,ноябрь,total,Индексы потребительских цен на товары и услуги по Российской Федерации,100.81
2010-12-01,2010,12,декабрь,food,Индексы потребительских цен на продовольственные товары по Российской Федерации,102.07
2010-12-01,2010,12,декабрь,non_food,Индексы потребительских цен на непродовольственные товары по Российской Федерации,100.48
2010-12-01,2010,12,декабрь,services,Индексы потребительских цен на услуги по Российской Федерации,100.42
2010-12-01,2010,12,декабрь,total,Индексы потребительских цен на товары и услуги по Российской Федерации,101.08
2011-01-01,2011,1,январь,food,Индексы потребительских цен на продовольственные товары по Российской Федерации,102.6
2011-01-01,2011,1,январь,non_food,Индексы потребительских цен на непродовольственные товары по Российской Федерации,100.87
2011-01-01,2011,1,январь,services,Индексы потребительских цен на услуги по Российской Федерации,104.09
2011-01-01,2011,1,январь,total,Индексы потребительских цен на товары и услуги по Российской Федерации,102.37
2011-02-01,2011,2,февраль,food,Индексы потребительских цен на продовольственные товары по Российской Федерации,101.22
2011-02-01,2011,2,февраль,non_food,Индексы потребительских цен на непродовольственные товары по Российской Федерации,100.32
2011-02-01,2011,2,февраль,services,Индексы потребительских цен на услуги по Российской Федерации,100.75
2011-02-01,2011,2,февраль,total,Индексы потребительских цен на товары и услуги по Российской Федерации,100.78
2011-03-01,2011,3,март,food,Индексы потребительских цен на продовольственные товары по Российской Федерации,100.94
2011-03-01,2011,3,март,non_food,Индексы потребительских цен на непродовольственные товары по Российской Федерации,100.49
2011-03-01,2011,3,март,services,Индексы потребительских цен на услуги по Российской Федерации,100.33
2011-03-01,2011,3,март,total,Индексы потребительских цен на товары и услуги по Российской Федерации,100.62
2011-04-01,2011,4,апрель,food,Индексы потребительских цен на продовольственные товары по Российской Федерации,100.36
2011-04-01,2011,4,апрель,non_food,Индексы потребительских цен на непродовольственные товары по Российской Федерации,100.48
2011-04-01,2011,4,апрель,services,Индексы потребительских цен на услуги по Российской Федерации,100.48
2011-04-01,2011,4,апрель,total,Индексы потребительских цен на товары и услуги по Российской Федерации,100.43
2011-05-01,2011,5,май,food,Индексы потребительских цен на продовольственные товары по Российской Федерации,100.03
2011-05-01,2011,5,май,non_food,Индексы потребительских цен на непродовольственные товары по Российской Федерации,100.82
2011-05-01,2011,5,май,services,Индексы потребительских цен на услуги по Российской Федерации,100.7
2011-05-01,2011,5,май,total,Индексы потребительских цен на товары и услуги по Российской Федерации,100.48
2011-06-01,2011,6,июнь,food,Индексы потребительских цен на продовольственные товары по Российской Федерации,99.75
2011-06-01,2011,6,июнь,non_food,Индексы потребительских цен на непродовольственные товары по Российской Федерации,100.42
2011-06-01,2011,6,июнь,services,Индексы потребительских цен на услуги по Российской Федерации,100.69
2011-06-01,2011,6,июнь,total,Индексы потребительских цен на товары и услуги по Российской Федерации,100.23
2011-07-01,2011,7,июль,food,Индексы потребительских цен на продовольственные товары по Российской Федерации,99.29
2011-07-01,2011,7,июль,non_food,Индексы потребительских цен на непродовольственные товары по Российской Федерации,100.29
2011-07-01,2011,7,июль,services,Индексы потребительских цен на услуги по Российской Федерации,100.62
2011-07-01,2011,7,июль,total,Индексы потребительских цен на товары и услуги по Российской Федерации,99.99
2011-08-01,2011,8,август,food,Индексы потребительских цен на продовольственные товары по Российской Федерации,98.63
2011-08-01,2011,8,август,non_food,Индексы потребительских цен на непродовольственные товары по Российской Федерации,100.53
2011-08-01,2011,8,август,services,Индексы потребительских цен на услуги по Российской Федерации,100.34
2011-08-01,2011,8,август,total,Индексы потребительских цен на товары и услуги по Российской Федерации,99.76
2011-09-01,2011,9,сентябрь,food,Индексы потребительских цен на продовольственные товары по Российской Федерации,99.35
2011-09-01,2011,9,сентябрь,non_food,Индексы потребительских цен на непродовольственные товары по Российской Федерации,100.66
2011-09-01,2011,9,сентябрь,services,Индексы потребительских цен на услуги по Российской Федерации,99.91
2011-09-01,2011,9,сентябрь,total,Индексы потребительских цен на товары и услуги по Российской Федерации,99.96
2011-10-01,2011,10,октябрь,food,Индексы потребительских цен на продовольственные товары по Российской Федерации,100.51
2011-10-01,2011,10,октябрь,non_food,Индексы потребительских цен на непродовольственные товары по Российской Федерации,100.71
2011-10-01,2011,10,октябрь,services,Индексы потребительских цен на услуги по Российской Федерации,100.14
2011-10-01,2011,10,октябрь,total,Индексы потребительских цен на товары и услуги по Российской Федерации,100.48
2011-11-01,2011,11,ноябрь,food,Индексы потребительских цен на продовольственные товары по Российской Федерации,100.52
2011-11-01,2011,11,ноябрь,non_food,Индексы потребительских цен на непродовольственные товары по Российской Федерации,100.55
2011-11-01,2011,11,ноябрь,services,Индексы потребительских цен на услуги по Российской Федерации,100.09
2011-11-01,2011,11,ноябрь,total,Индексы потребительских цен на товары и услуги по Российской Федерации,100.42
2011-12-01,2011,12,декабрь,food,Индексы потребительских цен на продовольственные товары по Российской Федерации,100.67
2011-12-01,2011,12,декабрь,non_food,Индексы потребительских цен на непродовольственные товары по Российской Федерации,100.31
2011-12-01,2011,12,декабрь,services,Индексы потребительских цен на услуги по Российской Федерации,100.31
2011-12-01,2011,12,декабрь,total,Индексы потребительских цен на товары и услуги по Российской Федерации,100.44
2012-01-01,2012,1,январь,food,Индексы потребительских цен на продовольственные товары по Российской Федерации,100.76
2012-01-01,2012,1,январь,non_food,Индексы потребительских цен на непродовольственные товары по Российской Федерации,100.44
2012-01-01,2012,1,январь,services,Индексы потребительских цен на услуги по Российской Федерации,100.2
2012-01-01,2012,1,январь,total,Индексы потребительских цен на товары и услуги по Российской Федерации,100.5
2012-02-01,2012,2,февраль,food,Индексы потребительских цен на продовольственные товары по Российской Федерации,100.68
2012-02-01,2012,2,февраль,non_food,Индексы потребительских цен на непродовольственные товары по Российской Федерации,100.33
2012-02-01,2012,2,февраль,services,Индексы потребительских цен на услуги по Российской Федерации,99.98
2012-02-01,2012,2,февраль,total,Индексы потребительских цен на товары и услуги по Российской Федерации,100.37
2012-03-01,2012,3,март,food,Индексы потребительских цен на продовольственные товары по Российской Федерации,100.81
2012-03-01,2012,3,март,non_food,Индексы потребительских цен на непродовольственные товары по Российской Федерации,100.46
2012-03-01,2012,3,март,services,Индексы потребительских цен на услуги по Российской Федерации,100.41
2012-03-01,2012,3,март,total,Индексы потребительских цен на товары и услуги по Российской Федерации,100.58
2012-04-01,2012,4,апрель,food,Индексы потребительских цен на продовольственные товары по Российской Федерации,100.23
2012-04-01,2012,4,апрель,non_food,Индексы потребительских цен на непродовольственные товары по Российской Федерации,100.41
2012-04-01,2012,4,апрель,services,Индексы потребительских цен на услуги по Российской Федерации,100.26
2012-04-01,2012,4,апрель,total,Индексы потребительских цен на товары и услуги по Российской Федерации,100.31
2012-05-01,2012,5,май,food,Индексы потребительских цен на продовольственные товары по Российской Федерации,100.56
2012-05-01,2012,5,май,non_food,Индексы потребительских цен на непродовольственные товары по Российской Федерации,100.38
2012-05-01,2012,5,май,services,Индексы потребительских цен на услуги по Российской Федерации,100.65
2012-05-01,2012,5,май,total,Индексы потребительских цен на товары и услуги по Российской Федерации,100.52
2012-06-01,2012,6,июнь,food,Индексы потребительских цен на продовольственные товары по Российской Федерации,101.61
2012-06-01,2012,6,июнь,non_food,Индексы потребительских цен на непродовольственные товары по Российской Федерации,100.23
2012-06-01,2012,6,июнь,services,Индексы потребительских цен на услуги по Российской Федерации,100.8
2012-06-01,2012,6,июнь,total,Индексы потребительских цен на товары и услуги по Российской Федерации,100.89
2012-07-01,2012,7,июль,food,Индексы потребительских цен на продовольственные товары по Российской Федерации,101.11
2012-07-01,2012,7,июль,non_food,Индексы потребительских цен на непродовольственные товары по Российской Федерации,100.32
2012-07-01,2012,7,июль,services,Индексы потребительских цен на услуги по Российской Федерации,102.72
2012-07-01,2012,7,июль,total,Индексы потребительских цен на товары и услуги по Российской Федерации,101.23
2012-08-01,2012,8,август,food,Индексы потребительских цен на продовольственные товары по Российской Федерации,99.48
2012-08-01,2012,8,август,non_food,Индексы потребительских цен на непродовольственные товары по Российской Федерации,100.4
2012-08-01,2012,8,август,services,Индексы потребительских цен на услуги по Российской Федерации,100.58
2012-08-01,2012,8,август,total,Индексы потребительских цен на товары и услуги по Российской Федерации,100.1
2012-09-01,2012,9,сентябрь,food,Индексы потребительских цен на продовольственные товары по Российской Федерации,100.14
2012-09-01,2012,9,сентябрь,non_food,Индексы потребительских цен на непродовольственные товары по Российской Федерации,100.68
2012-09-01,2012,9,сентябрь,services,Индексы потребительских цен на услуги по Российской Федерации,100.96
2012-09-01,2012,9,сентябрь,total,Индексы потребительских цен на товары и услуги по Российской Федерации,100.55
2012-10-01,2012,10,октябрь,food,Индексы потребительских цен на продовольственные товары по Российской Федерации,100.53
2012-10-01,2012,10,октябрь,non_food,Индексы потребительских цен на непродовольственные товары по Российской Федерации,100.68
2012-10-01,2012,10,октябрь,services,Индексы потребительских цен на услуги по Российской Федерации,100.05
2012-10-01,2012,10,октябрь,total,Индексы потребительских цен на товары и услуги по Российской Федерации,100.46
2012-11-01,2012,11,ноябрь,food,Индексы потребительских цен на продовольственные товары по Российской Федерации,100.45
2012-11-01,2012,11,ноябрь,non_food,Индексы потребительских цен на непродовольственные товары по Российской Федерации,100.44
2012-11-01,2012,11,ноябрь,services,Индексы потребительских цен на услуги по Российской Федерации,100.04
2012-11-01,2012,11,ноябрь,total,Индексы потребительских цен на товары и услуги по Российской Федерации,100.34
2012-12-01,2012,12,декабрь,food,Индексы потребительских цен на продовольственные товары по Российской Федерации,100.88
2012-12-01,2012,12,декабрь,non_food,Индексы потребительских цен на непродовольственные товары по Российской Федерации,100.27
2012-12-01,2012,12,декабрь,services,Индексы потребительских цен на услуги по Российской Федерации,100.44
2012-12-01,2012,12,декабрь,total,Индексы потребительских цен на товары и услуги по Российской Федерации,100.54
2013-01-01,2013,1,январь,food,Индексы потребительских цен на продовольственные товары по Российской Федерации,101.76
2013-01-01,2013,1,январь,non_food,Индексы потребительских цен на непродовольственные товары по Российской Федерации,100.42
2013-01-01,2013,1,январь,services,Индексы потребительских цен на услуги по Российской Федерации,100.64
2013-01-01,2013,1,январь,total,Индексы потребительских цен на товары и услуги по Российской Федерации,100.97
2013-02-01,2013,2,февраль,food,Индексы потребительских цен на продовольственные товары по Российской Федерации,100.81
2013-02-01,2013,2,февраль,non_food,Индексы потребительских цен на непродовольственные товары по Российской Федерации,100.44
2013-02-01,2013,2,февраль,services,Индексы потребительских цен на услуги по Российской Федерации,100.36
2013-02-01,2013,2,февраль,total,Индексы потребительских цен на товары и услуги по Российской Федерации,100.56
2013-03-01,2013,3,март,food,Индексы потребительских цен на продовольственные товары по Российской Федерации,100.41
2013-03-01,2013,3,март,non_food,Индексы потребительских цен на непродовольственные товары по Российской Федерации,100.4
2013-03-01,2013,3,март,services,Индексы потребительских цен на услуги по Российской Федерации,100.15
2013-03-01,2013,3,март,total,Индексы потребительских цен на товары и услуги по Российской Федерации,100.34
2013-04-01,2013,4,апрель,food,Индексы потребительских цен на продовольственные товары по Российской Федерации,100.7
2013-04-01,2013,4,апрель,non_food,Индексы потребительских цен на непродовольственные товары по Российской Федерации,100.35
2013-04-01,2013,4,апрель,services,Индексы потребительских цен на услуги по Российской Федерации,100.46
2013-04-01,2013,4,апрель,total,Индексы потребительских цен на товары и услуги по Российской Федерации,100.51
2013-05-01,2013,5,май,food,Индексы потребительских цен на продовольственные товары по Российской Федерации,100.95
2013-05-01,2013,5,май,non_food,Индексы потребительских цен на непродовольственные товары по Российской Федерации,100.25
2013-05-01,2013,5,май,services,Индексы потребительских цен на услуги по Российской Федерации,100.81
2013-05-01,2013,5,май,total,Индексы потребительских цен на товары и услуги по Российской Федерации,100.66
2013-06-01,2013,6,июнь,food,Индексы потребительских цен на продовольственные товары по Российской Федерации,100.5
2013-06-01,2013,6,июнь,non_food,Индексы потребительских цен на непродовольственные товары по Российской Федерации,100.2
2013-06-01,2013,6,июнь,services,Индексы потребительских цен на услуги по Российской Федерации,100.6
2013-06-01,2013,6,июнь,total,Индексы потребительских цен на товары и услуги по Российской Федерации,100.42
2013-07-01,2013,7,июль,food,Индексы потребительских цен на продовольственные товары по Российской Федерации,99.95
2013-07-01,2013,7,июль,non_food,Индексы потребительских цен на непродовольственные товары по Российской Федерации,100.14
2013-07-01,2013,7,июль,services,Индексы потребительских цен на услуги по Российской Федерации,103.08
2013-07-01,2013,7,июль,total,Индексы потребительских цен на товары и услуги по Российской Федерации,100.82
2013-08-01,2013,8,август,food,Индексы потребительских цен на продовольственные товары по Российской Федерации,99.25
2013-08-01,2013,8,август,non_food,Индексы потребительских цен на непродовольственные товары по Российской Федерации,100.53
2013-08-01,2013,8,август,services,Индексы потребительских цен на услуги по Российской Федерации,100.87
2013-08-01,2013,8,август,total,Индексы потребительских цен на товары и услуги по Российской Федерации,100.14
2013-09-01,2013,9,сентябрь,food,Индексы потребительских цен на продовольственные товары по Российской Федерации,99.98
2013-09-01,2013,9,сентябрь,non_food,Индексы потребительских цен на непродовольственные товары по Российской Федерации,100.52
2013-09-01,2013,9,сентябрь,services,Индексы потребительских цен на услуги по Российской Федерации,100.11
2013-09-01,2013,9,сентябрь,total,Индексы потребительских цен на товары и услуги по Российской Федерации,100.21
2013-10-01,2013,10,октябрь,food,Индексы потребительских цен на продовольственные товары по Российской Федерации,101.11
2013-10-01,2013,10,октябрь,non_food,Индексы потребительских цен на непродовольственные товары по Российской Федерации,100.49
2013-10-01,2013,10,октябрь,services,Индексы потребительских цен на услуги по Российской Федерации,99.91
2013-10-01,2013,10,октябрь,total,Индексы потребительских цен на товары и услуги по Российской Федерации,100.57
2013-11-01,2013,11,ноябрь,food,Индексы потребительских цен на продовольственные товары по Российской Федерации,100.94
2013-11-01,2013,11,ноябрь,non_food,Индексы потребительских цен на непродовольственные товары по Российской Федерации,100.43
2013-11-01,2013,11,ноябрь,services,Индексы потребительских цен на услуги по Российской Федерации,100.21
2013-11-01,2013,11,ноябрь,total,Индексы потребительских цен на товары и услуги по Российской Федерации,100.56
2013-12-01,2013,12,декабрь,food,Индексы потребительских цен на продовольственные товары по Российской Федерации,100.75
2013-12-01,2013,12,декабрь,non_food,Индексы потребительских цен на непродовольственные товары по Российской Федерации,100.22
2013-12-01,2013,12,декабрь,services,Индексы потребительских цен на услуги по Российской Федерации,100.58
2013-12-01,2013,12,декабрь,total,Индексы потребительских цен на товары и услуги по Российской Федерации,100.51
2014-01-01,2014,1,январь,food,Индексы потребительских цен на продовольственные товары по Российской Федерации,101.02
2014-01-01,2014,1,январь,non_food,Индексы потребительских цен на непродовольственные товары по Российской Федерации,100.27
2014-01-01,2014,1,январь,services,Индексы потребительских цен на услуги по Российской Федерации,100.47
2014-01-01,2014,1,январь,total,Индексы потребительских цен на товары и услуги по Российской Федерации,100.59
2014-02-01,2014,2,февраль,food,Индексы потребительских цен на продовольственные товары по Российской Федерации,101.18
2014-02-01,2014,2,февраль,non_food,Индексы потребительских цен на непродовольственные товары по Российской Федерации,100.41
2014-02-01,2014,2,февраль,services,Индексы потребительских цен на услуги по Российской Федерации,100.43
2014-02-01,2014,2,февраль,total,Индексы потребительских цен на товары и услуги по Российской Федерации,100.7
2014-03-01,2014,3,март,food,Индексы потребительских цен на продовольственные товары по Российской Федерации,101.76
2014-03-01,2014,3,март,non_food,Индексы потребительских цен на непродовольственные товары по Российской Федерации,100.68
2014-03-01,2014,3,март,services,Индексы потребительских цен на услуги по Российской Федерации,100.46
2014-03-01,2014,3,март,total,Индексы потребительских цен на товары и услуги по Российской Федерации,101.02
2014-04-01,2014,4,апрель,food,Индексы потребительских цен на продовольственные товары по Российской Федерации,101.29
2014-04-01,2014,4,апрель,non_food,Индексы потребительских цен на непродовольственные товары по Российской Федерации,100.64
2014-04-01,2014,4,апрель,services,Индексы потребительских цен на услуги по Российской Федерации,100.71
2014-04-01,2014,4,апрель,total,Индексы потребительских цен на товары и услуги по Российской Федерации,100.9
2014-05-01,2014,5,май,food,Индексы потребительских цен на продовольственные товары по Российской Федерации,101.45
2014-05-01,2014,5,май,non_food,Индексы потребительских цен на непродовольственные товары по Российской Федерации,100.46
2014-05-01,2014,5,май,services,Индексы потребительских цен на услуги по Российской Федерации,100.75
2014-05-01,2014,5,май,total,Индексы потребительских цен на товары и услуги по Российской Федерации,100.9
2014-06-01,2014,6,июнь,food,Индексы потребительских цен на продовольственные товары по Российской Федерации,100.69
2014-06-01,2014,6,июнь,non_food,Индексы потребительских цен на непродовольственные товары по Российской Федерации,100.37
2014-06-01,2014,6,июнь,services,Индексы потребительских цен на услуги по Российской Федерации,100.87
2014-06-01,2014,6,июнь,total,Индексы потребительских цен на товары и услуги по Российской Федерации,100.62
2014-07-01,2014,7,июль,food,Индексы потребительских цен на продовольственные товары по Российской Федерации,99.94
2014-07-01,2014,7,июль,non_food,Индексы потребительских цен на непродовольственные товары по Российской Федерации,100.4
2014-07-01,2014,7,июль,services,Индексы потребительских цен на услуги по Российской Федерации,101.41
2014-07-01,2014,7,июль,total,Индексы потребительских цен на товары и услуги по Российской Федерации,100.49
2014-08-01,2014,8,август,food,Индексы потребительских цен на продовольственные товары по Российской Федерации,99.74
2014-08-01,2014,8,август,non_food,Индексы потребительских цен на непродовольственные товары по Российской Федерации,100.47
2014-08-01,2014,8,август,services,Индексы потребительских цен на услуги по Российской Федерации,100.65
2014-08-01,2014,8,август,total,Индексы потребительских цен на товары и услуги по Российской Федерации,100.24
2014-09-01,2014,9,сентябрь,food,Индексы потребительских цен на продовольственные товары по Российской Федерации,101.0
2014-09-01,2014,9,сентябрь,non_food,Индексы потребительских цен на непродовольственные товары по Российской Федерации,100.55
2014-09-01,2014,9,сентябрь,services,Индексы потребительских цен на услуги по Российской Федерации,100.28
2014-09-01,2014,9,сентябрь,total,Индексы потребительских цен на товары и услуги по Российской Федерации,100.65
2014-10-01,2014,10,октябрь,food,Индексы потребительских цен на продовольственные товары по Российской Федерации,101.17
2014-10-01,2014,10,октябрь,non_food,Индексы потребительских цен на непродовольственные товары по Российской Федерации,100.64
2014-10-01,2014,10,октябрь,services,Индексы потребительских цен на услуги по Российской Федерации,100.57
2014-10-01,2014,10,октябрь,total,Индексы потребительских цен на товары и услуги по Российской Федерации,100.82
2014-11-01,2014,11,ноябрь,food,Индексы потребительских цен на продовольственные товары по Российской Федерации,101.99
2014-11-01,2014,11,ноябрь,non_food,Индексы потребительских цен на непродовольственные товары по Российской Федерации,100.64
2014-11-01,2014,11,ноябрь,services,Индексы потребительских цен на услуги по Российской Федерации,101.16
2014-11-01,2014,11,ноябрь,total,Индексы потребительских цен на товары и услуги по Российской Федерации,101.28
2014-12-01,2014,12,декабрь,food,Индексы потребительских цен на продовольственные товары по Российской Федерации,103.25
2014-12-01,2014,12,декабрь,non_food,Индексы потребительских цен на непродовольственные товары по Российской Федерации,102.25
2014-12-01,2014,12,декабрь,services,Индексы потребительских цен на услуги по Российской Федерации,102.24
2014-12-01,2014,12,декабрь,total,Индексы потребительских цен на товары и услуги по Российской Федерации,102.62
2015-01-01,2015,1,январь,food,Индексы потребительских цен на продовольственные товары по Российской Федерации,105.66
2015-01-01,2015,1,январь,non_food,Индексы потребительских цен на непродовольственные товары по Российской Федерации,103.2
2015-01-01,2015,1,январь,services,Индексы потребительских цен на услуги по Российской Федерации,102.16
2015-01-01,2015,1,январь,total,Индексы потребительских цен на товары и услуги по Российской Федерации,103.85
2015-02-01,2015,2,февраль,food,Индексы потребительских цен на продовольственные товары по Российской Федерации,103.29
2015-02-01,2015,2,февраль,non_food,Индексы потребительских цен на непродовольственные товары по Российской Федерации,102.06
2015-02-01,2015,2,февраль,services,Индексы потребительских цен на услуги по Российской Федерации,100.83
2015-02-01,2015,2,февраль,total,Индексы потребительских цен на товары и услуги по Российской Федерации,102.22
2015-03-01,2015,3,март,food,Индексы потребительских цен на продовольственные товары по Российской Федерации,101.57
2015-03-01,2015,3,март,non_food,Индексы потребительских цен на непродовольственные товары по Российской Федерации,101.43
2015-03-01,2015,3,март,services,Индексы потребительских цен на услуги по Российской Федерации,100.31
2015-03-01,2015,3,март,total,Индексы потребительских цен на товары и услуги по Российской Федерации,101.21
2015-04-01,2015,4,апрель,food,Индексы потребительских цен на продовольственные товары по Российской Федерации,100.33
2015-04-01,2015,4,апрель,non_food,Индексы потребительских цен на непродовольственные товары по Российской Федерации,100.88
2015-04-01,2015,4,апрель,services,Индексы потребительских цен на услуги по Российской Федерации,100.02
2015-04-01,2015,4,апрель,total,Индексы потребительских цен на товары и услуги по Российской Федерации,100.46
2015-05-01,2015,5,май,food,Индексы потребительских цен на продовольственные товары по Российской Федерации,100.07
2015-05-01,2015,5,май,non_food,Индексы потребительских цен на непродовольственные товары по Российской Федерации,100.54
2015-05-01,2015,5,май,services,Индексы потребительских цен на услуги по Российской Федерации,100.5
2015-05-01,2015,5,май,total,Индексы потребительских цен на товары и услуги по Российской Федерации,100.35
2015-06-01,2015,6,июнь,food,Индексы потребительских цен на продовольственные товары по Российской Федерации,99.55
2015-06-01,2015,6,июнь,non_food,Индексы потребительских цен на непродовольственные товары по Российской Федерации,100.33
2015-06-01,2015,6,июнь,services,Индексы потребительских цен на услуги по Российской Федерации,100.97
2015-06-01,2015,6,июнь,total,Индексы потребительских цен на товары и услуги по Российской Федерации,100.19
2015-07-01,2015,7,июль,food,Индексы потребительских цен на продовольственные товары по Российской Федерации,99.73
2015-07-01,2015,7,июль,non_food,Индексы потребительских цен на непродовольственные товары по Российской Федерации,100.45
2015-07-01,2015,7,июль,services,Индексы потребительских цен на услуги по Российской Федерации,103.0
2015-07-01,2015,7,июль,total,Индексы потребительских цен на товары и услуги по Российской Федерации,100.8
2015-08-01,2015,8,август,food,Индексы потребительских цен на продовольственные товары по Российской Федерации,99.34
2015-08-01,2015,8,август,non_food,Индексы потребительских цен на непродовольственные товары по Российской Федерации,100.75
2015-08-01,2015,8,август,services,Индексы потребительских цен на услуги по Российской Федерации,101.27
2015-08-01,2015,8,август,total,Индексы потребительских цен на товары и услуги по Российской Федерации,100.35
2015-09-01,2015,9,сентябрь,food,Индексы потребительских цен на продовольственные товары по Российской Федерации,100.42
2015-09-01,2015,9,сентябрь,non_food,Индексы потребительских цен на непродовольственные товары по Российской Федерации,101.09
2015-09-01,2015,9,сентябрь,services,Индексы потребительских цен на услуги по Российской Федерации,100.02
2015-09-01,2015,9,сентябрь,total,Индексы потребительских цен на товары и услуги по Российской Федерации,100.57
2015-10-01,2015,10,октябрь,food,Индексы потребительских цен на продовольственные товары по Российской Федерации,101.04
2015-10-01,2015,10,октябрь,non_food,Индексы потребительских цен на непродовольственные товары по Российской Федерации,101.0
2015-10-01,2015,10,октябрь,services,Индексы потребительских цен на услуги по Российской Федерации,99.91
2015-10-01,2015,10,октябрь,total,Индексы потребительских цен на товары и услуги по Российской Федерации,100.74
2015-11-01,2015,11,ноябрь,food,Индексы потребительских цен на продовольственные товары по Российской Федерации,101.16
2015-11-01,2015,11,ноябрь,non_food,Индексы потребительских цен на непродовольственные товары по Российской Федерации,100.73
2015-11-01,2015,11,ноябрь,services,Индексы потребительских цен на услуги по Российской Федерации,100.16
2015-11-01,2015,11,ноябрь,total,Индексы потребительских цен на товары и услуги по Российской Федерации,100.75
2015-12-01,2015,12,декабрь,food,Индексы потребительских цен на продовольственные товары по Российской Федерации,101.18
2015-12-01,2015,12,декабрь,non_food,Индексы потребительских цен на непродовольственные товары по Российской Федерации,100.43
2015-12-01,2015,12,декабрь,services,Индексы потребительских цен на услуги по Российской Федерации,100.65
2015-12-01,2015,12,декабрь,total,Индексы потребительских цен на товары и услуги по Российской Федерации,100.77
2016-01-01,2016,1,январь,food,Индексы потребительских цен на продовольственные товары по Российской Федерации,101.19
2016-01-01,2016,1,январь,non_food,Индексы потребительских цен на непродовольственные товары по Российской Федерации,100.67
2016-01-01,2016,1,январь,services,Индексы потребительских цен на услуги по Российской Федерации,101.03
2016-01-01,2016,1,январь,total,Индексы потребительских цен на товары и услуги по Российской Федерации,100.96
2016-02-01,2016,2,февраль,food,Индексы потребительских цен на продовольственные товары по Российской Федерации,100.68
2016-02-01,2016,2,февраль,non_food,Индексы потребительских цен на непродовольственные товары по Российской Федерации,100.78
2016-02-01,2016,2,февраль,services,Индексы потребительских цен на услуги по Российской Федерации,100.34
2016-02-01,2016,2,февраль,total,Индексы потребительских цен на товары и услуги по Российской Федерации,100.63
2016-03-01,2016,3,март,food,Индексы потребительских цен на продовольственные товары по Российской Федерации,100.4
2016-03-01,2016,3,март,non_food,Индексы потребительских цен на непродовольственные товары по Российской Федерации,100.81
2016-03-01,2016,3,март,services,Индексы потребительских цен на услуги по Российской Федерации,100.06
2016-03-01,2016,3,март,total,Индексы потребительских цен на товары и услуги по Российской Федерации,100.46
2016-04-01,2016,4,апрель,food,Индексы потребительских цен на продовольственные товары по Российской Федерации,100.42
2016-04-01,2016,4,апрель,non_food,Индексы потребительских цен на непродовольственные товары по Российской Федерации,100.6
2016-04-01,2016,4,апрель,services,Индексы потребительских цен на услуги по Российской Федерации,100.25
2016-04-01,2016,4,апрель,total,Индексы потребительских цен на товары и услуги по Российской Федерации,100.44
2016-05-01,2016,5,май,food,Индексы потребительских цен на продовольственные товары по Российской Федерации,100.37
2016-05-01,2016,5,май,non_food,Индексы потребительских цен на непродовольственные товары по Российской Федерации,100.42
2016-05-01,2016,5,май,services,Индексы потребительских цен на услуги по Российской Федерации,100.46
2016-05-01,2016,5,май,total,Индексы потребительских цен на товары и услуги по Российской Федерации,100.41
2016-06-01,2016,6,июнь,food,Индексы потребительских цен на продовольственные товары по Российской Федерации,100.12
2016-06-01,2016,6,июнь,non_food,Индексы потребительских цен на непродовольственные товары по Российской Федерации,100.46
2016-06-01,2016,6,июнь,services,Индексы потребительских цен на услуги по Российской Федерации,100.56
2016-06-01,2016,6,июнь,total,Индексы потребительских цен на товары и услуги по Российской Федерации,100.36
2016-07-01,2016,7,июль,food,Индексы потребительских цен на продовольственные товары по Российской Федерации,99.96
2016-07-01,2016,7,июль,non_food,Индексы потребительских цен на непродовольственные товары по Российской Федерации,100.37
2016-07-01,2016,7,июль,services,Индексы потребительских цен на услуги по Российской Федерации,101.65
2016-07-01,2016,7,июль,total,Индексы потребительских цен на товары и услуги по Российской Федерации,100.54
2016-08-01,2016,8,август,food,Индексы потребительских цен на продовольственные товары по Российской Федерации,99.41
2016-08-01,2016,8,август,non_food,Индексы потребительских цен на непродовольственные товары по Российской Федерации,100.41
2016-08-01,2016,8,август,services,Индексы потребительских цен на услуги по Российской Федерации,100.33
2016-08-01,2016,8,август,total,Индексы потребительских цен на товары и услуги по Российской Федерации,100.01
2016-09-01,2016,9,сентябрь,food,Индексы потребительских цен на продовольственные товары по Российской Федерации,99.86
2016-09-01,2016,9,сентябрь,non_food,Индексы потребительских цен на непродовольственные товары по Российской Федерации,100.56
2016-09-01,2016,9,сентябрь,services,Индексы потребительских цен на услуги по Российской Федерации,100.09
2016-09-01,2016,9,сентябрь,total,Индексы потребительских цен на товары и услуги по Российской Федерации,100.17
2016-10-01,2016,10,октябрь,food,Индексы потребительских цен на продовольственные товары по Российской Федерации,100.78
2016-10-01,2016,10,октябрь,non_food,Индексы потребительских цен на непродовольственные товары по Российской Федерации,100.54
2016-10-01,2016,10,октябрь,services,Индексы потребительских цен на услуги по Российской Федерации,99.74
2016-10-01,2016,10,октябрь,total,Индексы потребительских цен на товары и услуги по Российской Федерации,100.43
2016-11-01,2016,11,ноябрь,food,Индексы потребительских цен на продовольственные товары по Российской Федерации,100.72
2016-11-01,2016,11,ноябрь,non_food,Индексы потребительских цен на непродовольственные товары по Российской Федерации,100.43
2016-11-01,2016,11,ноябрь,services,Индексы потребительских цен на услуги по Российской Федерации,100.04
2016-11-01,2016,11,ноябрь,total,Индексы потребительских цен на товары и услуги по Российской Федерации,100.44
2016-12-01,2016,12,декабрь,food,Индексы потребительских цен на продовольственные товары по Российской Федерации,100.58
2016-12-01,2016,12,декабрь,non_food,Индексы потребительских цен на непродовольственные товары по Российской Федерации,100.3
2016-12-01,2016,12,декабрь,services,Индексы потребительских цен на услуги по Российской Федерации,100.27
2016-12-01,2016,12,декабрь,total,Индексы потребительских цен на товары и услуги по Российской Федерации,100.4
2017-01-01,2017,1,январь,food,Индексы потребительских цен на продовольственные товары по Российской Федерации,100.85
2017-01-01,2017,1,январь,non_food,Индексы потребительских цен на непродовольственные товары по Российской Федерации,100.47
2017-01-01,2017,1,январь,services,Индексы потребительских цен на услуги по Российской Федерации,100.51
2017-01-01,2017,1,январь,total,Индексы потребительских цен на товары и услуги по Российской Федерации,100.62
2017-02-01,2017,2,февраль,food,Индексы потребительских цен на продовольственные товары по Российской Федерации,100.2
2017-02-01,2017,2,февраль,non_food,Индексы потребительских цен на непродовольственные товары по Российской Федерации,100.2
2017-02-01,2017,2,февраль,services,Индексы потребительских цен на услуги по Российской Федерации,100.28
2017-02-01,2017,2,февраль,total,Индексы потребительских цен на товары и услуги по Российской Федерации,100.22
2017-03-01,2017,3,март,food,Индексы потребительских цен на продовольственные товары по Российской Федерации,100.14
2017-03-01,2017,3,март,non_food,Индексы потребительских цен на непродовольственные товары по Российской Федерации,100.22
2017-03-01,2017,3,март,services,Индексы потребительских цен на услуги по Российской Федерации,100.0
2017-03-01,2017,3,март,total,Индексы потребительских цен на товары и услуги по Российской Федерации,100.13
2017-04-01,2017,4,апрель,food,Индексы потребительских цен на продовольственные товары по Российской Федерации,100.6
2017-04-01,2017,4,апрель,non_food,Индексы потребительских цен на непродовольственные товары по Российской Федерации,100.17
2017-04-01,2017,4,апрель,services,Индексы потребительских цен на услуги по Российской Федерации,100.16
2017-04-01,2017,4,апрель,total,Индексы потребительских цен на товары и услуги по Российской Федерации,100.33
2017-05-01,2017,5,май,food,Индексы потребительских цен на продовольственные товары по Российской Федерации,100.59
2017-05-01,2017,5,май,non_food,Индексы потребительских цен на непродовольственные товары по Российской Федерации,100.15
2017-05-01,2017,5,май,services,Индексы потребительских цен на услуги по Российской Федерации,100.35
2017-05-01,2017,5,май,total,Индексы потребительских цен на товары и услуги по Российской Федерации,100.37
2017-06-01,2017,6,июнь,food,Индексы потребительских цен на продовольственные товары по Российской Федерации,101.02
2017-06-01,2017,6,июнь,non_food,Индексы потребительских цен на непродовольственные товары по Российской Федерации,100.11
2017-06-01,2017,6,июнь,services,Индексы потребительских цен на услуги по Российской Федерации,100.68
2017-06-01,2017,6,июнь,total,Индексы потребительских цен на товары и услуги по Российской Федерации,100.61
2017-07-01,2017,7,июль,food,Индексы потребительских цен на продовольственные товары по Российской Федерации,99.03
2017-07-01,2017,7,июль,non_food,Индексы потребительских цен на непродовольственные товары по Российской Федерации,100.08
2017-07-01,2017,7,июль,services,Индексы потребительских цен на услуги по Российской Федерации,101.59
2017-07-01,2017,7,июль,total,Индексы потребительских цен на товары и услуги по Российской Федерации,100.07
2017-08-01,2017,8,август,food,Индексы потребительских цен на продовольственные товары по Российской Федерации,98.2
2017-08-01,2017,8,август,non_food,Индексы потребительских цен на непродовольственные товары по Российской Федерации,100.14
2017-08-01,2017,8,август,services,Индексы потребительских цен на услуги по Российской Федерации,100.37
2017-08-01,2017,8,август,total,Индексы потребительских цен на товары и услуги по Российской Федерации,99.46
2017-09-01,2017,9,сентябрь,food,Индексы потребительских цен на продовольственные товары по Российской Федерации,99.29
2017-09-01,2017,9,сентябрь,non_food,Индексы потребительских цен на непродовольственные товары по Российской Федерации,100.25
2017-09-01,2017,9,сентябрь,services,Индексы потребительских цен на услуги по Российской Федерации,100.12
2017-09-01,2017,9,сентябрь,total,Индексы потребительских цен на товары и услуги по Российской Федерации,99.85
2017-10-01,2017,10,октябрь,food,Индексы потребительских цен на продовольственные товары по Российской Федерации,100.38
2017-10-01,2017,10,октябрь,non_food,Индексы потребительских цен на непродовольственные товары по Российской Федерации,100.3
2017-10-01,2017,10,октябрь,services,Индексы потребительских цен на услуги по Российской Федерации,99.8
2017-10-01,2017,10,октябрь,total,Индексы потребительских цен на товары и услуги по Российской Федерации,100.2
2017-11-01,2017,11,ноябрь,food,Индексы потребительских цен на продовольственные товары по Российской Федерации,100.2
2017-11-01,2017,11,ноябрь,non_food,Индексы потребительских цен на непродовольственные товары по Российской Федерации,100.32
2017-11-01,2017,11,ноябрь,services,Индексы потребительских цен на услуги по Российской Федерации,100.12
2017-11-01,2017,11,ноябрь,total,Индексы потребительских цен на товары и услуги по Российской Федерации,100.22
2017-12-01,2017,12,декабрь,food,Индексы потребительских цен на продовольственные товары по Российской Федерации,100.6
2017-12-01,2017,12,декабрь,non_food,Индексы потребительских цен на непродовольственные товары по Российской Федерации,100.31
2017-12-01,2017,12,декабрь,services,Индексы потребительских цен на услуги по Российской Федерации,100.32
2017-12-01,2017,12,декабрь,total,Индексы потребительских цен на товары и услуги по Российской Федерации,100.42
2018-01-01,2018,1,январь,food,Индексы потребительских цен на продовольственные товары по Российской Федерации,100.5
2018-01-01,2018,1,январь,non_food,Индексы потребительских цен на непродовольственные товары по Российской Федерации,100.3
2018-01-01,2018,1,январь,services,Индексы потребительских цен на услуги по Российской Федерации,100.08
2018-01-01,2018,1,январь,total,Индексы потребительских цен на товары и услуги по Российской Федерации,100.31
2018-02-01,2018,2,февраль,food,Индексы потребительских цен на продовольственные товары по Российской Федерации,100.35
2018-02-01,2018,2,февраль,non_food,Индексы потребительских цен на непродовольственные товары по Российской Федерации,100.13
2018-02-01,2018,2,февраль,services,Индексы потребительских цен на услуги по Российской Федерации,100.12
2018-02-01,2018,2,февраль,total,Индексы потребительских цен на товары и услуги по Российской Федерации,100.21
2018-03-01,2018,3,март,food,Индексы потребительских цен на продовольственные товары по Российской Федерации,100.53
2018-03-01,2018,3,март,non_food,Индексы потребительских цен на непродовольственные товары по Российской Федерации,100.16
2018-03-01,2018,3,март,services,Индексы потребительских цен на услуги по Российской Федерации,100.12
2018-03-01,2018,3,март,total,Индексы потребительских цен на товары и услуги по Российской Федерации,100.29
2018-04-01,2018,4,апрель,food,Индексы потребительских цен на продовольственные товары по Российской Федерации,100.43
2018-04-01,2018,4,апрель,non_food,Индексы потребительских цен на непродовольственные товары по Российской Федерации,100.37
2018-04-01,2018,4,апрель,services,Индексы потребительских цен на услуги по Российской Федерации,100.32
2018-04-01,2018,4,апрель,total,Индексы потребительских цен на товары и услуги по Российской Федерации,100.38
2018-05-01,2018,5,май,food,Индексы потребительских цен на продовольственные товары по Российской Федерации,99.94
2018-05-01,2018,5,май,non_food,Индексы потребительских цен на непродовольственные товары по Российской Федерации,100.88
2018-05-01,2018,5,май,services,Индексы потребительских цен на услуги по Российской Федерации,100.35
2018-05-01,2018,5,май,total,Индексы потребительских цен на товары и услуги по Российской Федерации,100.38
2018-06-01,2018,6,июнь,food,Индексы потребительских цен на продовольственные товары по Российской Федерации,100.38
2018-06-01,2018,6,июнь,non_food,Индексы потребительских цен на непродовольственные товары по Российской Федерации,100.41
2018-06-01,2018,6,июнь,services,Индексы потребительских цен на услуги по Российской Федерации,100.74
2018-06-01,2018,6,июнь,total,Индексы потребительских цен на товары и услуги по Российской Федерации,100.49
2018-07-01,2018,7,июль,food,Индексы потребительских цен на продовольственные товары по Российской Федерации,99.67
2018-07-01,2018,7,июль,non_food,Индексы потребительских цен на непродовольственные товары по Российской Федерации,100.12
2018-07-01,2018,7,июль,services,Индексы потребительских цен на услуги по Российской Федерации,101.28
2018-07-01,2018,7,июль,total,Индексы потребительских цен на товары и услуги по Российской Федерации,100.27
2018-08-01,2018,8,август,food,Индексы потребительских цен на продовольственные товары по Российской Федерации,99.62
2018-08-01,2018,8,август,non_food,Индексы потребительских цен на непродовольственные товары по Российской Федерации,100.22
2018-08-01,2018,8,август,services,Индексы потребительских цен на услуги по Российской Федерации,100.27
2018-08-01,2018,8,август,total,Индексы потребительских цен на товары и услуги по Российской Федерации,100.01
2018-09-01,2018,9,сентябрь,food,Индексы потребительских цен на продовольственные товары по Российской Федерации,99.92
2018-09-01,2018,9,сентябрь,non_food,Индексы потребительских цен на непродовольственные товары по Российской Федерации,100.36
2018-09-01,2018,9,сентябрь,services,Индексы потребительских цен на услуги по Российской Федерации,100.24
2018-09-01,2018,9,сентябрь,total,Индексы потребительских цен на товары и услуги по Российской Федерации,100.16
2018-10-01,2018,10,октябрь,food,Индексы потребительских цен на продовольственные товары по Российской Федерации,100.55
2018-10-01,2018,10,октябрь,non_food,Индексы потребительских цен на непродовольственные товары по Российской Федерации,100.45
2018-10-01,2018,10,октябрь,services,Индексы потребительских цен на услуги по Российской Федерации,99.94
2018-10-01,2018,10,октябрь,total,Индексы потребительских цен на товары и услуги по Российской Федерации,100.35
2018-11-01,2018,11,ноябрь,food,Индексы потребительских цен на продовольственные товары по Российской Федерации,100.99
2018-11-01,2018,11,ноябрь,non_food,Индексы потребительских цен на непродовольственные товары по Российской Федерации,100.39
2018-11-01,2018,11,ноябрь,services,Индексы потребительских цен на услуги по Российской Федерации,100.0
2018-11-01,2018,11,ноябрь,total,Индексы потребительских цен на товары и услуги по Российской Федерации,100.5
2018-12-01,2018,12,декабрь,food,Индексы потребительских цен на продовольственные товары по Российской Федерации,101.7
2018-12-01,2018,12,декабрь,non_food,Индексы потребительских цен на непродовольственные товары по Российской Федерации,100.24
2018-12-01,2018,12,декабрь,services,Индексы потребительских цен на услуги по Российской Федерации,100.42
2018-12-01,2018,12,декабрь,total,Индексы потребительских цен на товары и услуги по Российской Федерации,100.84
2019-01-01,2019,1,январь,food,Индексы потребительских цен на продовольственные товары по Российской Федерации,101.27
2019-01-01,2019,1,январь,non_food,Индексы потребительских цен на непродовольственные товары по Российской Федерации,100.64
2019-01-01,2019,1,январь,services,Индексы потребительских цен на услуги по Российской Федерации,101.13
2019-01-01,2019,1,январь,total,Индексы потребительских цен на товары и услуги по Российской Федерации,101.01
2019-02-01,2019,2,февраль,food,Индексы потребительских цен на продовольственные товары по Российской Федерации,100.79
2019-02-01,2019,2,февраль,non_food,Индексы потребительских цен на непродовольственные товары по Российской Федерации,100.26
2019-02-01,2019,2,февраль,services,Индексы потребительских цен на услуги по Российской Федерации,100.2
2019-02-01,2019,2,февраль,total,Индексы потребительских цен на товары и услуги по Российской Федерации,100.44
2019-03-01,2019,3,март,food,Индексы потребительских цен на продовольственные товары по Российской Федерации,100.53
2019-03-01,2019,3,март,non_food,Индексы потребительских цен на непродовольственные товары по Российской Федерации,100.25
2019-03-01,2019,3,март,services,Индексы потребительских цен на услуги по Российской Федерации,100.13
2019-03-01,2019,3,март,total,Индексы потребительских цен на товары и услуги по Российской Федерации,100.32
2019-04-01,2019,4,апрель,food,Индексы потребительских цен на продовольственные товары по Российской Федерации,100.43
2019-04-01,2019,4,апрель,non_food,Индексы потребительских цен на непродовольственные товары по Российской Федерации,100.19
2019-04-01,2019,4,апрель,services,Индексы потребительских цен на услуги по Российской Федерации,100.21
2019-04-01,2019,4,апрель,total,Индексы потребительских цен на товары и услуги по Российской Федерации,100.29
2019-05-01,2019,5,май,food,Индексы потребительских цен на продовольственные товары по Российской Федерации,100.41
2019-05-01,2019,5,май,non_food,Индексы потребительских цен на непродовольственные товары по Российской Федерации,100.21
2019-05-01,2019,5,май,services,Индексы потребительских цен на услуги по Российской Федерации,100.39
2019-05-01,2019,5,май,total,Индексы потребительских цен на товары и услуги по Российской Федерации,100.34
2019-06-01,2019,6,июнь,food,Индексы потребительских цен на продовольственные товары по Российской Федерации,99.52
2019-06-01,2019,6,июнь,non_food,Индексы потребительских цен на непродовольственные товары по Российской Федерации,100.17
2019-06-01,2019,6,июнь,services,Индексы потребительских цен на услуги по Российской Федерации,100.6
2019-06-01,2019,6,июнь,total,Индексы потребительских цен на товары и услуги по Российской Федерации,100.04
2019-07-01,2019,7,июль,food,Индексы потребительских цен на продовольственные товары по Российской Федерации,99.7
2019-07-01,2019,7,июль,non_food,Индексы потребительских цен на непродовольственные товары по Российской Федерации,100.17
2019-07-01,2019,7,июль,services,Индексы потребительских цен на услуги по Российской Федерации,100.93
2019-07-01,2019,7,июль,total,Индексы потребительских цен на товары и услуги по Российской Федерации,100.2
2019-08-01,2019,8,август,food,Индексы потребительских цен на продовольственные товары по Российской Федерации,99.09
2019-08-01,2019,8,август,non_food,Индексы потребительских цен на непродовольственные товары по Российской Федерации,100.17
2019-08-01,2019,8,август,services,Индексы потребительских цен на услуги по Российской Федерации,100.18
2019-08-01,2019,8,август,total,Индексы потребительских цен на товары и услуги по Российской Федерации,99.76
2019-09-01,2019,9,сентябрь,food,Индексы потребительских цен на продовольственные товары по Российской Федерации,99.56
2019-09-01,2019,9,сентябрь,non_food,Индексы потребительских цен на непродовольственные товары по Российской Федерации,100.19
2019-09-01,2019,9,сентябрь,services,Индексы потребительских цен на услуги по Российской Федерации,99.77
2019-09-01,2019,9,сентябрь,total,Индексы потребительских цен на товары и услуги по Российской Федерации,99.84
2019-10-01,2019,10,октябрь,food,Индексы потребительских цен на продовольственные товары по Российской Федерации,100.18
2019-10-01,2019,10,октябрь,non_food,Индексы потребительских цен на непродовольственные товары по Российской Федерации,100.31
2019-10-01,2019,10,октябрь,services,Индексы потребительских цен на услуги по Российской Федерации,99.82
2019-10-01,2019,10,октябрь,total,Индексы потребительских цен на товары и услуги по Российской Федерации,100.13
2019-11-01,2019,11,ноябрь,food,Индексы потребительских цен на продовольственные товары по Российской Федерации,100.45
2019-11-01,2019,11,ноябрь,non_food,Индексы потребительских цен на непродовольственные товары по Российской Федерации,100.23
2019-11-01,2019,11,ноябрь,services,Индексы потребительских цен на услуги по Российской Федерации,100.11
2019-11-01,2019,11,ноябрь,total,Индексы потребительских цен на товары и услуги по Российской Федерации,100.28
2019-12-01,2019,12,декабрь,food,Индексы потребительских цен на продовольственные товары по Российской Федерации,100.65
2019-12-01,2019,12,декабрь,non_food,Индексы потребительских цен на непродовольственные товары по Российской Федерации,100.14
2019-12-01,2019,12,декабрь,services,Индексы потребительских цен на услуги по Российской Федерации,100.24
2019-12-01,2019,12,декабрь,total,Индексы потребительских цен на товары и услуги по Российской Федерации,100.36
2020-01-01,2020,1,январь,food,Индексы потребительских цен на продовольственные товары по Российской Федерации,100.69
2020-01-01,2020,1,январь,non_food,Индексы потребительских цен на непродовольственные товары по Российской Федерации,100.23
2020-01-01,2020,1,январь,services,Индексы потребительских цен на услуги по Российской Федерации,100.24
2020-01-01,2020,1,январь,total,Индексы потребительских цен на товары и услуги по Российской Федерации,100.4
2020-02-01,2020,2,февраль,food,Индексы потребительских цен на продовольственные товары по Российской Федерации,100.57
2020-02-01,2020,2,февраль,non_food,Индексы потребительских цен на непродовольственные товары по Российской Федерации,100.04
2020-02-01,2020,2,февраль,services,Индексы потребительских цен на услуги по Российской Федерации,100.37
2020-02-01,2020,2,февраль,total,Индексы потребительских цен на товары и услуги по Российской Федерации,100.33
2020-03-01,2020,3,март,food,Индексы потребительских цен на продовольственные товары по Российской Федерации,100.96
2020-03-01,2020,3,март,non_food,Индексы потребительских цен на непродовольственные товары по Российской Федерации,100.48
2020-03-01,2020,3,март,services,Индексы потребительских цен на услуги по Российской Федерации,100.09
2020-03-01,2020,3,март,total,Индексы потребительских цен на товары и услуги по Российской Федерации,100.55
2020-04-01,2020,4,апрель,food,Индексы потребительских цен на продовольственные товары по Российской Федерации,101.72
2020-04-01,2020,4,апрель,non_food,Индексы потребительских цен на непродовольственные товары по Российской Федерации,100.44
2020-04-01,2020,4,апрель,services,Индексы потребительских цен на услуги по Российской Федерации,100.12
2020-04-01,2020,4,апрель,total,Индексы потребительских цен на товары и услуги по Российской Федерации,100.83
2020-05-01,2020,5,май,food,Индексы потребительских цен на продовольственные товары по Российской Федерации,100.16
2020-05-01,2020,5,май,non_food,Индексы потребительских цен на непродовольственные товары по Российской Федерации,100.25
2020-05-01,2020,5,май,services,Индексы потребительских цен на услуги по Российской Федерации,100.46
2020-05-01,2020,5,май,total,Индексы потребительских цен на товары и услуги по Российской Федерации,100.27
2020-06-01,2020,6,июнь,food,Индексы потребительских цен на продовольственные товары по Российской Федерации,100.17
2020-06-01,2020,6,июнь,non_food,Индексы потребительских цен на непродовольственные товары по Российской Федерации,100.34
2020-06-01,2020,6,июнь,services,Индексы потребительских цен на услуги по Российской Федерации,100.12
2020-06-01,2020,6,июнь,total,Индексы потребительских цен на товары и услуги по Российской Федерации,100.22
2020-07-01,2020,7,июль,food,Индексы потребительских цен на продовольственные товары по Российской Федерации,99.93
2020-07-01,2020,7,июль,non_food,Индексы потребительских цен на непродовольственные товары по Российской Федерации,100.29
2020-07-01,2020,7,июль,services,Индексы потребительских цен на услуги по Российской Федерации,100.99
2020-07-01,2020,7,июль,total,Индексы потребительских цен на товары и услуги по Российской Федерации,100.35
2020-08-01,2020,8,август,food,Индексы потребительских цен на продовольственные товары по Российской Федерации,99.23
2020-08-01,2020,8,август,non_food,Индексы потребительских цен на непродовольственные товары по Российской Федерации,100.41
2020-08-01,2020,8,август,services,Индексы потребительских цен на услуги по Российской Федерации,100.37
2020-08-01,2020,8,август,total,Индексы потребительских цен на товары и услуги по Российской Федерации,99.96
2020-09-01,2020,9,сентябрь,food,Индексы потребительских цен на продовольственные товары по Российской Федерации,99.59
2020-09-01,2020,9,сентябрь,non_food,Индексы потребительских цен на непродовольственные товары по Российской Федерации,100.56
2020-09-01,2020,9,сентябрь,services,Индексы потребительских цен на услуги по Российской Федерации,99.58
2020-09-01,2020,9,сентябрь,total,Индексы потребительских цен на товары и услуги по Российской Федерации,99.93
2020-10-01,2020,10,октябрь,food,Индексы потребительских цен на продовольственные товары по Российской Федерации,100.62
2020-10-01,2020,10,октябрь,non_food,Индексы потребительских цен на непродовольственные товары по Российской Федерации,100.68
2020-10-01,2020,10,октябрь,services,Индексы потребительских цен на услуги по Российской Федерации,99.87
2020-10-01,2020,10,октябрь,total,Индексы потребительских цен на товары и услуги по Российской Федерации,100.43
2020-11-01,2020,11,ноябрь,food,Индексы потребительских цен на продовольственные товары по Российской Федерации,101.34
2020-11-01,2020,11,ноябрь,non_food,Индексы потребительских цен на непродовольственные товары по Российской Федерации,100.58
2020-11-01,2020,11,ноябрь,services,Индексы потребительских цен на услуги по Российской Федерации,100.05
2020-11-01,2020,11,ноябрь,total,Индексы потребительских цен на товары и услуги по Российской Федерации,100.71
2020-12-01,2020,12,декабрь,food,Индексы потребительских цен на продовольственные товары по Российской Федерации,101.53
2020-12-01,2020,12,декабрь,non_food,Индексы потребительских цен на непродовольственные товары по Российской Федерации,100.4
2020-12-01,2020,12,декабрь,services,Индексы потребительских цен на услуги по Российской Федерации,100.42
2020-12-01,2020,12,декабрь,total,Индексы потребительских цен на товары и услуги по Российской Федерации,100.83
2021-01-01,2021,1,январь,food,Индексы потребительских цен на продовольственные товары по Российской Федерации,101.01
2021-01-01,2021,1,январь,non_food,Индексы потребительских цен на непродовольственные товары по Российской Федерации,100.53
2021-01-01,2021,1,январь,services,Индексы потребительских цен на услуги по Российской Федерации,100.38
2021-01-01,2021,1,январь,total,Индексы потребительских цен на товары и услуги по Российской Федерации,100.67
2021-02-01,2021,2,февраль,food,Индексы потребительских цен на продовольственные товары по Российской Федерации,101.22
2021-02-01,2021,2,февраль,non_food,Индексы потребительских цен на непродовольственные товары по Российской Федерации,100.58
2021-02-01,2021,2,февраль,services,Индексы потребительских цен на услуги по Российской Федерации,100.44
2021-02-01,2021,2,февраль,total,Индексы потребительских цен на товары и услуги по Российской Федерации,100.78
2021-03-01,2021,3,март,food,Индексы потребительских цен на продовольственные товары по Российской Федерации,100.82
2021-03-01,2021,3,март,non_food,Индексы потребительских цен на непродовольственные товары по Российской Федерации,100.72
2021-03-01,2021,3,март,services,Индексы потребительских цен на услуги по Российской Федерации,100.37
2021-03-01,2021,3,март,total,Индексы потребительских цен на товары и услуги по Российской Федерации,100.66
2021-04-01,2021,4,апрель,food,Индексы потребительских цен на продовольственные товары по Российской Федерации,100.75
2021-04-01,2021,4,апрель,non_food,Индексы потребительских цен на непродовольственные товары по Российской Федерации,100.66
2021-04-01,2021,4,апрель,services,Индексы потребительских цен на услуги по Российской Федерации,100.22
2021-04-01,2021,4,апрель,total,Индексы потребительских цен на товары и услуги по Российской Федерации,100.58
2021-05-01,2021,5,май,food,Индексы потребительских цен на продовольственные товары по Российской Федерации,100.96
2021-05-01,2021,5,май,non_food,Индексы потребительских цен на непродовольственные товары по Российской Федерации,100.74
2021-05-01,2021,5,май,services,Индексы потребительских цен на услуги по Российской Федерации,100.44
2021-05-01,2021,5,май,total,Индексы потребительских цен на товары и услуги по Российской Федерации,100.74
2021-06-01,2021,6,июнь,food,Индексы потребительских цен на продовольственные товары по Российской Федерации,100.64
2021-06-01,2021,6,июнь,non_food,Индексы потребительских цен на непродовольственные товары по Российской Федерации,100.68
2021-06-01,2021,6,июнь,services,Индексы потребительских цен на услуги по Российской Федерации,100.76
2021-06-01,2021,6,июнь,total,Индексы потребительских цен на товары и услуги по Российской Федерации,100.69
2021-07-01,2021,7,июль,food,Индексы потребительских цен на продовольственные товары по Российской Федерации,99.5
2021-07-01,2021,7,июль,non_food,Индексы потребительских цен на непродовольственные товары по Российской Федерации,100.77
2021-07-01,2021,7,июль,services,Индексы потребительских цен на услуги по Российской Федерации,100.88
2021-07-01,2021,7,июль,total,Индексы потребительских цен на товары и услуги по Российской Федерации,100.31
2021-08-01,2021,8,август,food,Индексы потребительских цен на продовольственные товары по Российской Федерации,99.49
2021-08-01,2021,8,август,non_food,Индексы потребительских цен на непродовольственные товары по Российской Федерации,100.8
2021-08-01,2021,8,август,services,Индексы потребительских цен на услуги по Российской Федерации,100.32
2021-08-01,2021,8,август,total,Индексы потребительских цен на товары и услуги по Российской Федерации,100.17
2021-09-01,2021,9,сентябрь,food,Индексы потребительских цен на продовольственные товары по Российской Федерации,100.99
2021-09-01,2021,9,сентябрь,non_food,Индексы потребительских цен на непродовольственные товары по Российской Федерации,100.64
2021-09-01,2021,9,сентябрь,services,Индексы потребительских цен на услуги по Российской Федерации,100.0
2021-09-01,2021,9,сентябрь,total,Индексы потребительских цен на товары и услуги по Российской Федерации,100.6
2021-10-01,2021,10,октябрь,food,Индексы потребительских цен на продовольственные товары по Российской Федерации,102.17
2021-10-01,2021,10,октябрь,non_food,Индексы потребительских цен на непродовольственные товары по Российской Федерации,100.78
2021-10-01,2021,10,октябрь,services,Индексы потребительских цен на услуги по Российской Федерации,100.01
2021-10-01,2021,10,октябрь,total,Индексы потребительских цен на товары и услуги по Российской Федерации,101.11
2021-11-01,2021,11,ноябрь,food,Индексы потребительских цен на продовольственные товары по Российской Федерации,101.27
2021-11-01,2021,11,ноябрь,non_food,Индексы потребительских цен на непродовольственные товары по Российской Федерации,100.72
2021-11-01,2021,11,ноябрь,services,Индексы потребительских цен на услуги по Российской Федерации,100.81
2021-11-01,2021,11,ноябрь,total,Индексы потребительских цен на товары и услуги по Российской Федерации,100.96
2021-12-01,2021,12,декабрь,food,Индексы потребительских цен на продовольственные товары по Российской Федерации,101.36
2021-12-01,2021,12,декабрь,non_food,Индексы потребительских цен на непродовольственные товары по Российской Федерации,100.64
2021-12-01,2021,12,декабрь,services,Индексы потребительских цен на услуги по Российской Федерации,100.26
2021-12-01,2021,12,декабрь,total,Индексы потребительских цен на товары и услуги по Российской Федерации,100.82
2022-01-01,2022,1,январь,food,Индексы потребительских цен на продовольственные товары по Российской Федерации,101.44
2022-01-01,2022,1,январь,non_food,Индексы потребительских цен на непродовольственные товары по Российской Федерации,100.67
2022-01-01,2022,1,январь,services,Индексы потребительских цен на услуги по Российской Федерации,100.76
2022-01-01,2022,1,январь,total,Индексы потребительских цен на товары и услуги по Российской Федерации,100.99
2022-02-01,2022,2,февраль,food,Индексы потребительских цен на продовольственные товары по Российской Федерации,101.56
2022-02-01,2022,2,февраль,non_food,Индексы потребительских цен на непродовольственные товары по Российской Федерации,100.78
2022-02-01,2022,2,февраль,services,Индексы потребительских цен на услуги по Российской Федерации,101.13
2022-02-01,2022,2,февраль,total,Индексы потребительских цен на товары и услуги по Российской Федерации,101.17
2022-03-01,2022,3,март,food,Индексы потребительских цен на продовольственные товары по Российской Федерации,106.73
2022-03-01,2022,3,март,non_food,Индексы потребительских цен на непродовольственные товары по Российской Федерации,111.25
2022-03-01,2022,3,март,services,Индексы потребительских цен на услуги по Российской Федерации,103.99
2022-03-01,2022,3,март,total,Индексы потребительских цен на товары и услуги по Российской Федерации,107.61
2022-04-01,2022,4,апрель,food,Индексы потребительских цен на продовольственные товары по Российской Федерации,102.87
2022-04-01,2022,4,апрель,non_food,Индексы потребительских цен на непродовольственные товары по Российской Федерации,100.53
2022-04-01,2022,4,апрель,services,Индексы потребительских цен на услуги по Российской Федерации,101.07
2022-04-01,2022,4,апрель,total,Индексы потребительских цен на товары и услуги по Российской Федерации,101.56
2022-05-01,2022,5,май,food,Индексы потребительских цен на продовольственные товары по Российской Федерации,100.6
2022-05-01,2022,5,май,non_food,Индексы потребительских цен на непродовольственные товары по Российской Федерации,99.91
2022-05-01,2022,5,май,services,Индексы потребительских цен на услуги по Российской Федерации,99.68
2022-05-01,2022,5,май,total,Индексы потребительских цен на товары и услуги по Российской Федерации,100.12
2022-06-01,2022,6,июнь,food,Индексы потребительских цен на продовольственные товары по Российской Федерации,98.9
2022-06-01,2022,6,июнь,non_food,Индексы потребительских цен на непродовольственные товары по Российской Федерации,99.59
2022-06-01,2022,6,июнь,services,Индексы потребительских цен на услуги по Российской Федерации,100.88
2022-06-01,2022,6,июнь,total,Индексы потребительских цен на товары и услуги по Российской Федерации,99.65
2022-07-01,2022,7,июль,food,Индексы потребительских цен на продовольственные товары по Российской Федерации,98.47
2022-07-01,2022,7,июль,non_food,Индексы потребительских цен на непродовольственные товары по Российской Федерации,99.56
2022-07-01,2022,7,июль,services,Индексы потребительских цен на услуги по Российской Федерации,101.41
2022-07-01,2022,7,июль,total,Индексы потребительских цен на товары и услуги по Российской Федерации,99.61
2022-08-01,2022,8,август,food,Индексы потребительских цен на продовольственные товары по Российской Федерации,98.64
2022-08-01,2022,8,август,non_food,Индексы потребительских цен на непродовольственные товары по Российской Федерации,99.95
2022-08-01,2022,8,август,services,Индексы потребительских цен на услуги по Российской Федерации,100.05
2022-08-01,2022,8,август,total,Индексы потребительских цен на товары и услуги по Российской Федерации,99.48
2022-09-01,2022,9,сентябрь,food,Индексы потребительских цен на продовольственные товары по Российской Федерации,99.62
2022-09-01,2022,9,сентябрь,non_food,Индексы потребительских цен на непродовольственные товары по Российской Федерации,100.15
2022-09-01,2022,9,сентябрь,services,Индексы потребительских цен на услуги по Российской Федерации,100.51
2022-09-01,2022,9,сентябрь,total,Индексы потребительских цен на товары и услуги по Российской Федерации,100.05
2022-10-01,2022,10,октябрь,food,Индексы потребительских цен на продовольственные товары по Российской Федерации,100.28
2022-10-01,2022,10,октябрь,non_food,Индексы потребительских цен на непродовольственные товары по Российской Федерации,100.04
2022-10-01,2022,10,октябрь,services,Индексы потребительских цен на услуги по Российской Федерации,100.24
2022-10-01,2022,10,октябрь,total,Индексы потребительских цен на товары и услуги по Российской Федерации,100.18
2022-11-01,2022,11,ноябрь,food,Индексы потребительских цен на продовольственные товары по Российской Федерации,100.4
2022-11-01,2022,11,ноябрь,non_food,Индексы потребительских цен на непродовольственные товары по Российской Федерации,100.06
2022-11-01,2022,11,ноябрь,services,Индексы потребительских цен на услуги по Российской Федерации,100.76
2022-11-01,2022,11,ноябрь,total,Индексы потребительских цен на товары и услуги по Российской Федерации,100.37
2022-12-01,2022,12,декабрь,food,Индексы потребительских цен на продовольственные товары по Российской Федерации,100.6
2022-12-01,2022,12,декабрь,non_food,Индексы потребительских цен на непродовольственные товары по Российской Федерации,100.05
2022-12-01,2022,12,декабрь,services,Индексы потребительских цен на услуги по Российской Федерации,102.04
2022-12-01,2022,12,декабрь,total,Индексы потребительских цен на товары и услуги по Российской Федерации,100.78
2023-01-01,2023,1,январь,food,Индексы потребительских цен на продовольственные товары по Российской Федерации,101.32
2023-01-01,2023,1,январь,non_food,Индексы потребительских цен на непродовольственные товары по Российской Федерации,100.21
2023-01-01,2023,1,январь,services,Индексы потребительских цен на услуги по Российской Федерации,101.01
2023-01-01,2023,1,январь,total,Индексы потребительских цен на товары и услуги по Российской Федерации,100.84
2023-02-01,2023,2,февраль,food,Индексы потребительских цен на продовольственные товары по Российской Федерации,100.79
2023-02-01,2023,2,февраль,non_food,Индексы потребительских цен на непродовольственные товары по Российской Федерации,99.92
2023-02-01,2023,2,февраль,services,Индексы потребительских цен на услуги по Российской Федерации,100.72
2023-02-01,2023,2,февраль,total,Индексы потребительских цен на товары и услуги по Российской Федерации,100.46
2023-03-01,2023,3,март,food,Индексы потребительских цен на продовольственные товары по Российской Федерации,100.13
2023-03-01,2023,3,март,non_food,Индексы потребительских цен на непродовольственные товары по Российской Федерации,100.14
2023-03-01,2023,3,март,services,Индексы потребительских цен на услуги по Российской Федерации,100.97
2023-03-01,2023,3,март,total,Индексы потребительских цен на товары и услуги по Российской Федерации,100.37
2023-04-01,2023,4,апрель,food,Индексы потребительских цен на продовольственные товары по Российской Федерации,100.29
2023-04-01,2023,4,апрель,non_food,Индексы потребительских цен на непродовольственные товары по Российской Федерации,100.15
2023-04-01,2023,4,апрель,services,Индексы потребительских цен на услуги по Российской Федерации,100.79
2023-04-01,2023,4,апрель,total,Индексы потребительских цен на товары и услуги по Российской Федерации,100.38
2023-05-01,2023,5,май,food,Индексы потребительских цен на продовольственные товары по Российской Федерации,99.69
2023-05-01,2023,5,май,non_food,Индексы потребительских цен на непродовольственные товары по Российской Федерации,100.34
2023-05-01,2023,5,май,services,Индексы потребительских цен на услуги по Российской Федерации,101.13
2023-05-01,2023,5,май,total,Индексы потребительских цен на товары и услуги по Российской Федерации,100.31
2023-06-01,2023,6,июнь,food,Индексы потребительских цен на продовольственные товары по Российской Федерации,99.99
2023-06-01,2023,6,июнь,non_food,Индексы потребительских цен на непродовольственные товары по Российской Федерации,100.42
2023-06-01,2023,6,июнь,services,Индексы потребительских цен на услуги по Российской Федерации,100.83
2023-06-01,2023,6,июнь,total,Индексы потребительских цен на товары и услуги по Российской Федерации,100.37
2023-07-01,2023,7,июль,food,Индексы потребительских цен на продовольственные товары по Российской Федерации,100.49
2023-07-01,2023,7,июль,non_food,Индексы потребительских цен на непродовольственные товары по Российской Федерации,100.91
2023-07-01,2023,7,июль,services,Индексы потребительских цен на услуги по Российской Федерации,100.48
2023-07-01,2023,7,июль,total,Индексы потребительских цен на товары и услуги по Российской Федерации,100.63
2023-08-01,2023,8,август,food,Индексы потребительских цен на продовольственные товары по Российской Федерации,99.94
2023-08-01,2023,8,август,non_food,Индексы потребительских цен на непродовольственные товары по Российской Федерации,101.14
2023-08-01,2023,8,август,services,Индексы потребительских цен на услуги по Российской Федерации,99.68
2023-08-01,2023,8,август,total,Индексы потребительских цен на товары и услуги по Российской Федерации,100.28
2023-09-01,2023,9,сентябрь,food,Индексы потребительских цен на продовольственные товары по Российской Федерации,100.86
2023-09-01,2023,9,сентябрь,non_food,Индексы потребительских цен на непродовольственные товары по Российской Федерации,101.09
2023-09-01,2023,9,сентябрь,services,Индексы потребительских цен на услуги по Российской Федерации,100.61
2023-09-01,2023,9,сентябрь,total,Индексы потребительских цен на товары и услуги по Российской Федерации,100.87
2023-10-01,2023,10,октябрь,food,Индексы потребительских цен на продовольственные товары по Российской Федерации,101.35
2023-10-01,2023,10,октябрь,non_food,Индексы потребительских цен на непродовольственные товары по Российской Федерации,100.55
2023-10-01,2023,10,октябрь,services,Индексы потребительских цен на услуги по Российской Федерации,100.48
2023-10-01,2023,10,октябрь,total,Индексы потребительских цен на товары и услуги по Российской Федерации,100.83
2023-11-01,2023,11,ноябрь,food,Индексы потребительских цен на продовольственные товары по Российской Федерации,101.55
2023-11-01,2023,11,ноябрь,non_food,Индексы потребительских цен на непродовольственные товары по Российской Федерации,100.53
2023-11-01,2023,11,ноябрь,services,Индексы потребительских цен на услуги по Российской Федерации,101.23
2023-11-01,2023,11,ноябрь,total,Индексы потребительских цен на товары и услуги по Российской Федерации,101.11
2023-12-01,2023,12,декабрь,food,Индексы потребительских цен на продовольственные товары по Российской Федерации,101.49
2023-12-01,2023,12,декабрь,non_food,Индексы потребительских цен на непродовольственные товары по Российской Федерации,100.42
2023-12-01,2023,12,декабрь,services,Индексы потребительских цен на услуги по Российской Федерации,100.1
2023-12-01,2023,12,декабрь,total,Индексы потребительских цен на товары и услуги по Российской Федерации,100.73
2024-01-01,2024,1,январь,food,Индексы потребительских цен на продовольственные товары по Российской Федерации,101.26
2024-01-01,2024,1,январь,non_food,Индексы потребительских цен на непродовольственные товары по Российской Федерации,100.47
2024-01-01,2024,1,январь,services,Индексы потребительских цен на услуги по Российской Федерации,100.78
2024-01-01,2024,1,январь,total,Индексы потребительских цен на товары и услуги по Российской Федерации,100.86
2024-02-01,2024,2,февраль,food,Индексы потребительских цен на продовольственные товары по Российской Федерации,100.77
2024-02-01,2024,2,февраль,non_food,Индексы потребительских цен на непродовольственные товары по Российской Федерации,100.26
2024-02-01,2024,2,февраль,services,Индексы потребительских цен на услуги по Российской Федерации,101.06
2024-02-01,2024,2,февраль,total,Индексы потребительских цен на товары и услуги по Российской Федерации,100.68
2024-03-01,2024,3,март,food,Индексы потребительских цен на продовольственные товары по Российской Федерации,100.17
2024-03-01,2024,3,март,non_food,Индексы потребительских цен на непродовольственные товары по Российской Федерации,100.27
2024-03-01,2024,3,март,services,Индексы потребительских цен на услуги по Российской Федерации,100.83
2024-03-01,2024,3,март,total,Индексы потребительских цен на товары и услуги по Российской Федерации,100.39
2024-04-01,2024,4,апрель,food,Индексы потребительских цен на продовольственные товары по Российской Федерации,100.49
2024-04-01,2024,4,апрель,non_food,Индексы потребительских цен на непродовольственные товары по Российской Федерации,100.41
2024-04-01,2024,4,апрель,services,Индексы потребительских цен на услуги по Российской Федерации,100.62
2024-04-01,2024,4,апрель,total,Индексы потребительских цен на товары и услуги по Российской Федерации,100.5
2024-05-01,2024,5,май,food,Индексы потребительских цен на продовольственные товары по Российской Федерации,100.41
2024-05-01,2024,5,май,non_food,Индексы потребительских цен на непродовольственные товары по Российской Федерации,100.46
2024-05-01,2024,5,май,services,Индексы потребительских цен на услуги по Российской Федерации,101.53
2024-05-01,2024,5,май,total,Индексы потребительских цен на товары и услуги по Российской Федерации,100.74
2024-06-01,2024,6,июнь,food,Индексы потребительских цен на продовольственные товары по Российской Федерации,100.63
2024-06-01,2024,6,июнь,non_food,Индексы потребительских цен на непродовольственные товары по Российской Федерации,100.29
2024-06-01,2024,6,июнь,services,Индексы потребительских цен на услуги по Российской Федерации,101.06
2024-06-01,2024,6,июнь,total,Индексы потребительских цен на товары и услуги по Российской Федерации,100.64
2024-07-01,2024,7,июль,food,Индексы потребительских цен на продовольственные товары по Российской Федерации,100.36
2024-07-01,2024,7,июль,non_food,Индексы потребительских цен на непродовольственные товары по Российской Федерации,100.58
2024-07-01,2024,7,июль,services,Индексы потребительских цен на услуги по Российской Федерации,102.86
2024-07-01,2024,7,июль,total,Индексы потребительских цен на товары и услуги по Российской Федерации,101.14
2024-08-01,2024,8,август,food,Индексы потребительских цен на продовольственные товары по Российской Федерации,99.99
2024-08-01,2024,8,август,non_food,Индексы потребительских цен на непродовольственные товары по Российской Федерации,100.6
2024-08-01,2024,8,август,services,Индексы потребительских цен на услуги по Российской Федерации,100.01
2024-08-01,2024,8,август,total,Индексы потребительских цен на товары и услуги по Российской Федерации,100.2
2024-09-01,2024,9,сентябрь,food,Индексы потребительских цен на продовольственные товары по Российской Федерации,100.34
2024-09-01,2024,9,сентябрь,non_food,Индексы потребительских цен на непродовольственные товары по Российской Федерации,100.62
2024-09-01,2024,9,сентябрь,services,Индексы потребительских цен на услуги по Российской Федерации,100.51
2024-09-01,2024,9,сентябрь,total,Индексы потребительских цен на товары и услуги по Российской Федерации,100.48
2024-10-01,2024,10,октябрь,food,Индексы потребительских цен на продовольственные товары по Российской Федерации,101.23
2024-10-01,2024,10,октябрь,non_food,Индексы потребительских цен на непродовольственные товары по Российской Федерации,100.68
2024-10-01,2024,10,октябрь,services,Индексы потребительских цен на услуги по Российской Федерации,100.21
2024-10-01,2024,10,октябрь,total,Индексы потребительских цен на товары и услуги по Российской Федерации,100.75
2024-11-01,2024,11,ноябрь,food,Индексы потребительских цен на продовольственные товары по Российской Федерации,102.33
2024-11-01,2024,11,ноябрь,non_food,Индексы потребительских цен на непродовольственные товары по Российской Федерации,100.51
2024-11-01,2024,11,ноябрь,services,Индексы потребительских цен на услуги по Российской Федерации,101.31
2024-11-01,2024,11,ноябрь,total,Индексы потребительских цен на товары и услуги по Российской Федерации,101.43
2024-12-01,2024,12,декабрь,food,Индексы потребительских цен на продовольственные товары по Российской Федерации,102.6
2024-12-01,2024,12,декабрь,non_food,Индексы потребительских цен на непродовольственные товары по Российской Федерации,100.81
2024-12-01,2024,12,декабрь,services,Индексы потребительских цен на услуги по Российской Федерации,100.2
2024-12-01,2024,12,декабрь,total,Индексы потребительских цен на товары и услуги по Российской Федерации,101.32
2025-01-01,2025,1,январь,food,Индексы потребительских цен на продовольственные товары по Российской Федерации,101.33
2025-01-01,2025,1,январь,non_food,Индексы потребительских цен на непродовольственные товары по Российской Федерации,100.42
2025-01-01,2025,1,январь,services,Индексы потребительских цен на услуги по Российской Федерации,102.07
2025-01-01,2025,1,январь,total,Индексы потребительских цен на товары и услуги по Российской Федерации,101.23
2025-02-01,2025,2,февраль,food,Индексы потребительских цен на продовольственные товары по Российской Федерации,101.27
2025-02-01,2025,2,февраль,non_food,Индексы потребительских цен на непродовольственные товары по Российской Федерации,100.26
2025-02-01,2025,2,февраль,services,Индексы потребительских цен на услуги по Российской Федерации,100.81
2025-02-01,2025,2,февраль,total,Индексы потребительских цен на товары и услуги по Российской Федерации,100.81
2025-03-01,2025,3,март,food,Индексы потребительских цен на продовольственные товары по Российской Федерации,100.83
2025-03-01,2025,3,март,non_food,Индексы потребительских цен на непродовольственные товары по Российской Федерации,100.14
2025-03-01,2025,3,март,services,Индексы потребительских цен на услуги по Российской Федерации,101.01
2025-03-01,2025,3,март,total,Индексы потребительских цен на товары и услуги по Российской Федерации,100.65
2025-04-01,2025,4,апрель,food,Индексы потребительских цен на продовольственные товары по Российской Федерации,100.71
2025-04-01,2025,4,апрель,non_food,Индексы потребительских цен на непродовольственные товары по Российской Федерации,99.93
2025-04-01,2025,4,апрель,services,Индексы потребительских цен на услуги по Российской Федерации,100.53
2025-04-01,2025,4,апрель,total,Индексы потребительских цен на товары и услуги по Российской Федерации,100.4
2025-05-01,2025,5,май,food,Индексы потребительских цен на продовольственные товары по Российской Федерации,100.26
2025-05-01,2025,5,май,non_food,Индексы потребительских цен на непродовольственные товары по Российской Федерации,99.87
2025-05-01,2025,5,май,services,Индексы потребительских цен на услуги по Российской Федерации,101.34
2025-05-01,2025,5,май,total,Индексы потребительских цен на товары и услуги по Российской Федерации,100.43
2025-06-01,2025,6,июнь,food,Индексы потребительских цен на продовольственные товары по Российской Федерации,100.11
2025-06-01,2025,6,июнь,non_food,Индексы потребительских цен на непродовольственные товары по Российской Федерации,99.97
2025-06-01,2025,6,июнь,services,Индексы потребительских цен на услуги по Российской Федерации,100.59
2025-06-01,2025,6,июнь,total,Индексы потребительских цен на товары и услуги по Российской Федерации,100.2
2025-07-01,2025,7,июль,food,Индексы потребительских цен на продовольственные товары по Российской Федерации,99.36
2025-07-01,2025,7,июль,non_food,Индексы потребительских цен на непродовольственные товары по Российской Федерации,100.19
2025-07-01,2025,7,июль,services,Индексы потребительских цен на услуги по Российской Федерации,102.69
2025-07-01,2025,7,июль,total,Индексы потребительских цен на товары и услуги по Российской Федерации,100.57
2025-08-01,2025,8,август,food,Индексы потребительских цен на продовольственные товары по Российской Федерации,99.09
2025-08-01,2025,8,август,non_food,Индексы потребительских цен на непродовольственные товары по Российской Федерации,100.42
2025-08-01,2025,8,август,services,Индексы потребительских цен на услуги по Российской Федерации,99.38
2025-08-01,2025,8,август,total,Индексы потребительских цен на товары и услуги по Российской Федерации,99.6
2025-09-01,2025,9,сентябрь,food,Индексы потребительских цен на продовольственные товары по Российской Федерации,100.03
2025-09-01,2025,9,сентябрь,non_food,Индексы потребительских цен на непродовольственные товары по Российской Федерации,100.59
2025-09-01,2025,9,сентябрь,services,Индексы потребительских цен на услуги по Российской Федерации,100.47
2025-09-01,2025,9,сентябрь,total,Индексы потребительских цен на товары и услуги по Российской Федерации,100.34
2025-10-01,2025,10,октябрь,food,Индексы потребительских цен на продовольственные товары по Российской Федерации,101.05
2025-10-01,2025,10,октябрь,non_food,Индексы потребительских цен на непродовольственные товары по Российской Федерации,100.67
2025-10-01,2025,10,октябрь,services,Индексы потребительских цен на услуги по Российской Федерации,99.58
2025-10-01,2025,10,октябрь,total,Индексы потребительских цен на товары и услуги по Российской Федерации,100.5
2025-11-01,2025,11,ноябрь,food,Индексы потребительских цен на продовольственные товары по Российской Федерации,100.69
2025-11-01,2025,11,ноябрь,non_food,Индексы потребительских цен на непродовольственные товары по Российской Федерации,100.16
2025-11-01,2025,11,ноябрь,services,Индексы потребительских цен на услуги по Российской Федерации,100.36
2025-11-01,2025,11,ноябрь,total,Индексы потребительских цен на товары и услуги по Российской Федерации,100.42
2025-12-01,2025,12,декабрь,food,Индексы потребительских цен на продовольственные товары по Российской Федерации,100.43
2025-12-01,2025,12,декабрь,non_food,Индексы потребительских цен на непродовольственные товары по Российской Федерации,100.34
2025-12-01,2025,12,декабрь,services,Индексы потребительских цен на услуги по Российской Федерации,100.15
2025-12-01,2025,12,декабрь,total,Индексы потребительских цен на товары и услуги по Российской Федерации,100.32
2026-01-01,2026,1,январь,food,Индексы потребительских цен на продовольственные товары по Российской Федерации,101.95
2026-01-01,2026,1,январь,non_food,Индексы потребительских цен на непродовольственные товары по Российской Федерации,100.61
2026-01-01,2026,1,январь,services,Индексы потребительских цен на услуги по Российской Федерации,102.33
2026-01-01,2026,1,январь,total,Индексы потребительских цен на товары и услуги по Российской Федерации,101.62
2026-02-01,2026,2,февраль,food,Индексы потребительских цен на продовольственные товары по Российской Федерации,100.84
2026-02-01,2026,2,февраль,non_food,Индексы потребительских цен на непродовольственные товары по Российской Федерации,100.28
2026-02-01,2026,2,февраль,services,Индексы потребительских цен на услуги по Российской Федерации,101.1
2026-02-01,2026,2,февраль,total,Индексы потребительских цен на товары и услуги по Российской Федерации,100.73
2026-03-01,2026,3,март,food,Индексы потребительских цен на продовольственные товары по Российской Федерации,100.38
2026-03-01,2026,3,март,non_food,Индексы потребительских цен на непродовольственные товары по Российской Федерации,100.47
2026-03-01,2026,3,март,services,Индексы потребительских цен на услуги по Российской Федерации,101.07
2026-03-01,2026,3,март,total,Индексы потребительских цен на товары и услуги по Российской Федерации,100.6
